source_file,timestamp
mlp.json,2025-11-22T10:21:58.753211
swenable_memoryintensive_w6_3.json,2025-12-26T09:07:52.549501
swenable_cpuintensive_w14_1.json,2025-12-28T21:01:34.467023
SWdisable_memoryintensive4.json,2025-12-11T09:08:05.893799
swenable_memoryintensive_w14_2.json,2025-12-28T19:57:07.757768
dvfs_log_memoryintensive.json,2025-08-05T16:51:19.672039
swenable_cpuintensive_w14_3.json,2025-12-28T15:40:09.531780
SWdisable_memoryintensive4.json,2025-12-11T09:10:37.229387
swenable_memoryintensive_w12_3.json,2025-12-28T15:19:22.674292
mlpenable_cpuintensive2.json,2026-02-16T22:54:30.624941
mlp.json,2025-11-22T10:02:51.949938
swenable_memoryintensive_w14_2.json,2025-12-28T20:01:17.032725
swenable_mixed_w4_1.json,2026-01-03T07:55:02.313152
mlpenable_mixed1.json,2026-02-16T23:13:47.491036
SWdisable_memoryintensive2.json,2025-11-25T07:54:44.802430
swenable_memoryintensive_w6_1.json,2025-12-26T07:33:36.987343
baseline_log_memoryintensive2.json,2025-08-05T19:26:01.236522
SW-enable_cpuintensive3.json,2025-12-10T23:08:43.188321
mlpenable_cpuintensive3.json,2026-02-17T00:02:24.145806
dvfs_log_cpuintensive2.json,2025-08-05T20:26:28.325729
swenable_memoryintensive_w12_3.json,2025-12-28T15:22:31.700909
mlpdisable_memoryintensive.json,2025-11-22T23:10:22.567544
dvfs_log_memoryintensive.json,2025-08-05T16:49:31.456434
swenable_cpuintensive_w6_3.json,2025-12-26T08:56:00.852565
swenable_mixed_w8_2.json,2026-01-03T10:43:32.543125
baseline_log_memoryintensive.json,2025-08-05T17:13:09.625979
swenable_mixed_w4_2.json,2026-01-03T08:33:01.691770
SWdisable_memoryintensive3.json,2025-12-11T06:04:00.008559
SWdisable_cpuintensive4.json,2025-12-11T07:12:29.220020
swenable_memoryintensive_w4_1.json,2025-12-25T08:24:24.208339
mlp.json,2025-11-22T09:53:13.187889
baseline_log_memoryintensive.json,2025-08-05T17:10:54.518787
swenable_memoryintensive6.json,2025-12-11T15:31:44.311606
swenable_memoryintensive_w14_2.json,2025-12-28T20:00:00.989699
swenable_memoryintensive8.json,2025-12-11T21:41:43.949091
mlp.json,2025-11-22T10:23:17.168024
mlpdisable_memoryintensive.json,2025-11-22T23:12:56.586297
swenable_mixed_w4_1.json,2026-01-03T07:54:48.019770
swenable_cpuintensive_w12_2.json,2025-12-28T14:22:40.831514
mlpdisable_cpuintensive.json,2025-11-22T15:30:16.394862
dvfs_log_memoryintensive2.json,2025-08-05T19:34:44.830817
dvfs_log_cpuintensive3.json,2025-08-08T08:18:28.669893
swenable_cpuintensive_w10_3.json,2025-12-28T07:14:06.873583
swenable_cpuintensive_w12_1.json,2025-12-28T13:25:41.338582
swenable_memoryintensive_w10_2.json,2025-12-28T08:27:50.359982
baseline_log_memoryintensive.json,2025-08-05T17:12:15.016611
baseline_log_cpuintensive.json,2025-07-31T23:00:15.212745
swenable_memoryintensive_w4_2.json,2025-12-25T08:39:45.160837
swenable_mixed_w14_2.json,2026-01-03T21:01:48.558786
SW-disable_cpuintensive3.json,2025-12-10T23:17:40.764376
swenable_cpuintensive_w4_1.json,2025-12-24T06:58:42.816219
baseline_log_cpuintensive2.json,2025-08-05T20:16:54.380621
swenable_memoryintensive5.json,2025-12-11T12:51:26.211868
mlpenable_cpuintensive.json,2025-11-22T15:08:04.960484
swenable_mixed_w10_1.json,2026-01-03T18:22:48.646796
mlp.json,2025-11-22T10:02:14.903837
baseline_log_memoryintensive2.json,2025-08-05T19:23:51.836342
swenable_memoryintensive_w10_2.json,2025-12-28T08:30:33.132225
mlpenable_cpuintensive2.json,2026-02-16T22:56:03.832506
mlpdisable_cpuintensive2.json,2026-02-16T23:21:24.216619
baseline_log_memoryintensive.json,2025-08-05T17:12:11.809922
mlp.json,2025-11-22T09:49:07.383954
mlpenable_cpuintensive3.json,2026-02-17T00:03:56.752442
mlpdisable_memoryintensive.json,2025-11-22T23:10:55.110363
swenable_mixed_w10_2.json,2026-01-03T19:00:33.024930
SWenable_cpuintensive8.json,2025-12-11T21:32:26.905686
dvfs_log_cpuintensive2.json,2025-08-05T20:24:35.542671
SWdisable_memoryintensive4.json,2025-12-11T09:05:55.029318
baseline_log_memoryintensive3.json,2025-08-08T08:40:42.279528
swenable_memoryintensive_w4_3.json,2025-12-25T09:07:05.508627
swenable_memoryintensive_w6_3.json,2025-12-26T09:06:54.799781
mlp.json,2025-11-22T09:45:52.491256
swenable_cpuintensive_w14_3.json,2025-12-28T15:38:49.868231
SWenable_cpuintensive8.json,2025-12-11T21:28:24.139132
swenable_mixed_w8_1.json,2026-01-06T21:12:18.259169
SWdisable_cpuintensive7.json,2025-12-11T17:36:56.261955
swenable_memoryintensive_w6_3.json,2025-12-26T09:07:19.134065
swenable_cpuintensive_w10_1.json,2025-12-28T08:39:20.481203
mlpenable_cpuintensive2.json,2026-02-16T22:57:00.615053
mlp.json,2025-11-22T10:17:59.183421
mlpenable_mixed2.json,2026-02-17T00:16:15.272190
baseline_log_cpuintensive3.json,2025-08-08T08:26:02.749132
mlpenable_mixed2.json,2026-02-17T00:16:43.029141
swenable_cpuintensive_w14_2.json,2025-12-28T19:52:43.664863
dvfs_log_cpuintensive3.json,2025-08-08T08:20:50.182588
mlp.json,2025-11-22T10:17:08.693435
swenable_cpuintensive_w12_1.json,2025-12-28T13:24:05.876564
mlpenable_memoryintensive.json,2025-11-22T23:38:26.607850
swenable_memoryintensive7.json,2025-12-11T20:48:13.904208
swenable_memoryintensive_w12_3.json,2025-12-28T15:20:56.557427
swenable_cpuintensive_w14_1.json,2025-12-28T20:59:43.879771
mlpdisable_mixed1.json,2026-02-16T23:36:01.568025
mlp.json,2025-11-22T09:53:31.709847
swenable_mixed_w4_2.json,2026-01-03T08:32:22.964463
dvfs_log_memoryintensive.json,2025-08-05T16:51:02.927034
dvfs_log_memoryintensive.json,2025-08-05T16:50:46.004108
swenable_cpuintensive_w6_3.json,2025-12-26T08:56:06.996346
baseline_log_memoryintensive2.json,2025-08-05T19:24:37.286198
swenable_memoryintensive_w14_1.json,2025-12-28T21:09:16.033567
mlpenable_cpuintensive2.json,2026-02-16T22:57:05.321196
mlpenable_memoryintensive.json,2025-11-22T23:38:49.945570
swenable_cpuintensive7.json,2025-12-11T17:41:03.799644
swenable_mixed_w10_2.json,2026-01-03T18:59:27.841444
swenable_memoryintensive_w14_3.json,2025-12-28T15:48:05.956630
swenable_memoryintensive_w6_1.json,2025-12-26T07:32:13.644447
SWenable_memoryintensive2.json,2025-11-25T08:02:39.859096
SWdisable_memoryintensive3.json,2025-12-11T06:04:14.824015
swenable_cpuintensive7.json,2025-12-11T17:40:59.129709
mlpenable_cpuintensive.json,2025-11-22T15:06:55.750140
SW-disable_cpuintensive3.json,2025-12-10T23:18:48.387391
baseline_log_memoryintensive.json,2025-08-05T17:14:04.424423
mlpdisable_cpuintensive3.json,2026-02-16T23:42:08.159440
swenable_mixed_w10_1.json,2026-01-03T18:21:22.146040
mlpenable_cpuintensive.json,2025-11-22T15:10:52.833873
swenable_memoryintensive_w14_3.json,2025-12-28T15:50:14.279524
SWdisable_cpuintensive7.json,2025-12-11T17:34:17.147327
SWdisable_memoryintensive3.json,2025-12-11T06:03:40.845852
swenable_memoryintensive_w10_2.json,2025-12-28T08:31:33.326756
mlpdisable_cpuintensive.json,2025-11-22T15:27:44.277894
swenable_cpuintensive_w10_1.json,2025-12-28T08:41:27.740079
mlpenable_cpuintensive2.json,2026-02-16T22:58:00.940831
mlpdisable_memoryintensive3.json,2026-02-16T23:49:47.994769
SWdisable_memoryintensive7.json,2025-12-11T20:57:37.726373
dvfs_log_memoryintensive2.json,2025-08-05T19:34:18.863297
baseline_log_cpuintensive3.json,2025-08-08T08:27:19.829658
SWenable_cpuintensive8.json,2025-12-11T21:31:30.770605
swenable_cpuintensive_w4_1.json,2025-12-24T06:57:32.511964
swenable_memoryintensive_w12_3.json,2025-12-28T15:20:44.934322
dvfs_log_memoryintensive3.json,2025-08-08T08:47:16.195727
swenable_memoryintensive_w10_3.json,2025-12-28T07:24:47.663872
swenable_memoryintensive_w6_1.json,2025-12-26T07:32:02.918300
SWdisable_cpuintensive7.json,2025-12-11T17:35:37.909971
mlp.json,2025-11-22T09:40:57.166969
SW-disable_cpuintensive3.json,2025-12-10T23:18:09.276776
swenable_cpuintensive_w12_3.json,2025-12-28T15:12:45.886854
swenable_memoryintensive_w10_3.json,2025-12-28T07:29:11.987545
dvfs_log_cpuIntensive.json,2025-07-31T23:53:55.118570
mlp.json,2025-11-22T09:39:42.614607
swenable_cpuintensive_w10_2.json,2025-12-28T08:24:49.012063
mlpdisable_mixed2.json,2026-02-16T23:56:04.521109
SWdisable_memoryintensive7.json,2025-12-11T20:55:30.870547
mlp.json,2025-11-22T10:15:35.453650
dvfs_log_cpuIntensive.json,2025-07-31T23:55:59.051614
swenable_mixed_w8_1.json,2026-01-06T21:11:58.671494
SWdisable_cpuintensive8.json,2025-12-11T21:13:58.334630
SWdisable_cpuintensive.json,2025-11-25T02:51:13.249907
mlpenable_cpuintensive.json,2025-11-22T15:06:37.272685
swenable_memoryintensive5.json,2025-12-11T12:52:27.878044
mlpdisable_cpuintensive2.json,2026-02-16T23:25:17.701509
swenable_cpuintensive_w6_2.json,2025-12-26T07:46:03.588564
swenable_memoryintensive5.json,2025-12-11T12:51:21.267476
swenable_mixed_w14_2.json,2026-01-03T21:02:07.164196
swenable_cpuintensive_w14_3.json,2025-12-28T15:43:28.565073
swenable_memoryintensive_w10_1.json,2025-12-28T08:47:41.696505
mlenable_memoryintensive2.json,2026-02-16T23:11:11.616430
baseline_log_cpuintensive.json,2025-07-31T23:02:36.869279
swenable_memoryintensive_w6_3.json,2025-12-26T09:05:31.127608
swenable_cpuintensive_w4_2.json,2025-12-24T07:25:30.594947
swenable_memoryintensive_w4_3.json,2025-12-25T09:06:56.014882
swenable_memoryintensive_w4_2.json,2025-12-25T08:38:25.809780
mlp.json,2025-11-22T10:21:03.506671
mlpenable_mixed2.json,2026-02-17T00:17:38.548156
dvfs_log_memoryintensive.json,2025-08-05T16:49:14.368538
SWdisable_memoryintensive7.json,2025-12-11T20:56:39.587841
baseline_log_memoryintensive3.json,2025-08-08T08:39:48.451661
swenable_cpuintensive7.json,2025-12-11T17:43:36.443673
mlpdisable_mixed2.json,2026-02-16T23:57:35.570055
swenable_memoryintensive_w14_2.json,2025-12-28T20:01:06.651137
swenable_cpuintensive_w14_1.json,2025-12-28T21:02:14.518147
swenable_mixed_w4_1.json,2026-01-03T07:56:45.405458
mlp.json,2025-11-22T09:41:24.797565
SWdisable_cpuintensive7.json,2025-12-11T17:34:59.357044
swenable_mixed_w4_1.json,2026-01-03T07:55:56.708913
swenable_memoryintensive_w14_1.json,2025-12-28T21:07:32.831283
swenable_memoryintensive_w10_3.json,2025-12-28T07:28:39.409567
swenable_cpuintensive_w10_3.json,2025-12-28T07:13:57.678877
mlp.json,2025-11-22T10:06:25.845678
SWenable_memoryintensive4.json,2025-12-11T08:56:44.377081
swenable_memoryintensive_w14_2.json,2025-12-28T20:01:57.321646
baseline_log_memoryintensive2.json,2025-08-05T19:27:09.436848
mlp.json,2025-11-22T10:16:31.523295
SWenable_cpuintensive4.json,2025-12-11T07:02:58.118531
SWenable_cpuintensive.json,2025-11-25T02:57:31.569579
mlpdisable_mixed1.json,2026-02-16T23:34:35.630472
swenable_mixed_w8_2.json,2026-01-03T10:41:50.601162
SWdisable_memoryintensive3.json,2025-12-11T06:03:55.188512
swenable_mixed_w14_1.json,2026-01-03T20:41:47.889139
swenable_cpuintensive_w4_2.json,2025-12-24T07:22:56.706214
mlpenable_cpuintensive.json,2025-11-22T15:07:37.150373
SW-enable_cpuintensive3.json,2025-12-10T23:07:18.752710
swenable_memoryintensive_w6_1.json,2025-12-26T07:31:41.838700
swenable_memoryintensive_w6_2.json,2025-12-26T07:57:57.901952
swenable_memoryintensive_w10_3.json,2025-12-28T07:28:48.695637
swenable_cpuintensive_w10_3.json,2025-12-28T07:14:58.153361
SWdisable_memoryintensive.json,2025-11-25T02:24:58.929140
mlp.json,2025-11-22T10:02:42.643573
dvfs_log_cpuintensive2.json,2025-08-05T20:23:11.847723
swenable_cpuintensive_w14_2.json,2025-12-28T19:51:34.692864
mlpdisable_cpuintensive2.json,2026-02-16T23:26:00.861896
baseline_log_memoryintensive3.json,2025-08-08T08:43:57.761728
SWenable_memoryintensive4.json,2025-12-11T09:00:43.101032
mlpdisable_cpuintensive2.json,2026-02-16T23:22:02.428694
swenable_memoryintensive_w12_3.json,2025-12-28T15:20:34.295297
mlp.json,2025-11-22T09:51:26.723837
SWdisable_memoryintensive8.json,2025-12-11T21:49:30.407624
mlp.json,2025-11-22T09:56:10.543569
mlpdisable_mixed2.json,2026-02-16T23:56:18.679694
dvfs_log_memoryintensive.json,2025-08-05T16:51:09.626251
mlpenable_cpuintensive3.json,2026-02-17T00:05:57.907629
SWdisable_memoryintensive4.json,2025-12-11T09:07:31.703581
swenable_cpuintensive_w4_2.json,2025-12-24T07:24:48.993897
mlpdisable_cpuintensive2.json,2026-02-16T23:22:30.704748
mlp.json,2025-11-22T09:58:19.436061
dvfs_log_memoryintensive3.json,2025-08-08T08:47:56.594768
SWdisable_cpuintensive7.json,2025-12-11T17:34:31.102509
swenable_cpuintensive_w6_3.json,2025-12-26T08:59:38.120227
mlpdisable_memoryintensive.json,2025-11-22T23:09:40.651042
swenable_mixed_w10_1.json,2026-01-03T18:21:45.832718
swenable_cpuintensive_w4_1.json,2025-12-24T06:58:07.380527
mlp.json,2025-11-22T09:50:03.034127
swenable_memoryintensive_w14_1.json,2025-12-28T21:09:06.043888
mlpdisable_cpuintensive.json,2025-11-22T15:28:20.423649
swenable_mixed_w14_2.json,2026-01-03T21:04:55.707638
swenable_memoryintensive_w4_1.json,2025-12-25T08:26:59.049121
baseline_log_memoryintensive3.json,2025-08-08T08:40:48.973657
swenable_memoryintensive_w14_1.json,2025-12-28T21:09:00.146412
mlpenable_cpuintensive.json,2025-11-22T15:08:42.256279
swenable_memoryintensive_w4_2.json,2025-12-25T08:39:24.820130
swenable_mixed_w12_1.json,2026-01-03T20:19:25.351231
mlp.json,2025-11-22T10:07:44.775726
swenable_mixed_w12_1.json,2026-01-03T20:17:40.173994
dvfs_log_memoryintensive3.json,2025-08-08T08:51:09.396781
swenable_memoryintensive8.json,2025-12-11T21:42:51.509085
swenable_mixed_w12_1.json,2026-01-03T20:20:05.840777
SW-disable_cpuintensive3.json,2025-12-10T23:21:15.129711
swenable_cpuintensive_w10_1.json,2025-12-28T08:40:08.597288
baseline_log_memoryintensive3.json,2025-08-08T08:41:15.844079
swenable_memoryintensive_w10_1.json,2025-12-28T08:47:22.548841
dvfs_log_memoryintensive3.json,2025-08-08T08:47:09.382312
mlpenable_mixed1.json,2026-02-16T23:16:36.214251
swenable_memoryintensive_w14_2.json,2025-12-28T19:58:56.297148
mlp.json,2025-11-22T09:41:52.579431
swenable_memoryintensive_w10_3.json,2025-12-28T07:28:44.047745
mlpenable_cpuintensive.json,2025-11-22T15:10:25.074762
mlp.json,2025-11-22T10:07:12.090272
baseline_log_cpuintensive.json,2025-07-31T22:58:22.761977
swenable_cpuintensive_w6_3.json,2025-12-26T08:58:17.461450
mlpenable_mixed2.json,2026-02-17T00:18:44.929483
baseline_log_memoryintensive3.json,2025-08-08T08:39:38.372223
swenable_cpuintensive6.json,2025-12-11T15:08:55.259428
baseline_log_cpuintensive.json,2025-07-31T22:59:17.294260
swenable_cpuintensive_w4_3.json,2025-12-24T07:58:32.461879
mlpdisable_memoryintensive2.json,2026-02-16T23:31:52.652152
dvfs_log_cpuintensive2.json,2025-08-05T20:24:32.332015
dvfs_log_cpuIntensive.json,2025-07-31T23:54:45.085638
mlpenable_cpuintensive3.json,2026-02-17T00:04:16.075722
swenable_cpuintensive_w10_1.json,2025-12-28T08:38:35.394412
mlenable_memoryintensive2.json,2026-02-16T23:10:09.897887
mlpenable_cpuintensive3.json,2026-02-17T00:04:11.304754
SWdisable_memoryintensive4.json,2025-12-11T09:08:45.101378
mlpdisable_cpuintensive2.json,2026-02-16T23:23:46.691652
baseline_log_memoryintensive2.json,2025-08-05T19:24:11.241719
swenable_cpuintensive6.json,2025-12-11T15:09:25.194773
SW-enable_cpuintensive3.json,2025-12-10T23:07:59.128066
swenable_memoryintensive_w12_1.json,2025-12-28T13:34:52.770808
SWdisable_memoryintensive4.json,2025-12-11T09:07:07.577293
swenable_cpuintensive6.json,2025-12-11T15:10:12.066769
swenable_mixed_w6_2.json,2026-01-06T21:27:30.544094
SWdisable_cpuintensive.json,2025-11-25T02:53:10.360833
swenable_cpuintensive6.json,2025-12-11T15:09:42.788841
baseline_log_memoryintensive.json,2025-08-05T17:13:19.345563
mlpenable_cpuintensive2.json,2026-02-16T22:54:35.634823
dvfs_log_cpuintensive3.json,2025-08-08T08:17:27.541112
mlpenable_cpuintensive.json,2025-11-22T15:09:10.043485
SWdisable_cpuintensive4.json,2025-12-11T07:10:56.745489
swenable_memoryintensive_w12_2.json,2025-12-28T14:34:30.532889
swenable_memoryintensive8.json,2025-12-11T21:42:09.904093
mlp.json,2025-11-22T10:25:12.713226
dvfs_log_cpuintensive2.json,2025-08-05T20:27:03.999088
SWdisable_memoryintensive8.json,2025-12-11T21:50:38.078857
swenable_mixed_w14_1.json,2026-01-03T20:39:38.679291
mlp.json,2025-11-22T09:39:56.517440
swenable_cpuintensive_w14_1.json,2025-12-28T21:01:59.546290
baseline_log_cpuintensive.json,2025-07-31T22:59:01.221489
swenable_cpuintensive_w6_2.json,2025-12-26T07:48:43.397007
swenable_memoryintensive_w4_3.json,2025-12-25T09:06:17.641636
dvfs_log_memoryintensive.json,2025-08-05T16:52:34.074633
dvfs_log_cpuIntensive.json,2025-07-31T23:55:35.309158
SWenable_memoryintensive2.json,2025-11-25T07:59:59.394231
baseline_log_memoryintensive2.json,2025-08-05T19:24:40.504563
swenable_cpuintensive_w14_1.json,2025-12-28T21:03:10.168308
baseline_log_memoryintensive.json,2025-08-05T17:13:00.006118
mlpdisable_memoryintensive2.json,2026-02-16T23:28:29.528409
swenable_cpuintensive7.json,2025-12-11T17:41:27.609743
swenable_memoryintensive7.json,2025-12-11T20:51:56.015788
dvfs_log_memoryintensive.json,2025-08-05T16:51:16.362526
swenable_cpuintensive6.json,2025-12-11T15:07:33.946775
baseline_log_memoryintensive.json,2025-08-05T17:13:54.715142
baseline_log_cpuintensive3.json,2025-08-08T08:26:09.715833
mlp.json,2025-11-22T09:48:11.624017
mlp.json,2025-11-22T09:38:42.044097
swenable_memoryintensive_w14_3.json,2025-12-28T15:50:32.803524
swenable_mixed_w14_1.json,2026-01-03T20:38:49.076207
mlp.json,2025-11-22T09:59:14.636558
SWdisable_memoryintensive3.json,2025-12-11T06:01:15.423151
baseline_log_memoryintensive3.json,2025-08-08T08:43:47.579379
swenable_memoryintensive6.json,2025-12-11T15:31:25.171856
SWdisable_cpuintensive4.json,2025-12-11T07:11:45.075251
mlp.json,2025-11-22T09:51:35.814176
swenable_cpuintensive_w4_1.json,2025-12-24T06:58:48.146648
SWdisable_memoryintensive2.json,2025-11-25T07:53:46.438301
swenable_cpuintensive5.json,2025-12-11T11:38:16.352763
SWenable_cpuintensive8.json,2025-12-11T21:28:19.292606
swenable_mixed_w14_2.json,2026-01-03T21:01:02.054634
swenable_mixed_w4_1.json,2026-01-03T07:57:57.302140
mlpenable_cpuintensive.json,2025-11-22T15:07:18.593650
mlpdisable_memoryintensive3.json,2026-02-16T23:48:30.183766
mlenable_memoryintensive2.json,2026-02-16T23:10:00.201831
swenable_memoryintensive_w10_1.json,2025-12-28T08:48:41.111063
baseline_log_memoryintensive2.json,2025-08-05T19:24:53.507071
baseline_log_cpuintensive2.json,2025-08-05T20:16:38.326501
mlpdisable_memoryintensive2.json,2026-02-16T23:28:05.682492
mlpenable_cpuintensive.json,2025-11-22T15:08:14.180257
swenable_memoryintensive_w10_1.json,2025-12-28T08:48:25.833085
swenable_cpuintensive_w4_1.json,2025-12-24T06:56:26.420751
swenable_cpuintensive_w4_2.json,2025-12-24T07:24:18.622049
mlp.json,2025-11-22T09:59:37.760918
swenable_memoryintensive_w12_2.json,2025-12-28T14:32:06.340123
mlpenable_cpuintensive2.json,2026-02-16T22:54:53.864292
mlpdisable_cpuintensive2.json,2026-02-16T23:21:29.069944
swenable_memoryintensive_w10_3.json,2025-12-28T07:28:17.537872
mlpenable_cpuintensive2.json,2026-02-16T22:55:30.403087
baseline_log_memoryintensive.json,2025-08-05T17:09:56.668248
swenable_memoryintensive_w6_1.json,2025-12-26T07:32:19.006863
mlpdisable_cpuintensive.json,2025-11-22T15:29:30.059544
dvfs_log_cpuIntensive.json,2025-07-31T23:53:45.144791
SWdisable_memoryintensive7.json,2025-12-11T20:56:15.826964
swenable_cpuintensive_w14_2.json,2025-12-28T19:50:54.801752
swenable_memoryintensive_w14_2.json,2025-12-28T19:57:17.705740
baseline_log_cpuintensive.json,2025-07-31T23:01:42.062527
swenable_cpuintensive_w12_3.json,2025-12-28T15:13:44.310643
SWenable_memoryintensive2.json,2025-11-25T08:00:44.047665
swenable_memoryintensive_w6_2.json,2025-12-26T07:57:53.032787
mlpdisable_memoryintensive2.json,2026-02-16T23:27:22.849261
mlp.json,2025-11-22T10:08:40.443408
swenable_cpuintensive_w12_3.json,2025-12-28T15:13:04.558729
swenable_cpuintensive_w14_3.json,2025-12-28T15:38:54.475501
mlpenable_cpuintensive.json,2025-11-22T15:10:48.182537
baseline_log_cpuintensive3.json,2025-08-08T08:28:17.304198
SWdisable_memoryintensive2.json,2025-11-25T07:55:26.067953
mlpdisable_cpuintensive2.json,2026-02-16T23:24:20.239476
baseline_log_memoryintensive3.json,2025-08-08T08:41:22.482704
dvfs_log_cpuintensive3.json,2025-08-08T08:17:30.904483
baseline_log_memoryintensive3.json,2025-08-08T08:41:09.039696
dvfs_log_memoryintensive2.json,2025-08-05T19:34:22.073574
mlpenable_mixed2.json,2026-02-17T00:14:32.586990
mlp.json,2025-11-22T09:41:57.271284
SWenable_cpuintensive4.json,2025-12-11T07:03:20.405021
SW-disable_cpuintensive3.json,2025-12-10T23:19:17.709415
dvfs_log_memoryintensive.json,2025-08-05T16:52:23.859919
dvfs_log_memoryintensive2.json,2025-08-05T19:36:18.369178
mlpdisable_cpuintensive3.json,2026-02-16T23:45:20.970923
SWdisable_cpuintensive8.json,2025-12-11T21:11:42.238801
mlp.json,2025-11-22T09:56:24.375743
SWdisable_memoryintensive7.json,2025-12-11T20:55:46.211033
mlp.json,2025-11-22T10:06:58.303705
swenable_cpuintensive_w4_2.json,2025-12-24T07:21:28.735957
mlp.json,2025-11-22T10:14:11.293604
SWdisable_memoryintensive8.json,2025-12-11T21:50:24.017145
swenable_memoryintensive_w6_3.json,2025-12-26T09:05:00.722855
swenable_memoryintensive_w4_3.json,2025-12-25T09:07:15.022465
mlpenable_memoryintensive3.json,2026-02-17T00:10:56.597789
mlp.json,2025-11-22T09:47:48.524215
mlp.json,2025-11-22T09:42:52.864076
swenable_memoryintensive5.json,2025-12-11T12:49:38.469804
swenable_cpuintensive_w10_3.json,2025-12-28T07:11:24.413878
swenable_cpuintensive_w12_3.json,2025-12-28T15:10:40.211714
swenable_mixed_w12_1.json,2026-01-03T20:17:15.540999
swenable_cpuintensive_w4_1.json,2025-12-24T07:00:34.199381
baseline_log_memoryintensive2.json,2025-08-05T19:23:22.585177
mlpdisable_memoryintensive2.json,2026-02-16T23:28:24.801838
mlp.json,2025-11-22T10:17:04.089164
swenable_mixed_w8_1.json,2026-01-06T21:13:12.492432
swenable_memoryintensive_w12_2.json,2025-12-28T14:31:21.623980
swenable_cpuintensive_w12_2.json,2025-12-28T14:25:42.827812
mlp.json,2025-11-22T09:36:33.696332
mlpdisable_cpuintensive.json,2025-11-22T15:29:48.580216
mlp.json,2025-11-22T09:49:16.607859
dvfs_log_cpuintensive3.json,2025-08-08T08:18:55.393965
swenable_cpuintensive_w6_2.json,2025-12-26T07:46:47.751919
mlpenable_mixed1.json,2026-02-16T23:17:53.577792
SWdisable_memoryintensive7.json,2025-12-11T20:59:34.565222
SWenable_memoryintensive4.json,2025-12-11T09:00:27.334988
swenable_memoryintensive_w10_1.json,2025-12-28T08:47:03.435495
swenable_mixed_w4_1.json,2026-01-03T07:54:33.684091
dvfs_log_cpuintensive2.json,2025-08-05T20:22:30.011411
SWdisable_memoryintensive.json,2025-11-25T02:25:57.448226
mlpdisable_cpuintensive.json,2025-11-22T15:29:39.422135
SWenable_cpuintensive4.json,2025-12-11T07:02:03.754893
mlp.json,2025-11-22T10:08:12.543414
mlpenable_memoryintensive.json,2025-11-22T23:38:45.165751
swenable_mixed_w14_2.json,2026-01-03T21:04:37.275938
swenable_cpuintensive_w12_3.json,2025-12-28T15:10:54.334333
SWdisable_cpuintensive.json,2025-11-25T02:53:15.196639
SWdisable_memoryintensive2.json,2025-11-25T07:51:21.440334
swenable_mixed_w12_2.json,2026-01-03T19:10:49.705132
mlpenable_mixed1.json,2026-02-16T23:17:39.353147
baseline_log_cpuintensive2.json,2025-08-05T20:13:56.525537
mlp.json,2025-11-22T09:36:28.904057
swenable_memoryintensive6.json,2025-12-11T15:32:58.987449
swenable_cpuintensive_w4_2.json,2025-12-24T07:25:25.090140
swenable_cpuintensive_w4_3.json,2025-12-24T07:56:56.943450
dvfs_log_cpuintensive3.json,2025-08-08T08:17:51.835396
baseline_log_memoryintensive3.json,2025-08-08T08:43:13.665408
SWenable_cpuintensive.json,2025-11-25T02:57:42.355792
swenable_cpuintensive_w4_3.json,2025-12-24T08:00:16.776721
swenable_cpuintensive6.json,2025-12-11T15:08:08.072169
mlpenable_mixed1.json,2026-02-16T23:14:01.719879
swenable_memoryintensive_w4_1.json,2025-12-25T08:29:04.622202
swenable_mixed_w4_1.json,2026-01-03T07:57:07.684711
swenable_memoryintensive_w14_3.json,2025-12-28T15:48:00.310259
mlpenable_cpuintensive3.json,2026-02-17T00:05:38.620933
mlp.json,2025-11-22T10:15:54.231316
mlpdisable_mixed2.json,2026-02-16T23:59:02.547046
mlpenable_cpuintensive2.json,2026-02-16T22:53:10.899758
dvfs_log_cpuIntensive.json,2025-07-31T23:55:08.727138
swenable_mixed_w10_1.json,2026-01-03T18:23:31.339077
swenable_mixed_w12_2.json,2026-01-03T19:13:54.110185
mlp.json,2025-11-22T09:38:04.840050
mlp.json,2025-11-22T09:46:34.105686
swenable_cpuintensive_w6_1.json,2025-12-26T07:00:21.219157
SW-enable_cpuintensive3.json,2025-12-10T23:07:13.095636
SWdisable_cpuintensive4.json,2025-12-11T07:08:26.109049
swenable_memoryintensive_w14_1.json,2025-12-28T21:07:37.741709
mlp.json,2025-11-22T09:43:48.427353
swenable_memoryintensive_w10_1.json,2025-12-28T08:48:10.568990
swenable_memoryintensive_w14_1.json,2025-12-28T21:08:03.383453
swenable_memoryintensive_w4_2.json,2025-12-25T08:40:10.507619
mlp.json,2025-11-22T10:22:35.614328
swenable_cpuintensive_w14_3.json,2025-12-28T15:40:51.864972
dvfs_log_memoryintensive3.json,2025-08-08T08:50:55.856953
SWdisable_cpuintensive4.json,2025-12-11T07:09:24.055518
SWdisable_memoryintensive2.json,2025-11-25T07:53:31.373961
swenable_cpuintensive_w6_1.json,2025-12-26T06:59:35.479966
swenable_cpuintensive_w10_1.json,2025-12-28T08:40:03.822321
swenable_cpuintensive_w6_3.json,2025-12-26T08:58:02.676125
swenable_cpuintensive_w14_2.json,2025-12-28T19:53:59.897028
swenable_cpuintensive_w10_2.json,2025-12-28T08:24:30.586297
mlpenable_mixed1.json,2026-02-16T23:17:10.457121
mlpdisable_memoryintensive3.json,2026-02-16T23:49:18.027545
mlpenable_cpuintensive.json,2025-11-22T15:08:00.150180
swenable_cpuintensive_w4_2.json,2025-12-24T07:21:00.032488
swenable_memoryintensive5.json,2025-12-11T12:53:33.400034
mlp.json,2025-11-22T09:46:52.693919
mlpenable_mixed2.json,2026-02-17T00:14:46.616288
swenable_cpuintensive_w10_1.json,2025-12-28T08:40:52.865137
swenable_memoryintensive6.json,2025-12-11T15:34:46.469576
baseline_log_memoryintensive3.json,2025-08-08T08:40:01.971261
swenable_mixed_w8_1.json,2026-01-06T21:15:00.079795
SW-disable_cpuintensive3.json,2025-12-10T23:20:21.568369
swenable_cpuintensive5.json,2025-12-11T11:41:38.093828
mlp.json,2025-11-22T10:20:40.595420
swenable_memoryintensive8.json,2025-12-11T21:43:58.321343
dvfs_log_cpuintensive3.json,2025-08-08T08:19:49.140754
swenable_cpuintensive6.json,2025-12-11T15:07:38.736386
swenable_cpuintensive_w4_2.json,2025-12-24T07:20:55.339077
swenable_cpuintensive_w6_1.json,2025-12-26T07:00:32.792892
mlpenable_memoryintensive.json,2025-11-22T23:40:08.865831
swenable_mixed_w14_1.json,2026-01-03T20:42:47.178248
SWdisable_cpuintensive8.json,2025-12-11T21:12:40.577418
dvfs_log_memoryintensive3.json,2025-08-08T08:47:23.159232
dvfs_log_cpuintensive3.json,2025-08-08T08:18:38.732975
baseline_log_cpuintensive2.json,2025-08-05T20:18:47.611056
mlp.json,2025-11-22T09:35:53.146149
swenable_cpuintensive_w14_3.json,2025-12-28T15:40:47.031798
mlpdisable_cpuintensive2.json,2026-02-16T23:22:35.357135
mlp.json,2025-11-22T09:54:09.174190
mlp.json,2025-11-22T10:01:51.653750
swenable_memoryintensive_w12_3.json,2025-12-28T15:22:04.124919
swenable_memoryintensive7.json,2025-12-11T20:48:23.654367
mlpenable_cpuintensive2.json,2026-02-16T22:54:07.160887
mlpenable_cpuintensive2.json,2026-02-16T22:54:11.976929
mlp.json,2025-11-22T09:48:39.584815
swenable_cpuintensive_w10_1.json,2025-12-28T08:43:02.570940
dvfs_log_memoryintensive3.json,2025-08-08T08:50:31.999277
dvfs_log_cpuintensive2.json,2025-08-05T20:22:49.380534
swenable_cpuintensive_w6_3.json,2025-12-26T08:56:28.636832
swenable_cpuintensive_w4_3.json,2025-12-24T07:59:05.817611
SWenable_cpuintensive4.json,2025-12-11T07:03:47.559430
swenable_mixed_w14_1.json,2026-01-03T20:40:28.071070
swenable_cpuintensive_w4_1.json,2025-12-24T06:58:22.443806
swenable_cpuintensive_w12_3.json,2025-12-28T15:13:50.524694
SWenable_cpuintensive8.json,2025-12-11T21:27:39.318306
swenable_memoryintensive5.json,2025-12-11T12:52:07.012016
SW-enable_cpuintensive3.json,2025-12-10T23:08:26.622545
swenable_mixed_w14_1.json,2026-01-03T20:39:23.730808
swenable_cpuintensive_w6_2.json,2025-12-26T07:46:14.906336
swenable_memoryintensive_w14_2.json,2025-12-28T19:59:06.031405
baseline_log_memoryintensive2.json,2025-08-05T19:24:56.717297
swenable_memoryintensive_w10_3.json,2025-12-28T07:28:53.326302
swenable_memoryintensive_w14_3.json,2025-12-28T15:47:22.526328
mlp.json,2025-11-22T10:15:16.793569
SWdisable_cpuintensive8.json,2025-12-11T21:13:48.809414
baseline_log_memoryintensive.json,2025-08-05T17:11:58.980952
mlpenable_cpuintensive3.json,2026-02-17T00:02:14.453600
SWdisable_cpuintensive7.json,2025-12-11T17:35:42.582187
swenable_cpuintensive_w12_1.json,2025-12-28T13:27:32.497201
dvfs_log_memoryintensive2.json,2025-08-05T19:32:57.783509
mlp.json,2025-11-22T10:20:31.403269
swenable_memoryintensive_w6_2.json,2025-12-26T07:56:16.545349
mlpdisable_memoryintensive3.json,2026-02-16T23:47:40.901787
swenable_cpuintensive_w10_2.json,2025-12-28T08:23:09.278059
swenable_memoryintensive_w14_2.json,2025-12-28T19:59:10.844612
swenable_mixed_w4_1.json,2026-01-03T07:55:07.078111
SWenable_cpuintensive8.json,2025-12-11T21:31:54.631607
baseline_log_memoryintensive3.json,2025-08-08T08:43:33.974491
baseline_log_memoryintensive.json,2025-08-05T17:13:25.796664
mlpdisable_cpuintensive2.json,2026-02-16T23:26:05.614828
SW-enable_cpuintensive3.json,2025-12-10T23:08:15.378369
SWenable_cpuintensive.json,2025-11-25T02:58:53.809910
SWdisable_cpuintensive8.json,2025-12-11T21:13:28.997186
baseline_log_cpuintensive.json,2025-07-31T23:01:26.011742
dvfs_log_memoryintensive.json,2025-08-05T16:53:48.200091
swenable_memoryintensive_w4_1.json,2025-12-25T08:25:43.903356
mlp.json,2025-11-22T10:11:04.945519
mlpdisable_memoryintensive2.json,2026-02-16T23:29:41.738404
swenable_memoryintensive6.json,2025-12-11T15:34:41.711565
swenable_memoryintensive_w4_2.json,2025-12-25T08:39:13.861936
SWenable_cpuintensive8.json,2025-12-11T21:32:32.402906
mlpenable_memoryintensive.json,2025-11-22T23:37:26.435729
baseline_log_cpuintensive2.json,2025-08-05T20:17:52.529837
swenable_memoryintensive7.json,2025-12-11T20:49:50.222272
swenable_memoryintensive_w12_2.json,2025-12-28T14:31:46.444313
mlpenable_mixed2.json,2026-02-17T00:18:40.199088
baseline_log_memoryintensive2.json,2025-08-05T19:23:48.624811
mlp.json,2025-11-22T10:10:09.023600
dvfs_log_cpuintensive2.json,2025-08-05T20:25:01.307426
swenable_cpuintensive_w6_2.json,2025-12-26T07:46:19.945119
baseline_log_cpuintensive2.json,2025-08-05T20:16:09.222391
SWdisable_cpuintensive8.json,2025-12-11T21:09:12.067924
mlpenable_cpuintensive.json,2025-11-22T15:09:05.400528
mlpdisable_cpuintensive2.json,2026-02-16T23:23:51.602235
baseline_log_cpuintensive2.json,2025-08-05T20:18:31.254828
swenable_cpuintensive6.json,2025-12-11T15:06:57.548226
mlp.json,2025-11-22T09:52:27.214052
swenable_cpuintensive6.json,2025-12-11T15:07:29.309407
SW-disable_cpuintensive3.json,2025-12-10T23:17:25.437483
mlp.json,2025-11-22T10:10:55.589487
SWdisable_memoryintensive8.json,2025-12-11T21:48:56.766029
mlp.json,2025-11-22T09:53:50.398835
SW-disable_cpuintensive3.json,2025-12-10T23:16:56.551949
dvfs_log_memoryintensive.json,2025-08-05T16:54:08.566762
swenable_memoryintensive_w10_1.json,2025-12-28T08:48:51.537155
SWdisable_memoryintensive.json,2025-11-25T02:24:49.184320
baseline_log_memoryintensive3.json,2025-08-08T08:39:55.153271
swenable_memoryintensive7.json,2025-12-11T20:48:09.096924
mlpdisable_mixed1.json,2026-02-16T23:34:16.325603
mlpdisable_mixed1.json,2026-02-16T23:35:38.091719
swenable_cpuintensive_w4_1.json,2025-12-24T06:55:47.557091
swenable_mixed_w10_1.json,2026-01-03T18:21:59.845433
swenable_cpuintensive_w6_1.json,2025-12-26T06:56:33.531592
SWenable_cpuintensive.json,2025-11-25T02:57:06.083397
swenable_cpuintensive_w14_3.json,2025-12-28T15:39:59.984424
mlp.json,2025-11-22T09:36:10.937965
dvfs_log_cpuIntensive.json,2025-07-31T23:56:02.586003
swenable_memoryintensive5.json,2025-12-11T12:52:17.537000
mlpenable_memoryintensive3.json,2026-02-17T00:07:55.923722
mlpenable_cpuintensive2.json,2026-02-16T22:56:51.260247
swenable_mixed_w8_1.json,2026-01-06T21:15:41.676735
dvfs_log_memoryintensive.json,2025-08-05T16:51:53.706141
baseline_log_cpuintensive3.json,2025-08-08T08:24:49.998900
swenable_memoryintensive_w12_2.json,2025-12-28T14:32:01.302663
mlenable_memoryintensive2.json,2026-02-16T23:08:15.771912
mlp.json,2025-11-22T09:48:34.844217
dvfs_log_memoryintensive3.json,2025-08-08T08:49:33.827642
swenable_memoryintensive_w12_2.json,2025-12-28T14:31:36.374422
baseline_log_cpuintensive.json,2025-07-31T23:01:09.975994
SWenable_cpuintensive4.json,2025-12-11T07:03:14.447240
swenable_cpuintensive_w12_2.json,2025-12-28T14:25:37.022753
swenable_mixed_w14_1.json,2026-01-03T20:38:33.658812
SWdisable_cpuintensive4.json,2025-12-11T07:10:46.682235
baseline_log_memoryintensive3.json,2025-08-08T08:43:44.113881
dvfs_log_cpuIntensive.json,2025-07-31T23:56:09.452112
baseline_log_cpuintensive3.json,2025-08-08T08:26:49.629374
mlpenable_cpuintensive3.json,2026-02-17T00:06:12.037647
SWdisable_memoryintensive3.json,2025-12-11T06:01:01.189943
swenable_mixed_w8_2.json,2026-01-03T10:41:41.340390
mlpdisable_cpuintensive.json,2025-11-22T15:28:38.959748
mlpenable_cpuintensive2.json,2026-02-16T22:55:39.609249
swenable_memoryintensive_w12_1.json,2025-12-28T13:33:21.022868
swenable_cpuintensive6.json,2025-12-11T15:11:19.020097
swenable_memoryintensive_w4_3.json,2025-12-25T09:07:44.298931
SW-enable_cpuintensive3.json,2025-12-10T23:07:38.950095
SWenable_memoryintensive4.json,2025-12-11T08:59:56.802251
baseline_log_cpuintensive2.json,2025-08-05T20:17:04.108643
swenable_memoryintensive_w10_2.json,2025-12-28T08:29:52.983621
SWdisable_memoryintensive3.json,2025-12-11T06:00:27.516170
swenable_cpuintensive_w14_2.json,2025-12-28T19:51:25.042822
swenable_cpuintensive5.json,2025-12-11T11:42:06.685524
swenable_cpuintensive_w10_3.json,2025-12-28T07:13:39.022212
mlpdisable_memoryintensive.json,2025-11-22T23:12:47.246512
SWenable_memoryintensive3.json,2025-12-11T06:10:11.888987
swenable_cpuintensive5.json,2025-12-11T11:41:21.857168
mlp.json,2025-11-22T09:40:05.874140
swenable_memoryintensive_w12_3.json,2025-12-28T15:22:26.206329
swenable_cpuintensive_w14_3.json,2025-12-28T15:42:40.105247
swenable_cpuintensive_w14_1.json,2025-12-28T21:02:04.556136
mlpenable_cpuintensive.json,2025-11-22T15:10:29.690329
swenable_memoryintensive_w6_1.json,2025-12-26T07:33:46.617691
SWdisable_cpuintensive4.json,2025-12-11T07:09:53.020512
mlp.json,2025-11-22T09:39:05.314370
SWenable_cpuintensive4.json,2025-12-11T06:59:44.971545
mlenable_memoryintensive2.json,2026-02-16T23:10:52.792854
swenable_mixed_w4_1.json,2026-01-03T07:58:06.843743
mlp.json,2025-11-22T10:10:32.423341
swenable_memoryintensive_w10_3.json,2025-12-28T07:26:57.527071
SWdisable_memoryintensive4.json,2025-12-11T09:06:43.058965
swenable_cpuintensive_w12_2.json,2025-12-28T14:22:51.289487
swenable_mixed_w6_1.json,2026-01-03T09:22:34.145105
mlpdisable_mixed1.json,2026-02-16T23:34:06.912177
dvfs_log_memoryintensive.json,2025-08-05T16:53:55.018853
baseline_log_cpuintensive3.json,2025-08-08T08:28:24.127408
baseline_log_cpuintensive.json,2025-07-31T22:59:39.856515
mlpdisable_cpuintensive3.json,2026-02-16T23:44:26.932980
dvfs_log_memoryintensive3.json,2025-08-08T08:48:33.209203
dvfs_log_memoryintensive2.json,2025-08-05T19:35:46.062390
SWdisable_cpuintensive7.json,2025-12-11T17:34:07.675427
mlp.json,2025-11-22T10:23:53.973157
dvfs_log_cpuIntensive.json,2025-07-31T23:57:33.644509
swenable_cpuintensive_w6_1.json,2025-12-26T06:57:34.246216
mlp.json,2025-11-22T10:10:18.483402
dvfs_log_cpuintensive2.json,2025-08-05T20:27:10.422063
swenable_cpuintensive_w6_1.json,2025-12-26T06:57:58.874469
dvfs_log_memoryintensive2.json,2025-08-05T19:34:15.654398
swenable_mixed_w6_2.json,2026-01-06T21:30:55.648498
swenable_cpuintensive_w10_3.json,2025-12-28T07:12:11.797872
mlp.json,2025-11-22T09:58:14.923683
swenable_memoryintensive_w14_2.json,2025-12-28T20:01:11.985693
swenable_cpuintensive_w4_2.json,2025-12-24T07:24:59.331770
swenable_memoryintensive_w12_2.json,2025-12-28T14:31:11.921546
dvfs_log_cpuIntensive.json,2025-07-31T23:55:28.706381
swenable_memoryintensive8.json,2025-12-11T21:40:13.453978
mlpdisable_cpuintensive.json,2025-11-22T15:31:13.399724
swenable_cpuintensive_w12_3.json,2025-12-28T15:14:43.328943
SWdisable_cpuintensive7.json,2025-12-11T17:36:11.964235
dvfs_log_memoryintensive.json,2025-08-05T16:52:07.060112
swenable_memoryintensive_w10_2.json,2025-12-28T08:29:03.431927
SWdisable_cpuintensive4.json,2025-12-11T07:12:49.224622
swenable_cpuintensive7.json,2025-12-11T17:43:30.400360
baseline_log_memoryintensive.json,2025-08-05T17:12:53.591454
SW-enable_cpuintensive3.json,2025-12-10T23:06:01.406036
swenable_mixed_w12_2.json,2026-01-03T19:13:18.832009
swenable_cpuintensive_w4_3.json,2025-12-24T07:58:15.167011
mlpenable_mixed2.json,2026-02-17T00:17:43.161711
swenable_memoryintensive_w10_3.json,2025-12-28T07:25:14.419786
mlpdisable_cpuintensive3.json,2026-02-16T23:43:34.331293
mlpdisable_mixed1.json,2026-02-16T23:33:47.296606
swenable_memoryintensive_w14_2.json,2025-12-28T19:58:40.818779
dvfs_log_cpuintensive2.json,2025-08-05T20:27:00.788195
baseline_log_memoryintensive.json,2025-08-05T17:11:13.951164
mlp.json,2025-11-22T09:53:55.033919
swenable_memoryintensive_w10_3.json,2025-12-28T07:25:58.527108
swenable_memoryintensive8.json,2025-12-11T21:39:35.122070
baseline_log_cpuintensive.json,2025-07-31T23:00:11.972106
SWenable_cpuintensive4.json,2025-12-11T07:00:15.508455
mlpdisable_mixed1.json,2026-02-16T23:34:54.459962
mlp.json,2025-11-22T10:00:56.135144
swenable_cpuintensive_w12_2.json,2025-12-28T14:25:54.739338
mlpenable_cpuintensive3.json,2026-02-17T00:05:19.057387
mlpenable_memoryintensive3.json,2026-02-17T00:11:06.293570
dvfs_log_cpuintensive3.json,2025-08-08T08:19:39.143620
SWdisable_memoryintensive2.json,2025-11-25T07:53:21.826988
SWdisable_memoryintensive7.json,2025-12-11T20:56:10.516020
mlp.json,2025-11-22T09:57:47.323731
swenable_memoryintensive8.json,2025-12-11T21:43:10.052569
SWdisable_cpuintensive8.json,2025-12-11T21:11:17.284989
swenable_cpuintensive_w12_3.json,2025-12-28T15:12:22.388694
swenable_mixed_w6_1.json,2026-01-03T09:22:16.859018
swenable_cpuintensive_w6_2.json,2025-12-26T07:47:36.577600
swenable_memoryintensive_w14_2.json,2025-12-28T19:59:40.680125
SWdisable_cpuintensive4.json,2025-12-11T07:09:14.457230
mlp.json,2025-11-22T10:13:10.683512
swenable_memoryintensive_w6_1.json,2025-12-26T07:35:24.988158
mlpdisable_memoryintensive2.json,2026-02-16T23:31:47.747099
mlp.json,2025-11-22T10:24:12.483300
SWdisable_memoryintensive4.json,2025-12-11T09:07:55.790013
dvfs_log_cpuIntensive.json,2025-07-31T23:53:01.801796
swenable_memoryintensive_w10_2.json,2025-12-28T08:30:50.412538
mlp.json,2025-11-22T10:21:31.203079
swenable_cpuintensive_w10_2.json,2025-12-28T08:23:59.964406
swenable_mixed_w12_2.json,2026-01-03T19:12:25.388681
baseline_log_memoryintensive2.json,2025-08-05T19:25:29.047067
baseline_log_cpuintensive.json,2025-07-31T22:59:27.035576
SWenable_memoryintensive4.json,2025-12-11T08:59:45.938236
mlpdisable_cpuintensive.json,2025-11-22T15:31:27.570052
swenable_memoryintensive_w4_2.json,2025-12-25T08:40:00.156683
swenable_mixed_w10_1.json,2026-01-03T18:22:24.402664
swenable_memoryintensive_w10_1.json,2025-12-28T08:50:04.877880
swenable_memoryintensive_w10_3.json,2025-12-28T07:25:42.978601
SWdisable_cpuintensive4.json,2025-12-11T07:08:31.318027
baseline_log_cpuintensive2.json,2025-08-05T20:18:08.756309
swenable_cpuintensive6.json,2025-12-11T15:07:57.775864
mlpdisable_memoryintensive3.json,2026-02-16T23:49:28.108296
mlp.json,2025-11-22T09:36:38.227713
swenable_cpuintensive_w14_2.json,2025-12-28T19:53:39.383686
SWdisable_cpuintensive8.json,2025-12-11T21:13:33.852698
dvfs_log_cpuintensive2.json,2025-08-05T20:22:17.148998
baseline_log_memoryintensive3.json,2025-08-08T08:41:32.624228
swenable_cpuintensive_w14_2.json,2025-12-28T19:52:13.860625
swenable_memoryintensive7.json,2025-12-11T20:47:25.684720
swenable_mixed_w12_2.json,2026-01-03T19:11:46.150787
dvfs_log_cpuintensive2.json,2025-08-05T20:25:10.981375
swenable_mixed_w6_1.json,2026-01-03T09:19:58.713128
SWdisable_memoryintensive4.json,2025-12-11T09:08:20.568929
swenable_cpuintensive6.json,2025-12-11T15:10:29.801751
mlpdisable_cpuintensive3.json,2026-02-16T23:46:14.704372
SWdisable_cpuintensive4.json,2025-12-11T07:12:24.218327
swenable_memoryintensive_w6_3.json,2025-12-26T09:03:02.158901
swenable_cpuintensive_w12_3.json,2025-12-28T15:11:22.706342
swenable_memoryintensive_w10_1.json,2025-12-28T08:50:09.994278
dvfs_log_memoryintensive.json,2025-08-05T16:51:12.938159
mlp.json,2025-11-22T09:45:47.814411
mlpdisable_memoryintensive.json,2025-11-22T23:08:59.487266
SWenable_cpuintensive8.json,2025-12-11T21:27:44.759032
swenable_cpuintensive_w10_3.json,2025-12-28T07:12:02.329931
swenable_mixed_w12_2.json,2026-01-03T19:13:14.072796
swenable_memoryintensive_w6_2.json,2025-12-26T07:59:26.548179
SWdisable_memoryintensive.json,2025-11-25T02:24:54.032046
dvfs_log_cpuintensive3.json,2025-08-08T08:19:25.527996
swenable_mixed_w8_2.json,2026-01-03T10:44:18.162084
mlp.json,2025-11-22T10:25:26.603145
baseline_log_memoryintensive.json,2025-08-05T17:11:36.390712
swenable_mixed_w14_1.json,2026-01-03T20:40:43.057529
mlp.json,2025-11-22T09:56:28.963643
swenable_mixed_w8_1.json,2026-01-06T21:15:36.208048
dvfs_log_memoryintensive.json,2025-08-05T16:54:05.134637
dvfs_log_cpuIntensive.json,2025-07-31T23:53:15.178139
baseline_log_cpuintensive3.json,2025-08-08T08:27:50.353415
mlp.json,2025-11-22T09:54:18.444865
SWdisable_memoryintensive3.json,2025-12-11T06:01:24.883251
SWdisable_memoryintensive.json,2025-11-25T02:26:02.215616
swenable_cpuintensive_w14_2.json,2025-12-28T19:54:46.633286
swenable_memoryintensive_w10_2.json,2025-12-28T08:31:02.089618
swenable_memoryintensive_w10_3.json,2025-12-28T07:27:06.925786
swenable_mixed_w6_2.json,2026-01-06T21:27:00.761455
mlenable_memoryintensive2.json,2026-02-16T23:09:40.657003
swenable_cpuintensive_w4_2.json,2025-12-24T07:24:39.223131
swenable_cpuintensive_w10_2.json,2025-12-28T08:21:34.284605
SWdisable_cpuintensive7.json,2025-12-11T17:36:36.770009
baseline_log_cpuintensive2.json,2025-08-05T20:14:35.339769
dvfs_log_cpuintensive3.json,2025-08-08T08:21:51.285804
swenable_memoryintensive6.json,2025-12-11T15:31:01.035984
swenable_cpuintensive_w14_2.json,2025-12-28T19:53:44.346953
baseline_log_cpuintensive2.json,2025-08-05T20:16:25.272738
baseline_log_memoryintensive3.json,2025-08-08T08:40:38.957162
mlpdisable_memoryintensive2.json,2026-02-16T23:31:28.432416
swenable_cpuintensive_w4_1.json,2025-12-24T06:56:16.621730
SWdisable_memoryintensive8.json,2025-12-11T21:48:32.833099
SW-disable_cpuintensive3.json,2025-12-10T23:19:56.796784
baseline_log_cpuintensive2.json,2025-08-05T20:18:44.400463
mlpdisable_cpuintensive2.json,2026-02-16T23:24:15.349721
mlpdisable_mixed2.json,2026-02-16T23:58:33.145551
swenable_cpuintensive_w12_2.json,2025-12-28T14:25:07.253635
swenable_memoryintensive_w12_1.json,2025-12-28T13:34:57.718302
SWdisable_cpuintensive8.json,2025-12-11T21:13:53.582055
dvfs_log_memoryintensive3.json,2025-08-08T08:47:02.796107
mlpdisable_memoryintensive3.json,2026-02-16T23:48:35.011098
swenable_memoryintensive5.json,2025-12-11T12:49:43.896590
swenable_mixed_w4_1.json,2026-01-03T07:58:55.875397
swenable_mixed_w10_2.json,2026-01-03T19:01:41.010860
swenable_memoryintensive_w10_1.json,2025-12-28T08:46:47.733342
dvfs_log_memoryintensive.json,2025-08-05T16:51:57.099985
swenable_cpuintensive_w10_3.json,2025-12-28T07:11:09.837564
SWdisable_cpuintensive7.json,2025-12-11T17:34:21.881682
SWdisable_memoryintensive7.json,2025-12-11T20:58:50.620392
swenable_cpuintensive7.json,2025-12-11T17:42:54.359753
mlpenable_memoryintensive.json,2025-11-22T23:38:40.657726
dvfs_log_memoryintensive.json,2025-08-05T16:49:45.077835
SWdisable_memoryintensive3.json,2025-12-11T06:02:13.854999
mlpdisable_mixed2.json,2026-02-16T23:57:06.869775
SWdisable_memoryintensive3.json,2025-12-11T06:00:32.279303
mlp.json,2025-11-22T10:04:57.673481
mlpdisable_cpuintensive2.json,2026-02-16T23:21:57.514195
SWdisable_memoryintensive3.json,2025-12-11T05:59:15.220949
SW-disable_cpuintensive3.json,2025-12-10T23:19:37.506548
mlpdisable_memoryintensive2.json,2026-02-16T23:29:22.604186
baseline_log_cpuintensive3.json,2025-08-08T08:24:36.666460
swenable_memoryintensive7.json,2025-12-11T20:51:44.710250
dvfs_log_memoryintensive.json,2025-08-05T16:50:39.183042
dvfs_log_memoryintensive.json,2025-08-05T16:50:35.882370
swenable_cpuintensive_w4_3.json,2025-12-24T07:56:16.612943
mlpenable_memoryintensive.json,2025-11-22T23:41:51.416110
mlpenable_mixed1.json,2026-02-16T23:16:07.327780
swenable_mixed_w14_1.json,2026-01-03T20:42:11.933960
swenable_memoryintensive_w10_1.json,2025-12-28T08:47:08.105828
SW-disable_cpuintensive3.json,2025-12-10T23:17:50.376498
baseline_log_memoryintensive2.json,2025-08-05T19:26:20.886671
dvfs_log_memoryintensive3.json,2025-08-08T08:48:23.246689
mlpenable_cpuintensive.json,2025-11-22T15:10:34.240123
swenable_memoryintensive_w4_3.json,2025-12-25T09:10:25.569637
SWdisable_memoryintensive8.json,2025-12-11T21:50:43.005663
mlpenable_cpuintensive.json,2025-11-22T15:09:14.760550
SWdisable_cpuintensive4.json,2025-12-11T07:11:01.503753
swenable_mixed_w4_2.json,2026-01-03T08:29:34.835774
swenable_cpuintensive_w4_2.json,2025-12-24T07:22:17.597639
baseline_log_cpuintensive.json,2025-07-31T23:02:23.954819
SW-disable_cpuintensive3.json,2025-12-10T23:20:26.455821
mlpenable_cpuintensive.json,2025-11-22T15:10:43.549478
swenable_cpuintensive5.json,2025-12-11T11:37:58.033464
swenable_mixed_w6_2.json,2026-01-06T21:26:51.127246
SWenable_memoryintensive.json,2025-11-25T02:30:23.079504
mlpenable_mixed1.json,2026-02-16T23:15:52.973218
mlpdisable_memoryintensive.json,2025-11-22T23:11:13.606663
swenable_memoryintensive_w14_1.json,2025-12-28T21:07:12.360322
SW-enable_cpuintensive3.json,2025-12-10T23:09:09.620260
mlpenable_memoryintensive.json,2025-11-22T23:37:49.775809
swenable_memoryintensive_w4_1.json,2025-12-25T08:27:19.218698
mlpenable_cpuintensive2.json,2026-02-16T22:56:41.943076
swenable_memoryintensive7.json,2025-12-11T20:49:04.037075
SWenable_memoryintensive4.json,2025-12-11T08:58:38.932307
dvfs_log_cpuIntensive.json,2025-07-31T23:55:05.305214
SWdisable_memoryintensive8.json,2025-12-11T21:50:14.326517
dvfs_log_cpuintensive3.json,2025-08-08T08:20:43.423507
mlp.json,2025-11-22T10:20:49.763400
mlpenable_memoryintensive.json,2025-11-22T23:41:09.505626
mlp.json,2025-11-22T10:06:39.781427
swenable_memoryintensive_w4_1.json,2025-12-25T08:28:59.752659
swenable_cpuintensive_w4_1.json,2025-12-24T06:57:47.311657
mlp.json,2025-11-22T09:42:06.448453
swenable_memoryintensive_w10_2.json,2025-12-28T08:28:44.790939
SWenable_cpuintensive.json,2025-11-25T02:56:45.205466
mlp.json,2025-11-22T10:06:53.673451
swenable_memoryintensive_w10_3.json,2025-12-28T07:29:31.863551
baseline_log_memoryintensive.json,2025-08-05T17:11:20.362200
baseline_log_memoryintensive2.json,2025-08-05T19:24:17.830444
SWenable_cpuintensive4.json,2025-12-11T06:59:39.921508
baseline_log_cpuintensive.json,2025-07-31T22:59:43.063483
mlp.json,2025-11-22T10:12:24.353499
mlpenable_mixed2.json,2026-02-17T00:14:00.010847
baseline_log_memoryintensive3.json,2025-08-08T08:39:28.376165
swenable_memoryintensive_w10_1.json,2025-12-28T08:48:35.986142
baseline_log_memoryintensive2.json,2025-08-05T19:26:27.307447
swenable_memoryintensive_w4_3.json,2025-12-25T09:10:45.832288
mlpdisable_cpuintensive.json,2025-11-22T15:31:22.691756
SWdisable_memoryintensive4.json,2025-12-11T09:10:03.300809
swenable_memoryintensive_w14_1.json,2025-12-28T21:06:27.192936
mlpenable_mixed1.json,2026-02-16T23:13:04.563141
swenable_cpuintensive5.json,2025-12-11T11:40:35.648529
SWdisable_memoryintensive7.json,2025-12-11T20:57:56.981436
SWdisable_memoryintensive7.json,2025-12-11T20:59:39.522734
mlp.json,2025-11-22T09:59:51.595971
swenable_cpuintensive_w14_1.json,2025-12-28T20:59:04.537905
swenable_cpuintensive_w10_1.json,2025-12-28T08:39:58.913003
mlpdisable_mixed2.json,2026-02-16T23:57:49.801998
swenable_cpuintensive_w14_1.json,2025-12-28T21:03:05.098685
swenable_cpuintensive_w4_3.json,2025-12-24T07:56:26.785979
SWenable_cpuintensive4.json,2025-12-11T07:01:47.922244
mlp.json,2025-11-22T09:52:22.563858
swenable_mixed_w4_1.json,2026-01-03T07:54:12.114956
dvfs_log_cpuintensive2.json,2025-08-05T20:24:58.037111
swenable_memoryintensive6.json,2025-12-11T15:35:26.309202
SWdisable_memoryintensive2.json,2025-11-25T07:56:00.160923
swenable_memoryintensive_w6_1.json,2025-12-26T07:35:19.222943
SWdisable_cpuintensive8.json,2025-12-11T21:14:03.287075
mlp.json,2025-11-22T09:50:35.514298
swenable_memoryintensive_w14_2.json,2025-12-28T20:00:06.004402
swenable_mixed_w6_1.json,2026-01-03T09:22:40.372106
SWdisable_cpuintensive8.json,2025-12-11T21:11:12.535843
mlpenable_memoryintensive3.json,2026-02-17T00:10:19.748940
mlpdisable_cpuintensive2.json,2026-02-16T23:25:32.426162
mlpenable_memoryintensive3.json,2026-02-17T00:12:19.449989
mlpenable_memoryintensive3.json,2026-02-17T00:12:10.210502
mlpenable_mixed1.json,2026-02-16T23:15:43.415511
baseline_log_memoryintensive2.json,2025-08-05T19:27:12.651532
swenable_memoryintensive_w6_2.json,2025-12-26T07:58:25.978243
baseline_log_memoryintensive3.json,2025-08-08T08:42:46.612717
swenable_cpuintensive_w6_3.json,2025-12-26T08:56:18.335203
dvfs_log_cpuIntensive.json,2025-07-31T23:55:45.401234
baseline_log_cpuintensive.json,2025-07-31T22:59:49.477036
SWenable_memoryintensive2.json,2025-11-25T08:02:34.554909
swenable_memoryintensive_w6_3.json,2025-12-26T09:03:13.602365
swenable_memoryintensive_w4_1.json,2025-12-25T08:25:48.824479
mlpdisable_mixed1.json,2026-02-16T23:36:44.834533
swenable_cpuintensive_w14_1.json,2025-12-28T20:58:59.264132
dvfs_log_memoryintensive2.json,2025-08-05T19:33:13.852626
dvfs_log_memoryintensive2.json,2025-08-05T19:32:12.505163
SWdisable_memoryintensive2.json,2025-11-25T07:52:57.202897
swenable_memoryintensive8.json,2025-12-11T21:39:49.318497
mlpenable_memoryintensive.json,2025-11-22T23:37:12.438148
swenable_cpuintensive_w12_2.json,2025-12-28T14:27:22.934320
mlp.json,2025-11-22T09:49:02.664216
swenable_cpuintensive_w6_2.json,2025-12-26T07:44:57.288993
baseline_log_cpuintensive2.json,2025-08-05T20:17:49.319394
swenable_mixed_w6_2.json,2026-01-06T21:28:13.826321
swenable_mixed_w8_2.json,2026-01-03T10:43:20.636408
swenable_memoryintensive_w4_2.json,2025-12-25T08:40:05.053758
swenable_mixed_w6_1.json,2026-01-03T09:21:53.724130
SWenable_memoryintensive4.json,2025-12-11T08:56:28.975182
baseline_log_memoryintensive.json,2025-08-05T17:14:07.631270
mlpdisable_cpuintensive.json,2025-11-22T15:26:59.071881
mlp.json,2025-11-22T09:55:47.223833
swenable_cpuintensive_w6_3.json,2025-12-26T08:59:03.344471
mlpenable_cpuintensive2.json,2026-02-16T22:54:21.556359
swenable_cpuintensive_w14_3.json,2025-12-28T15:41:15.126764
swenable_memoryintensive6.json,2025-12-11T15:35:01.315414
swenable_mixed_w10_2.json,2026-01-03T18:59:43.090338
mlp.json,2025-11-22T09:57:28.868448
swenable_cpuintensive_w14_2.json,2025-12-28T19:52:38.214905
SWenable_cpuintensive4.json,2025-12-11T07:02:52.782450
dvfs_log_memoryintensive2.json,2025-08-05T19:34:05.883434
swenable_cpuintensive_w6_2.json,2025-12-26T07:48:19.714721
mlpenable_cpuintensive3.json,2026-02-17T00:03:23.401706
mlp.json,2025-11-22T10:04:52.924004
swenable_cpuintensive5.json,2025-12-11T11:41:43.688829
swenable_mixed_w8_1.json,2026-01-06T21:12:43.700750
swenable_memoryintensive_w14_3.json,2025-12-28T15:48:24.645626
SWdisable_cpuintensive.json,2025-11-25T02:50:24.339908
swenable_cpuintensive_w14_1.json,2025-12-28T20:58:35.321591
swenable_mixed_w10_1.json,2026-01-03T18:22:30.029711
baseline_log_cpuintensive3.json,2025-08-08T08:26:16.261300
baseline_log_cpuintensive3.json,2025-08-08T08:25:33.187866
baseline_log_memoryintensive2.json,2025-08-05T19:23:32.390935
swenable_mixed_w8_2.json,2026-01-03T10:42:50.660190
baseline_log_cpuintensive.json,2025-07-31T23:01:13.183113
swenable_memoryintensive_w12_1.json,2025-12-28T13:32:22.530089
swenable_cpuintensive_w10_3.json,2025-12-28T07:14:45.674244
swenable_memoryintensive_w6_2.json,2025-12-26T07:57:10.322916
SWdisable_memoryintensive3.json,2025-12-11T06:01:34.920978
mlpdisable_cpuintensive.json,2025-11-22T15:27:49.022361
swenable_cpuintensive6.json,2025-12-11T15:11:45.600821
baseline_log_cpuintensive3.json,2025-08-08T08:25:43.014497
swenable_memoryintensive_w4_1.json,2025-12-25T08:24:58.689209
mlpenable_memoryintensive.json,2025-11-22T23:39:08.285592
mlpdisable_cpuintensive.json,2025-11-22T15:28:06.932725
baseline_log_cpuintensive2.json,2025-08-05T20:17:10.597749
swenable_memoryintensive8.json,2025-12-11T21:40:22.658842
swenable_cpuintensive_w4_3.json,2025-12-24T07:57:07.546253
baseline_log_cpuintensive3.json,2025-08-08T08:24:43.385406
swenable_memoryintensive_w4_2.json,2025-12-25T08:39:34.860361
mlpdisable_memoryintensive2.json,2026-02-16T23:31:08.735057
mlp.json,2025-11-22T10:13:38.617134
mlp.json,2025-11-22T09:52:45.516973
mlpdisable_memoryintensive.json,2025-11-22T23:08:39.437298
swenable_mixed_w6_2.json,2026-01-06T21:30:31.270956
swenable_mixed_w8_2.json,2026-01-03T10:40:22.649263
mlpenable_memoryintensive.json,2025-11-22T23:38:17.410933
swenable_cpuintensive_w14_1.json,2025-12-28T21:01:49.240640
swenable_memoryintensive_w6_3.json,2025-12-26T09:07:46.972618
swenable_memoryintensive_w12_1.json,2025-12-28T13:32:51.248622
mlpdisable_memoryintensive2.json,2026-02-16T23:27:51.341727
SWdisable_cpuintensive8.json,2025-12-11T21:10:19.038432
swenable_mixed_w10_2.json,2026-01-03T19:01:26.654389
baseline_log_cpuintensive2.json,2025-08-05T20:18:15.178248
swenable_cpuintensive_w12_1.json,2025-12-28T13:26:32.039356
swenable_memoryintensive_w4_2.json,2025-12-25T08:41:46.408542
mlpenable_mixed1.json,2026-02-16T23:17:48.798071
swenable_memoryintensive_w4_3.json,2025-12-25T09:06:51.194883
mlpenable_cpuintensive2.json,2026-02-16T22:58:05.572838
mlp.json,2025-11-22T09:40:28.944396
mlpdisable_mixed1.json,2026-02-16T23:34:59.317554
mlp.json,2025-11-22T09:58:24.013951
swenable_cpuintensive_w10_1.json,2025-12-28T08:40:47.242706
dvfs_log_memoryintensive3.json,2025-08-08T08:51:23.053093
swenable_memoryintensive_w4_2.json,2025-12-25T08:41:36.600068
swenable_memoryintensive6.json,2025-12-11T15:33:08.246621
swenable_cpuintensive_w12_3.json,2025-12-28T15:10:35.599533
swenable_mixed_w6_2.json,2026-01-06T21:29:14.958312
swenable_mixed_w12_2.json,2026-01-03T19:14:17.668081
swenable_cpuintensive_w10_3.json,2025-12-28T07:14:22.340304
baseline_log_cpuintensive.json,2025-07-31T22:59:14.068677
SWdisable_memoryintensive7.json,2025-12-11T20:58:55.396144
swenable_cpuintensive_w6_3.json,2025-12-26T09:00:23.204648
mlpenable_mixed1.json,2026-02-16T23:14:35.957946
SWenable_cpuintensive8.json,2025-12-11T21:30:17.855605
swenable_cpuintensive_w4_3.json,2025-12-24T07:57:42.246148
mlpdisable_mixed1.json,2026-02-16T23:37:23.597700
mlenable_memoryintensive2.json,2026-02-16T23:08:20.444060
mlpenable_mixed2.json,2026-02-17T00:18:58.993065
swenable_cpuintensive_w12_2.json,2025-12-28T14:24:25.112234
swenable_cpuintensive7.json,2025-12-11T17:43:54.636597
swenable_memoryintensive_w12_1.json,2025-12-28T13:34:47.829524
mlpenable_memoryintensive3.json,2026-02-17T00:12:43.059652
mlp.json,2025-11-22T09:47:02.014092
baseline_log_memoryintensive3.json,2025-08-08T08:41:25.784194
swenable_memoryintensive_w14_3.json,2025-12-28T15:46:40.332414
SWdisable_cpuintensive8.json,2025-12-11T21:13:43.903877
mlp.json,2025-11-22T10:11:00.383694
SWdisable_memoryintensive4.json,2025-12-11T09:05:39.863575
mlpdisable_cpuintensive3.json,2026-02-16T23:44:07.764391
baseline_log_memoryintensive2.json,2025-08-05T19:24:34.075065
swenable_cpuintensive_w10_3.json,2025-12-28T07:12:21.585488
swenable_mixed_w4_2.json,2026-01-03T08:32:16.846238
baseline_log_memoryintensive2.json,2025-08-05T19:22:43.911055
swenable_memoryintensive_w12_2.json,2025-12-28T14:31:01.470807
swenable_memoryintensive8.json,2025-12-11T21:41:54.491064
mlpenable_mixed2.json,2026-02-17T00:15:37.585741
mlp.json,2025-11-22T10:11:46.991553
swenable_cpuintensive_w12_1.json,2025-12-28T13:23:55.241342
baseline_log_memoryintensive2.json,2025-08-05T19:27:22.545956
swenable_memoryintensive_w14_3.json,2025-12-28T15:49:00.509070
SWdisable_cpuintensive7.json,2025-12-11T17:35:28.350601
SWdisable_memoryintensive3.json,2025-12-11T06:00:03.255705
swenable_cpuintensive_w4_3.json,2025-12-24T07:56:36.246468
SWdisable_memoryintensive7.json,2025-12-11T20:56:59.165924
SWdisable_memoryintensive2.json,2025-11-25T07:53:07.041631
mlp.json,2025-11-22T09:53:41.093980
mlp.json,2025-11-22T09:37:50.984317
SWenable_cpuintensive4.json,2025-12-11T07:02:20.122453
swenable_cpuintensive_w14_3.json,2025-12-28T15:40:42.402469
mlpdisable_memoryintensive2.json,2026-02-16T23:30:49.253147
mlpenable_memoryintensive3.json,2026-02-17T00:10:38.105854
mlp.json,2025-11-22T09:53:45.664092
mlp.json,2025-11-22T09:46:57.294283
dvfs_log_cpuintensive2.json,2025-08-05T20:26:21.905002
swenable_cpuintensive5.json,2025-12-11T11:41:27.129976
baseline_log_cpuintensive3.json,2025-08-08T08:25:56.110095
mlpenable_cpuintensive2.json,2026-02-16T22:55:48.855119
mlpdisable_memoryintensive.json,2025-11-22T23:11:32.219602
swenable_mixed_w14_2.json,2026-01-03T21:01:11.536788
baseline_log_memoryintensive.json,2025-08-05T17:11:42.862907
baseline_log_cpuintensive.json,2025-07-31T23:02:01.416374
dvfs_log_memoryintensive3.json,2025-08-08T08:51:33.591970
swenable_cpuintensive_w6_3.json,2025-12-26T09:00:05.237769
mlp.json,2025-11-22T10:24:26.448356
baseline_log_cpuintensive3.json,2025-08-08T08:27:13.103372
SWdisable_cpuintensive4.json,2025-12-11T07:09:34.078479
mlpdisable_memoryintensive.json,2025-11-22T23:13:01.286423
SWenable_cpuintensive8.json,2025-12-11T21:30:57.367537
swenable_memoryintensive_w4_1.json,2025-12-25T08:27:09.287721
baseline_log_cpuintensive2.json,2025-08-05T20:14:12.566907
swenable_cpuintensive_w6_1.json,2025-12-26T07:01:15.533763
mlp.json,2025-11-22T09:57:01.103890
swenable_mixed_w4_2.json,2026-01-03T08:32:05.675197
swenable_memoryintensive_w4_1.json,2025-12-25T08:24:43.630828
SWdisable_memoryintensive4.json,2025-12-11T09:10:18.042557
SWenable_cpuintensive4.json,2025-12-11T07:00:04.908905
swenable_cpuintensive_w10_1.json,2025-12-28T08:39:39.865061
swenable_memoryintensive7.json,2025-12-11T20:50:57.573161
swenable_mixed_w12_1.json,2026-01-03T20:17:25.508888
swenable_cpuintensive_w4_2.json,2025-12-24T07:21:04.766769
swenable_memoryintensive8.json,2025-12-11T21:44:16.169287
SWenable_memoryintensive3.json,2025-12-11T06:07:59.803844
mlp.json,2025-11-22T10:03:29.117204
swenable_memoryintensive_w4_1.json,2025-12-25T08:26:29.164760
swenable_memoryintensive_w10_1.json,2025-12-28T08:50:15.107166
dvfs_log_memoryintensive2.json,2025-08-05T19:36:24.809440
swenable_memoryintensive_w10_3.json,2025-12-28T07:29:36.575360
baseline_log_memoryintensive2.json,2025-08-05T19:24:04.824982
SWenable_memoryintensive3.json,2025-12-11T06:09:39.758543
mlenable_memoryintensive2.json,2026-02-16T23:10:19.539229
mlp.json,2025-11-22T10:15:21.453574
SW-disable_cpuintensive3.json,2025-12-10T23:17:30.480901
swenable_mixed_w10_1.json,2026-01-03T18:23:55.002037
SWdisable_cpuintensive8.json,2025-12-11T21:13:14.668696
mlenable_memoryintensive2.json,2026-02-16T23:07:10.399032
swenable_cpuintensive_w6_1.json,2025-12-26T07:00:09.620136
mlp.json,2025-11-22T10:02:19.473685
mlp.json,2025-11-22T10:09:03.673527
mlpdisable_mixed2.json,2026-02-16T23:58:57.564841
mlpdisable_cpuintensive3.json,2026-02-16T23:43:43.825269
swenable_memoryintensive7.json,2025-12-11T20:52:01.491898
dvfs_log_memoryintensive.json,2025-08-05T16:51:43.416555
swenable_memoryintensive_w6_2.json,2025-12-26T07:58:59.392446
swenable_cpuintensive_w12_2.json,2025-12-28T14:26:32.612209
swenable_cpuintensive_w4_1.json,2025-12-24T07:00:08.850090
swenable_cpuintensive_w10_3.json,2025-12-28T07:13:53.035585
swenable_mixed_w8_2.json,2026-01-03T10:40:27.397819
swenable_mixed_w10_1.json,2026-01-03T18:21:41.209039
swenable_memoryintensive7.json,2025-12-11T20:49:36.273375
swenable_memoryintensive6.json,2025-12-11T15:31:30.239570
swenable_mixed_w4_1.json,2026-01-03T07:59:11.365278
swenable_mixed_w8_2.json,2026-01-03T10:43:49.219161
swenable_cpuintensive_w10_2.json,2025-12-28T08:23:54.487609
swenable_memoryintensive_w14_3.json,2025-12-28T15:48:55.496769
baseline_log_cpuintensive.json,2025-07-31T22:58:54.811668
swenable_cpuintensive_w12_3.json,2025-12-28T15:10:17.000187
mlpenable_cpuintensive2.json,2026-02-16T22:54:49.308860
swenable_mixed_w6_2.json,2026-01-06T21:27:50.874166
mlpdisable_mixed1.json,2026-02-16T23:37:04.274368
baseline_log_cpuintensive.json,2025-07-31T22:57:44.159725
swenable_memoryintensive6.json,2025-12-11T15:30:38.783607
dvfs_log_cpuIntensive.json,2025-07-31T23:54:51.675653
SWenable_cpuintensive.json,2025-11-25T02:58:25.410310
dvfs_log_memoryintensive3.json,2025-08-08T08:47:46.372448
mlenable_memoryintensive2.json,2026-02-16T23:06:37.086569
swenable_mixed_w6_1.json,2026-01-03T09:23:08.642478
SWdisable_memoryintensive8.json,2025-12-11T21:52:48.950882
SW-disable_cpuintensive3.json,2025-12-10T23:18:58.384569
baseline_log_memoryintensive2.json,2025-08-05T19:25:19.280644
SW-disable_cpuintensive3.json,2025-12-10T23:19:52.041381
mlpdisable_memoryintensive.json,2025-11-22T23:11:41.676585
mlpdisable_memoryintensive2.json,2026-02-16T23:27:32.414492
SWenable_memoryintensive4.json,2025-12-11T08:57:04.720530
swenable_cpuintensive_w6_3.json,2025-12-26T08:57:37.777859
swenable_mixed_w12_2.json,2026-01-03T19:12:39.931415
swenable_memoryintensive_w6_3.json,2025-12-26T09:06:30.247257
mlp.json,2025-11-22T09:53:17.783926
mlpdisable_memoryintensive3.json,2026-02-16T23:51:24.201307
dvfs_log_memoryintensive.json,2025-08-05T16:53:01.020203
swenable_memoryintensive_w4_2.json,2025-12-25T08:39:19.691754
swenable_memoryintensive_w4_1.json,2025-12-25T08:28:54.821955
mlpenable_cpuintensive.json,2025-11-22T15:08:18.700294
mlpdisable_memoryintensive2.json,2026-02-16T23:31:42.977668
SW-enable_cpuintensive3.json,2025-12-10T23:05:51.025489
baseline_log_cpuintensive.json,2025-07-31T22:59:33.445660
swenable_memoryintensive_w12_3.json,2025-12-28T15:19:03.119317
swenable_mixed_w12_2.json,2026-01-03T19:10:44.290936
SWdisable_cpuintensive7.json,2025-12-11T17:34:02.959528
swenable_memoryintensive_w4_2.json,2025-12-25T08:41:31.498682
swenable_mixed_w12_2.json,2026-01-03T19:11:06.144998
swenable_cpuintensive_w4_1.json,2025-12-24T06:58:57.950326
SWenable_memoryintensive4.json,2025-12-11T08:57:30.348974
swenable_cpuintensive_w14_1.json,2025-12-28T21:00:03.881774
baseline_log_memoryintensive3.json,2025-08-08T08:43:17.120216
swenable_mixed_w14_2.json,2026-01-03T21:01:06.835346
swenable_cpuintensive_w12_2.json,2025-12-28T14:26:20.773639
mlpdisable_cpuintensive2.json,2026-02-16T23:25:41.914488
swenable_memoryintensive_w12_1.json,2025-12-28T13:33:51.334126
dvfs_log_cpuIntensive.json,2025-07-31T23:57:03.474261
swenable_cpuintensive_w14_1.json,2025-12-28T21:01:14.279300
mlp.json,2025-11-22T10:13:43.239534
mlpenable_memoryintensive.json,2025-11-22T23:40:13.428597
swenable_cpuintensive_w6_1.json,2025-12-26T07:00:39.330020
dvfs_log_cpuintensive3.json,2025-08-08T08:20:36.791372
swenable_cpuintensive5.json,2025-12-11T11:40:23.820722
swenable_cpuintensive_w6_1.json,2025-12-26T06:58:33.086394
swenable_cpuintensive_w12_3.json,2025-12-28T15:12:50.517866
mlenable_memoryintensive2.json,2026-02-16T23:10:48.054106
swenable_cpuintensive_w4_2.json,2025-12-24T07:21:47.972196
mlpdisable_memoryintensive2.json,2026-02-16T23:29:07.995364
mlpdisable_cpuintensive3.json,2026-02-16T23:43:14.798525
swenable_mixed_w10_1.json,2026-01-03T18:20:56.713958
swenable_mixed_w14_2.json,2026-01-03T21:04:00.825695
swenable_memoryintensive_w14_3.json,2025-12-28T15:47:54.019525
swenable_memoryintensive5.json,2025-12-11T12:53:23.550135
swenable_memoryintensive_w6_2.json,2025-12-26T07:57:24.608796
dvfs_log_cpuIntensive.json,2025-07-31T23:56:05.971362
SWdisable_memoryintensive8.json,2025-12-11T21:51:55.571466
mlpdisable_memoryintensive2.json,2026-02-16T23:31:38.270277
swenable_memoryintensive_w12_1.json,2025-12-28T13:32:41.597082
SWdisable_cpuintensive8.json,2025-12-11T21:11:47.250757
SWdisable_cpuintensive8.json,2025-12-11T21:12:16.568220
swenable_cpuintensive_w6_3.json,2025-12-26T08:58:45.350519
mlpdisable_cpuintensive2.json,2026-02-16T23:21:48.218807
swenable_memoryintensive_w4_1.json,2025-12-25T08:29:14.772482
mlpenable_cpuintensive.json,2025-11-22T15:09:28.740631
mlp.json,2025-11-22T10:00:00.740015
SWdisable_memoryintensive8.json,2025-12-11T21:53:04.039155
swenable_cpuintensive_w4_2.json,2025-12-24T07:25:15.118386
mlpenable_mixed1.json,2026-02-16T23:16:26.493014
mlpenable_memoryintensive3.json,2026-02-17T00:09:56.561856
SWdisable_cpuintensive7.json,2025-12-11T17:35:03.945852
SWenable_cpuintensive8.json,2025-12-11T21:29:57.800857
baseline_log_cpuintensive.json,2025-07-31T22:58:09.923650
swenable_cpuintensive_w6_2.json,2025-12-26T07:47:24.428982
SWenable_memoryintensive4.json,2025-12-11T08:58:10.788301
mlpdisable_memoryintensive2.json,2026-02-16T23:31:57.440816
swenable_mixed_w14_1.json,2026-01-03T20:38:24.061671
swenable_cpuintensive5.json,2025-12-11T11:38:50.799594
SWdisable_cpuintensive7.json,2025-12-11T17:36:26.716821
SWenable_memoryintensive3.json,2025-12-11T06:06:48.746648
baseline_log_memoryintensive.json,2025-08-05T17:13:51.466992
swenable_cpuintensive_w12_1.json,2025-12-28T13:25:00.532735
mlenable_memoryintensive2.json,2026-02-16T23:06:56.012324
swenable_mixed_w10_2.json,2026-01-03T18:59:48.524640
swenable_mixed_w4_1.json,2026-01-03T07:55:51.804245
dvfs_log_cpuintensive2.json,2025-08-05T20:23:15.059664
swenable_mixed_w14_2.json,2026-01-03T21:01:39.221000
baseline_log_cpuintensive2.json,2025-08-05T20:17:46.108820
swenable_mixed_w6_2.json,2026-01-06T21:30:14.885959
mlpdisable_memoryintensive2.json,2026-02-16T23:28:53.388692
baseline_log_memoryintensive.json,2025-08-05T17:12:31.076271
mlpenable_memoryintensive.json,2025-11-22T23:37:54.305809
swenable_memoryintensive_w4_3.json,2025-12-25T09:10:10.408990
baseline_log_memoryintensive2.json,2025-08-05T19:23:09.737032
swenable_memoryintensive_w4_2.json,2025-12-25T08:41:56.735391
baseline_log_memoryintensive2.json,2025-08-05T19:24:08.033349
swenable_cpuintensive_w4_1.json,2025-12-24T06:56:21.807019
swenable_cpuintensive_w4_2.json,2025-12-24T07:24:34.059239
swenable_memoryintensive_w6_2.json,2025-12-26T07:59:56.296454
baseline_log_memoryintensive2.json,2025-08-05T19:23:55.072449
mlp.json,2025-11-22T09:45:57.054065
baseline_log_cpuintensive.json,2025-07-31T23:02:07.827752
SWdisable_cpuintensive.json,2025-11-25T02:50:33.859426
swenable_mixed_w4_2.json,2026-01-03T08:30:22.944826
swenable_cpuintensive5.json,2025-12-11T11:39:53.692142
swenable_cpuintensive7.json,2025-12-11T17:42:31.337149
mlpenable_cpuintensive2.json,2026-02-16T22:57:42.544221
mlp.json,2025-11-22T09:55:51.883942
mlpdisable_mixed2.json,2026-02-16T23:55:12.147430
SWdisable_memoryintensive8.json,2025-12-11T21:48:27.880626
SW-enable_cpuintensive3.json,2025-12-10T23:06:52.949060
mlpdisable_mixed1.json,2026-02-16T23:38:02.277069
swenable_memoryintensive_w6_1.json,2025-12-26T07:35:37.655291
mlenable_memoryintensive2.json,2026-02-16T23:08:25.256522
mlpenable_cpuintensive3.json,2026-02-17T00:03:37.620160
swenable_cpuintensive_w12_1.json,2025-12-28T13:25:25.751188
SWdisable_cpuintensive.json,2025-11-25T02:52:36.351172
SWdisable_memoryintensive3.json,2025-12-11T06:02:42.907218
mlpdisable_cpuintensive2.json,2026-02-16T23:26:10.349457
swenable_cpuintensive_w6_2.json,2025-12-26T07:48:49.751357
dvfs_log_cpuintensive2.json,2025-08-05T20:22:33.235458
SWenable_cpuintensive8.json,2025-12-11T21:32:10.279299
swenable_cpuintensive5.json,2025-12-11T11:40:29.679346
mlpdisable_mixed2.json,2026-02-16T23:59:22.333924
baseline_log_cpuintensive2.json,2025-08-05T20:14:48.173252
SWenable_cpuintensive8.json,2025-12-11T21:32:21.274661
baseline_log_cpuintensive2.json,2025-08-05T20:15:20.434358
SWenable_memoryintensive2.json,2025-11-25T08:00:04.359683
swenable_mixed_w10_1.json,2026-01-03T18:22:09.100785
swenable_memoryintensive_w10_1.json,2025-12-28T08:49:59.779566
swenable_mixed_w4_1.json,2026-01-03T07:58:40.333711
baseline_log_memoryintensive3.json,2025-08-08T08:40:05.273834
mlpdisable_cpuintensive.json,2025-11-22T15:31:08.901650
dvfs_log_cpuIntensive.json,2025-07-31T23:56:26.722904
swenable_memoryintensive_w14_2.json,2025-12-28T20:00:26.497471
dvfs_log_memoryintensive.json,2025-08-05T16:53:11.252862
swenable_cpuintensive_w4_2.json,2025-12-24T07:24:53.933491
swenable_memoryintensive_w14_2.json,2025-12-28T20:00:56.871620
dvfs_log_cpuintensive3.json,2025-08-08T08:17:55.181294
baseline_log_cpuintensive.json,2025-07-31T22:58:38.787067
swenable_memoryintensive_w14_2.json,2025-12-28T19:57:27.476852
dvfs_log_memoryintensive.json,2025-08-05T16:53:34.712005
SWdisable_memoryintensive2.json,2025-11-25T07:51:11.821406
dvfs_log_cpuintensive2.json,2025-08-05T20:26:15.482921
SWenable_cpuintensive.json,2025-11-25T02:55:52.030835
SWdisable_cpuintensive4.json,2025-12-11T07:08:50.222764
dvfs_log_memoryintensive3.json,2025-08-08T08:51:50.830338
swenable_memoryintensive_w12_3.json,2025-12-28T15:20:28.695765
SWdisable_memoryintensive3.json,2025-12-11T06:00:12.619997
mlpdisable_memoryintensive2.json,2026-02-16T23:27:27.583860
swenable_memoryintensive5.json,2025-12-11T12:53:58.468333
SWenable_memoryintensive2.json,2025-11-25T08:04:01.166311
mlp.json,2025-11-22T10:24:21.673263
swenable_mixed_w14_1.json,2026-01-03T20:40:52.800125
dvfs_log_cpuintensive3.json,2025-08-08T08:21:34.341088
mlpenable_memoryintensive3.json,2026-02-17T00:08:33.012921
mlp.json,2025-11-22T09:50:44.917513
SW-enable_cpuintensive3.json,2025-12-10T23:09:14.811261
swenable_mixed_w12_1.json,2026-01-03T20:19:40.356652
dvfs_log_memoryintensive.json,2025-08-05T16:49:28.118357
dvfs_log_memoryintensive3.json,2025-08-08T08:50:42.265361
swenable_cpuintensive_w10_2.json,2025-12-28T08:21:45.108876
swenable_cpuintensive_w14_2.json,2025-12-28T19:54:41.134173
mlp.json,2025-11-22T10:19:03.663522
swenable_memoryintensive_w6_1.json,2025-12-26T07:31:36.821468
swenable_memoryintensive5.json,2025-12-11T12:54:08.786366
SWdisable_cpuintensive.json,2025-11-25T02:51:27.470062
swenable_cpuintensive_w12_3.json,2025-12-28T15:13:25.943571
mlpdisable_mixed2.json,2026-02-16T23:58:13.891757
swenable_mixed_w10_1.json,2026-01-03T18:21:06.676320
swenable_cpuintensive_w14_2.json,2025-12-28T19:54:35.747877
swenable_mixed_w8_2.json,2026-01-03T10:40:08.206808
mlpenable_cpuintensive2.json,2026-02-16T22:54:16.751507
swenable_memoryintensive6.json,2025-12-11T15:34:30.549187
swenable_cpuintensive6.json,2025-12-11T15:08:20.570461
dvfs_log_cpuintensive2.json,2025-08-05T20:23:02.212495
SWenable_cpuintensive8.json,2025-12-11T21:32:04.973868
SWdisable_memoryintensive3.json,2025-12-11T06:03:26.016334
SWenable_memoryintensive2.json,2025-11-25T08:03:51.206859
swenable_cpuintensive_w12_1.json,2025-12-28T13:25:05.434529
dvfs_log_cpuintensive2.json,2025-08-05T20:25:59.308659
swenable_memoryintensive7.json,2025-12-11T20:50:33.564165
mlp.json,2025-11-22T09:54:27.683883
swenable_cpuintensive_w14_2.json,2025-12-28T19:52:09.160910
SWenable_cpuintensive8.json,2025-12-11T21:31:24.983869
SWdisable_memoryintensive2.json,2025-11-25T07:51:35.714236
swenable_memoryintensive_w10_1.json,2025-12-28T08:47:32.007923
baseline_log_cpuintensive.json,2025-07-31T23:01:06.734148
mlp.json,2025-11-22T09:42:47.954333
SWdisable_cpuintensive.json,2025-11-25T02:52:11.737608
SWdisable_memoryintensive2.json,2025-11-25T07:53:41.540617
swenable_mixed_w4_1.json,2026-01-03T07:54:17.377660
swenable_memoryintensive_w10_2.json,2025-12-28T08:30:22.533220
SWdisable_cpuintensive.json,2025-11-25T02:50:19.480121
swenable_memoryintensive_w4_2.json,2025-12-25T08:41:21.261661
SWdisable_memoryintensive3.json,2025-12-11T05:59:53.814674
mlpdisable_memoryintensive3.json,2026-02-16T23:48:53.988089
swenable_memoryintensive_w10_3.json,2025-12-28T07:28:11.069283
mlpdisable_memoryintensive2.json,2026-02-16T23:31:23.456714
mlpdisable_memoryintensive3.json,2026-02-16T23:50:40.622292
mlpenable_mixed2.json,2026-02-17T00:15:42.157996
SWdisable_memoryintensive7.json,2025-12-11T20:57:08.548347
swenable_mixed_w12_2.json,2026-01-03T19:12:15.340557
mlpdisable_memoryintensive.json,2025-11-22T23:13:38.489301
swenable_mixed_w12_1.json,2026-01-03T20:18:00.255751
swenable_memoryintensive_w10_3.json,2025-12-28T07:24:57.738993
baseline_log_cpuintensive3.json,2025-08-08T08:28:54.404536
swenable_mixed_w14_1.json,2026-01-03T20:41:12.464315
swenable_memoryintensive7.json,2025-12-11T20:48:47.518038
swenable_mixed_w10_2.json,2026-01-03T19:04:08.193296
swenable_cpuintensive6.json,2025-12-11T15:07:19.975890
swenable_memoryintensive_w10_2.json,2025-12-28T08:32:01.293942
swenable_memoryintensive_w10_1.json,2025-12-28T08:49:33.850232
dvfs_log_cpuintensive3.json,2025-08-08T08:22:14.989547
swenable_mixed_w8_1.json,2026-01-06T21:11:49.075672
mlpenable_mixed1.json,2026-02-16T23:14:40.635427
swenable_mixed_w6_1.json,2026-01-03T09:20:49.619600
mlp.json,2025-11-22T10:13:57.173852
mlenable_memoryintensive2.json,2026-02-16T23:09:07.307442
swenable_cpuintensive5.json,2025-12-11T11:42:17.937056
mlp.json,2025-11-22T10:21:26.563231
mlpenable_mixed1.json,2026-02-16T23:13:23.446579
mlpdisable_cpuintensive.json,2025-11-22T15:26:41.099717
swenable_memoryintensive_w6_2.json,2025-12-26T07:56:28.596502
baseline_log_cpuintensive3.json,2025-08-08T08:28:40.925069
SWdisable_memoryintensive3.json,2025-12-11T05:59:34.350927
mlpenable_mixed1.json,2026-02-16T23:16:12.017234
SWdisable_memoryintensive8.json,2025-12-11T21:52:59.088659
mlpdisable_mixed2.json,2026-02-16T23:56:09.176974
dvfs_log_cpuintensive3.json,2025-08-08T08:21:24.066765
mlpdisable_mixed2.json,2026-02-16T23:59:27.432779
swenable_cpuintensive_w6_2.json,2025-12-26T07:44:52.710055
swenable_mixed_w8_1.json,2026-01-06T21:14:24.056325
mlenable_memoryintensive2.json,2026-02-16T23:07:43.178339
SWdisable_memoryintensive7.json,2025-12-11T20:59:54.199761
mlp.json,2025-11-22T10:03:06.037519
baseline_log_memoryintensive3.json,2025-08-08T08:44:01.151428
swenable_memoryintensive_w4_2.json,2025-12-25T08:39:29.913186
mlpdisable_memoryintensive2.json,2026-02-16T23:31:18.693738
mlpenable_cpuintensive.json,2025-11-22T15:11:16.010609
swenable_mixed_w12_1.json,2026-01-03T20:21:11.911334
SWenable_cpuintensive4.json,2025-12-11T06:59:19.642388
mlpdisable_cpuintensive.json,2025-11-22T15:26:27.512571
swenable_cpuintensive_w4_1.json,2025-12-24T06:56:54.590630
swenable_cpuintensive5.json,2025-12-11T11:40:05.654721
SWenable_cpuintensive.json,2025-11-25T02:57:11.565939
swenable_cpuintensive5.json,2025-12-11T11:39:00.554863
swenable_cpuintensive_w4_2.json,2025-12-24T07:21:43.302592
mlpdisable_cpuintensive3.json,2026-02-16T23:44:56.353089
swenable_memoryintensive8.json,2025-12-11T21:43:22.296635
mlpenable_cpuintensive2.json,2026-02-16T22:54:40.162136
dvfs_log_cpuintensive2.json,2025-08-05T20:23:21.558189
swenable_memoryintensive_w6_1.json,2025-12-26T07:35:13.245559
SW-enable_cpuintensive3.json,2025-12-10T23:09:56.368254
mlp.json,2025-11-22T10:07:35.369760
mlp.json,2025-11-22T10:20:45.203233
mlpdisable_mixed1.json,2026-02-16T23:35:08.944609
dvfs_log_memoryintensive.json,2025-08-05T16:52:13.772163
swenable_cpuintensive_w14_1.json,2025-12-28T21:01:54.150337
swenable_mixed_w12_2.json,2026-01-03T19:11:26.092802
swenable_memoryintensive_w4_3.json,2025-12-25T09:10:05.014144
swenable_cpuintensive_w12_1.json,2025-12-28T13:22:42.737456
mlpdisable_cpuintensive.json,2025-11-22T15:30:39.929659
swenable_memoryintensive_w6_2.json,2025-12-26T07:59:50.689905
swenable_memoryintensive_w14_3.json,2025-12-28T15:49:05.575517
mlenable_memoryintensive2.json,2026-02-16T23:07:00.768727
swenable_memoryintensive_w6_1.json,2025-12-26T07:34:49.386022
swenable_memoryintensive_w12_1.json,2025-12-28T13:33:35.838497
mlp.json,2025-11-22T09:56:51.973792
swenable_mixed_w10_1.json,2026-01-03T18:21:36.600441
swenable_cpuintensive_w14_1.json,2025-12-28T21:00:58.912189
SW-enable_cpuintensive3.json,2025-12-10T23:09:40.478466
SW-disable_cpuintensive3.json,2025-12-10T23:18:38.831860
swenable_cpuintensive7.json,2025-12-11T17:41:22.936277
mlp.json,2025-11-22T10:24:07.873415
SWenable_cpuintensive4.json,2025-12-11T07:03:42.143046
SWdisable_memoryintensive7.json,2025-12-11T20:59:29.623713
baseline_log_cpuintensive3.json,2025-08-08T08:25:59.388680
mlpenable_mixed2.json,2026-02-17T00:17:01.490994
swenable_cpuintensive7.json,2025-12-11T17:44:00.544483
mlp.json,2025-11-22T10:02:24.124998
dvfs_log_cpuintensive3.json,2025-08-08T08:18:11.919126
SWdisable_memoryintensive7.json,2025-12-11T20:56:34.673797
swenable_memoryintensive_w10_2.json,2025-12-28T08:27:40.902058
baseline_log_memoryintensive3.json,2025-08-08T08:42:36.527347
swenable_mixed_w12_2.json,2026-01-03T19:15:08.117606
swenable_memoryintensive8.json,2025-12-11T21:40:45.908580
mlpenable_mixed2.json,2026-02-17T00:14:37.277863
swenable_mixed_w4_2.json,2026-01-03T08:32:47.194037
swenable_mixed_w6_2.json,2026-01-06T21:28:31.704252
swenable_memoryintensive_w14_2.json,2025-12-28T19:58:35.597593
swenable_memoryintensive6.json,2025-12-11T15:35:11.277229
swenable_cpuintensive_w10_2.json,2025-12-28T08:21:54.621030
mlpdisable_mixed1.json,2026-02-16T23:37:13.876388
swenable_memoryintensive7.json,2025-12-11T20:47:15.131889
dvfs_log_memoryintensive3.json,2025-08-08T08:51:19.613175
mlp.json,2025-11-22T10:12:05.587313
swenable_memoryintensive_w10_2.json,2025-12-28T08:29:42.442898
swenable_memoryintensive5.json,2025-12-11T12:49:19.022560
baseline_log_memoryintensive3.json,2025-08-08T08:44:04.535751
dvfs_log_cpuintensive2.json,2025-08-05T20:24:48.386303
SW-enable_cpuintensive3.json,2025-12-10T23:08:10.030068
swenable_cpuintensive_w12_2.json,2025-12-28T14:24:01.636170
swenable_cpuintensive_w10_2.json,2025-12-28T08:23:13.896405
dvfs_log_memoryintensive2.json,2025-08-05T19:33:43.211182
mlpdisable_memoryintensive3.json,2026-02-16T23:51:19.338049
SWdisable_memoryintensive8.json,2025-12-11T21:50:33.400242
SW-enable_cpuintensive3.json,2025-12-10T23:06:21.756762
SWenable_memoryintensive2.json,2025-11-25T08:04:41.912940
mlpdisable_cpuintensive2.json,2026-02-16T23:24:39.498195
swenable_memoryintensive8.json,2025-12-11T21:40:55.503392
swenable_cpuintensive_w12_3.json,2025-12-28T15:11:55.662239
swenable_cpuintensive_w14_1.json,2025-12-28T21:02:39.883333
dvfs_log_cpuintensive2.json,2025-08-05T20:26:25.115330
swenable_mixed_w4_1.json,2026-01-03T07:58:16.912564
SWenable_memoryintensive3.json,2025-12-11T06:11:32.406826
SWenable_memoryintensive2.json,2025-11-25T08:03:41.122207
swenable_mixed_w12_2.json,2026-01-03T19:15:02.646211
swenable_mixed_w14_1.json,2026-01-03T20:39:18.365771
SWdisable_cpuintensive8.json,2025-12-11T21:11:27.362896
swenable_mixed_w12_1.json,2026-01-03T20:19:19.963466
SWdisable_memoryintensive3.json,2025-12-11T06:02:04.281891
swenable_memoryintensive_w12_2.json,2025-12-28T14:30:36.329758
baseline_log_memoryintensive2.json,2025-08-05T19:24:24.448266
swenable_memoryintensive7.json,2025-12-11T20:52:12.846912
swenable_cpuintensive_w14_2.json,2025-12-28T19:54:04.867041
swenable_mixed_w8_2.json,2026-01-03T10:41:21.039128
swenable_memoryintensive_w14_2.json,2025-12-28T20:00:36.423010
swenable_cpuintensive_w6_2.json,2025-12-26T07:45:33.890513
swenable_cpuintensive_w4_3.json,2025-12-24T07:57:32.263335
SWdisable_memoryintensive2.json,2025-11-25T07:52:38.451287
swenable_mixed_w10_2.json,2026-01-03T19:01:50.239945
mlpenable_mixed1.json,2026-02-16T23:13:18.700669
dvfs_log_cpuIntensive.json,2025-07-31T23:57:57.452826
baseline_log_memoryintensive3.json,2025-08-08T08:42:43.251615
swenable_mixed_w12_1.json,2026-01-03T20:18:25.418312
swenable_memoryintensive_w14_2.json,2025-12-28T19:58:30.746364
swenable_mixed_w14_2.json,2026-01-03T21:01:57.742913
swenable_memoryintensive_w4_1.json,2025-12-25T08:24:19.413651
swenable_memoryintensive_w6_3.json,2025-12-26T09:07:13.731353
swenable_mixed_w14_1.json,2026-01-03T20:42:17.698213
swenable_memoryintensive_w10_3.json,2025-12-28T07:26:28.159470
baseline_log_cpuintensive2.json,2025-08-05T20:18:24.808898
mlp.json,2025-11-22T10:06:30.523798
mlpdisable_cpuintensive2.json,2026-02-16T23:24:44.236743
mlpenable_mixed2.json,2026-02-17T00:15:23.734088
swenable_mixed_w8_2.json,2026-01-03T10:40:13.057549
swenable_mixed_w12_2.json,2026-01-03T19:11:50.953965
swenable_mixed_w6_2.json,2026-01-06T21:28:37.867132
SWdisable_cpuintensive.json,2025-11-25T02:52:45.876470
swenable_cpuintensive_w4_3.json,2025-12-24T07:59:11.484649
baseline_log_cpuintensive.json,2025-07-31T22:58:58.016324
baseline_log_memoryintensive2.json,2025-08-05T19:22:37.438234
SWenable_memoryintensive3.json,2025-12-11T06:08:42.022747
baseline_log_memoryintensive.json,2025-08-05T17:10:22.434468
swenable_cpuintensive_w6_1.json,2025-12-26T06:58:08.470738
mlpdisable_memoryintensive3.json,2026-02-16T23:52:12.469587
swenable_cpuintensive_w6_1.json,2025-12-26T06:58:27.957401
SWdisable_memoryintensive4.json,2025-12-11T09:08:35.163773
swenable_memoryintensive_w12_1.json,2025-12-28T13:34:37.008211
swenable_cpuintensive_w6_2.json,2025-12-26T07:46:33.844718
swenable_memoryintensive5.json,2025-12-11T12:52:53.348827
dvfs_log_memoryintensive2.json,2025-08-05T19:33:00.992795
SWenable_cpuintensive4.json,2025-12-11T07:03:26.187938
swenable_cpuintensive_w14_3.json,2025-12-28T15:38:44.995562
mlpdisable_memoryintensive3.json,2026-02-16T23:51:33.974491
mlpenable_memoryintensive3.json,2026-02-17T00:09:33.384221
baseline_log_memoryintensive.json,2025-08-05T17:10:38.484771
swenable_cpuintensive_w12_1.json,2025-12-28T13:26:37.057652
dvfs_log_memoryintensive.json,2025-08-05T16:52:30.710484
mlpenable_cpuintensive3.json,2026-02-17T00:01:59.540193
mlpdisable_cpuintensive2.json,2026-02-16T23:23:13.057280
swenable_memoryintensive_w12_3.json,2025-12-28T15:18:05.937844
swenable_cpuintensive_w6_3.json,2025-12-26T08:57:18.924173
swenable_mixed_w14_2.json,2026-01-03T21:01:43.843298
SWdisable_memoryintensive3.json,2025-12-11T06:04:10.001333
swenable_memoryintensive_w12_3.json,2025-12-28T15:22:53.321518
swenable_mixed_w4_2.json,2026-01-03T08:31:49.921496
mlp.json,2025-11-22T10:12:56.723369
swenable_cpuintensive_w14_1.json,2025-12-28T20:59:59.004404
swenable_mixed_w14_2.json,2026-01-03T21:02:54.981885
mlpdisable_mixed2.json,2026-02-16T23:58:37.911080
SWenable_memoryintensive3.json,2025-12-11T06:07:04.000727
swenable_memoryintensive8.json,2025-12-11T21:40:08.827143
swenable_memoryintensive_w14_2.json,2025-12-28T20:00:41.416798
SWdisable_cpuintensive7.json,2025-12-11T17:35:57.213360
baseline_log_cpuintensive3.json,2025-08-08T08:25:23.066394
swenable_cpuintensive_w6_2.json,2025-12-26T07:49:21.265457
mlpenable_mixed2.json,2026-02-17T00:17:10.807281
swenable_cpuintensive_w6_3.json,2025-12-26T08:58:07.303208
swenable_memoryintensive_w14_1.json,2025-12-28T21:05:08.918000
baseline_log_cpuintensive2.json,2025-08-05T20:15:17.192191
mlp.json,2025-11-22T10:02:05.579732
swenable_memoryintensive_w12_2.json,2025-12-28T14:31:26.355031
baseline_log_memoryintensive3.json,2025-08-08T08:43:10.248381
mlp.json,2025-11-22T10:24:49.637618
SW-disable_cpuintensive3.json,2025-12-10T23:20:55.877401
baseline_log_memoryintensive.json,2025-08-05T17:11:17.156550
swenable_cpuintensive6.json,2025-12-11T15:07:15.372532
swenable_cpuintensive_w4_3.json,2025-12-24T07:58:44.230093
swenable_mixed_w8_2.json,2026-01-03T10:41:11.486907
swenable_memoryintensive_w10_2.json,2025-12-28T08:29:58.050540
SWdisable_cpuintensive8.json,2025-12-11T21:11:22.028962
baseline_log_cpuintensive2.json,2025-08-05T20:16:02.669107
swenable_cpuintensive_w4_3.json,2025-12-24T08:00:10.665409
mlp.json,2025-11-22T10:07:53.923528
baseline_log_cpuintensive2.json,2025-08-05T20:17:33.169018
swenable_mixed_w10_1.json,2026-01-03T18:24:16.205076
swenable_cpuintensive_w4_2.json,2025-12-24T07:21:38.116198
swenable_mixed_w10_1.json,2026-01-03T18:19:25.473403
dvfs_log_cpuIntensive.json,2025-07-31T23:53:25.130583
mlp.json,2025-11-22T09:49:35.238856
baseline_log_cpuintensive.json,2025-07-31T23:01:48.541316
dvfs_log_memoryintensive2.json,2025-08-05T19:32:38.333945
mlpenable_memoryintensive.json,2025-11-22T23:41:23.736007
baseline_log_cpuintensive2.json,2025-08-05T20:17:39.688886
swenable_cpuintensive_w4_1.json,2025-12-24T06:56:45.086382
mlenable_memoryintensive2.json,2026-02-16T23:10:05.105706
swenable_memoryintensive_w4_2.json,2025-12-25T08:38:30.638071
swenable_memoryintensive_w12_3.json,2025-12-28T15:21:02.512774
dvfs_log_cpuintensive2.json,2025-08-05T20:23:18.288023
swenable_memoryintensive_w4_3.json,2025-12-25T09:07:29.313711
swenable_cpuintensive_w12_3.json,2025-12-28T15:11:27.671979
dvfs_log_memoryintensive2.json,2025-08-05T19:34:38.278887
swenable_cpuintensive_w14_2.json,2025-12-28T19:52:49.045305
swenable_memoryintensive_w6_2.json,2025-12-26T08:00:13.533179
SWdisable_memoryintensive8.json,2025-12-11T21:49:40.453976
mlenable_memoryintensive2.json,2026-02-16T23:11:02.167484
mlp.json,2025-11-22T10:04:10.873924
mlp.json,2025-11-22T09:43:25.218445
baseline_log_memoryintensive2.json,2025-08-05T19:25:09.559583
mlpenable_memoryintensive.json,2025-11-22T23:39:40.886027
swenable_mixed_w10_1.json,2026-01-03T18:22:13.955347
SWdisable_memoryintensive4.json,2025-12-11T09:08:15.795717
SWdisable_memoryintensive3.json,2025-12-11T05:59:39.027813
swenable_memoryintensive_w6_3.json,2025-12-26T09:04:24.509064
SWdisable_cpuintensive8.json,2025-12-11T21:09:45.509648
swenable_memoryintensive_w4_3.json,2025-12-25T09:09:04.625436
mlp.json,2025-11-22T10:06:49.083393
mlpdisable_mixed1.json,2026-02-16T23:34:21.127064
mlp.json,2025-11-22T09:56:33.524241
swenable_memoryintensive_w14_3.json,2025-12-28T15:46:30.480473
mlenable_memoryintensive2.json,2026-02-16T23:07:19.716493
SW-enable_cpuintensive3.json,2025-12-10T23:09:35.170557
baseline_log_memoryintensive.json,2025-08-05T17:12:27.846183
swenable_memoryintensive_w4_3.json,2025-12-25T09:07:00.775433
swenable_cpuintensive_w10_1.json,2025-12-28T08:40:13.602087
swenable_memoryintensive_w4_3.json,2025-12-25T09:11:00.697925
dvfs_log_cpuintensive3.json,2025-08-08T08:17:58.501107
SWenable_memoryintensive4.json,2025-12-11T08:56:03.317353
swenable_memoryintensive5.json,2025-12-11T12:50:18.033429
mlp.json,2025-11-22T09:54:46.515692
mlpdisable_memoryintensive.json,2025-11-22T23:09:17.705360
baseline_log_memoryintensive3.json,2025-08-08T08:40:58.991946
swenable_cpuintensive_w14_3.json,2025-12-28T15:39:50.481176
swenable_mixed_w10_2.json,2026-01-03T19:04:02.422039
mlp.json,2025-11-22T09:47:25.354332
swenable_memoryintensive_w10_2.json,2025-12-28T08:27:36.083782
mlpdisable_cpuintensive.json,2025-11-22T15:27:08.049866
baseline_log_cpuintensive.json,2025-07-31T22:58:29.171817
mlp.json,2025-11-22T10:16:54.853462
swenable_cpuintensive_w14_1.json,2025-12-28T20:58:25.732013
mlpenable_cpuintensive3.json,2026-02-17T00:01:34.917861
SWdisable_memoryintensive3.json,2025-12-11T05:59:43.874846
dvfs_log_cpuintensive3.json,2025-08-08T08:22:11.434231
dvfs_log_memoryintensive3.json,2025-08-08T08:49:13.239849
dvfs_log_memoryintensive.json,2025-08-05T16:52:44.323496
SWdisable_memoryintensive7.json,2025-12-11T20:57:52.006667
SWdisable_memoryintensive4.json,2025-12-11T09:06:04.447843
swenable_memoryintensive_w14_1.json,2025-12-28T21:08:29.186466
swenable_memoryintensive5.json,2025-12-11T12:49:28.465757
baseline_log_cpuintensive3.json,2025-08-08T08:25:03.417481
baseline_log_cpuintensive3.json,2025-08-08T08:26:12.996947
SWdisable_cpuintensive.json,2025-11-25T02:52:02.261110
swenable_memoryintensive_w12_1.json,2025-12-28T13:31:15.154749
swenable_memoryintensive_w10_1.json,2025-12-28T08:46:37.418401
mlp.json,2025-11-22T10:18:17.503400
swenable_cpuintensive_w4_1.json,2025-12-24T06:56:49.723923
mlp.json,2025-11-22T10:08:21.608854
SWdisable_memoryintensive8.json,2025-12-11T21:49:01.816357
baseline_log_cpuintensive2.json,2025-08-05T20:18:50.821404
swenable_cpuintensive_w10_2.json,2025-12-28T08:21:49.850104
mlpenable_memoryintensive3.json,2026-02-17T00:10:15.173839
mlpdisable_memoryintensive3.json,2026-02-16T23:52:17.316372
dvfs_log_cpuintensive2.json,2025-08-05T20:25:56.097876
SWdisable_memoryintensive4.json,2025-12-11T09:07:36.788409
dvfs_log_cpuIntensive.json,2025-07-31T23:56:56.739746
swenable_cpuintensive_w4_2.json,2025-12-24T07:21:33.493626
swenable_cpuintensive_w10_3.json,2025-12-28T07:14:02.270676
swenable_cpuintensive_w4_1.json,2025-12-24T06:56:07.294379
mlpdisable_cpuintensive.json,2025-11-22T15:31:17.997763
mlpenable_memoryintensive.json,2025-11-22T23:40:50.846082
SWenable_cpuintensive4.json,2025-12-11T07:01:00.656802
mlp.json,2025-11-22T10:12:28.937336
baseline_log_cpuintensive.json,2025-07-31T22:58:32.376783
mlpenable_cpuintensive3.json,2026-02-17T00:02:44.070725
baseline_log_memoryintensive.json,2025-08-05T17:09:50.256880
baseline_log_memoryintensive3.json,2025-08-08T08:40:32.357495
mlp.json,2025-11-22T10:18:45.143268
baseline_log_memoryintensive3.json,2025-08-08T08:41:52.823255
mlpenable_cpuintensive2.json,2026-02-16T22:53:48.103008
dvfs_log_memoryintensive2.json,2025-08-05T19:35:00.891139
dvfs_log_cpuIntensive.json,2025-07-31T23:56:16.324183
mlpdisable_cpuintensive3.json,2026-02-16T23:44:51.514831
mlp.json,2025-11-22T09:59:00.873891
swenable_cpuintensive_w10_3.json,2025-12-28T07:12:32.546430
swenable_memoryintensive_w12_2.json,2025-12-28T14:33:33.837238
baseline_log_memoryintensive.json,2025-08-05T17:10:12.698991
SW-enable_cpuintensive3.json,2025-12-10T23:09:45.913936
baseline_log_memoryintensive.json,2025-08-05T17:12:50.384570
swenable_memoryintensive_w6_3.json,2025-12-26T09:06:48.834603
swenable_memoryintensive_w6_1.json,2025-12-26T07:32:24.725819
mlpdisable_memoryintensive3.json,2026-02-16T23:52:31.647706
swenable_cpuintensive6.json,2025-12-11T15:10:47.903381
SWenable_memoryintensive3.json,2025-12-11T06:10:06.745868
SWdisable_memoryintensive.json,2025-11-25T02:25:08.582861
swenable_memoryintensive_w6_1.json,2025-12-26T07:33:41.805252
swenable_memoryintensive_w6_2.json,2025-12-26T07:59:38.884809
swenable_mixed_w4_2.json,2026-01-03T08:29:29.995117
SWenable_memoryintensive3.json,2025-12-11T06:10:38.357811
swenable_memoryintensive_w4_2.json,2025-12-25T08:41:06.493654
dvfs_log_cpuIntensive.json,2025-07-31T23:54:01.857772
swenable_mixed_w6_1.json,2026-01-03T09:22:27.540132
swenable_mixed_w8_2.json,2026-01-03T10:41:55.267872
swenable_mixed_w14_2.json,2026-01-03T21:03:55.797835
dvfs_log_cpuintensive2.json,2025-08-05T20:26:51.155794
swenable_cpuintensive_w6_2.json,2025-12-26T07:44:47.681067
mlpdisable_mixed2.json,2026-02-16T23:58:28.303509
SWenable_cpuintensive4.json,2025-12-11T07:01:16.077303
SWenable_cpuintensive8.json,2025-12-11T21:28:28.876642
SWdisable_cpuintensive8.json,2025-12-11T21:10:53.498047
swenable_memoryintensive_w14_1.json,2025-12-28T21:04:40.163870
swenable_memoryintensive_w10_3.json,2025-12-28T07:28:23.204530
SWdisable_cpuintensive8.json,2025-12-11T21:12:35.798041
mlpenable_cpuintensive3.json,2026-02-17T00:04:25.810621
swenable_cpuintensive_w14_3.json,2025-12-28T15:42:46.596689
swenable_memoryintensive_w4_3.json,2025-12-25T09:10:30.436707
swenable_mixed_w6_2.json,2026-01-06T21:26:55.963493
swenable_memoryintensive_w14_3.json,2025-12-28T15:47:47.143562
swenable_mixed_w10_2.json,2026-01-03T18:59:53.347653
mlpdisable_cpuintensive.json,2025-11-22T15:26:36.520016
mlp.json,2025-11-22T10:02:33.323908
swenable_mixed_w4_1.json,2026-01-03T07:57:13.484788
swenable_memoryintensive_w14_2.json,2025-12-28T20:01:52.267027
swenable_memoryintensive_w4_1.json,2025-12-25T08:26:43.772007
SWdisable_cpuintensive4.json,2025-12-11T07:09:48.128256
SW-enable_cpuintensive3.json,2025-12-10T23:06:32.586139
swenable_cpuintensive_w12_1.json,2025-12-28T13:26:42.009492
SWenable_cpuintensive4.json,2025-12-11T07:00:09.749561
SWdisable_memoryintensive3.json,2025-12-11T06:00:07.938128
baseline_log_cpuintensive.json,2025-07-31T22:58:16.352682
swenable_mixed_w8_1.json,2026-01-06T21:11:53.923021
swenable_memoryintensive_w12_2.json,2025-12-28T14:35:01.953814
swenable_cpuintensive_w10_1.json,2025-12-28T08:40:18.853240
SWenable_cpuintensive4.json,2025-12-11T07:02:25.616694
swenable_cpuintensive6.json,2025-12-11T15:11:06.807209
baseline_log_cpuintensive3.json,2025-08-08T08:28:13.939263
swenable_memoryintensive_w4_3.json,2025-12-25T09:06:46.453181
mlpenable_cpuintensive3.json,2026-02-17T00:02:53.832280
mlpdisable_cpuintensive3.json,2026-02-16T23:42:32.114780
swenable_memoryintensive_w12_1.json,2025-12-28T13:33:00.871480
swenable_mixed_w12_2.json,2026-01-03T19:13:48.655121
swenable_mixed_w4_1.json,2026-01-03T07:56:26.019002
dvfs_log_memoryintensive.json,2025-08-05T16:53:58.341545
swenable_memoryintensive_w12_3.json,2025-12-28T15:18:21.212341
baseline_log_cpuintensive3.json,2025-08-08T08:25:26.471741
swenable_mixed_w6_1.json,2026-01-03T09:19:39.391457
baseline_log_cpuintensive.json,2025-07-31T23:02:17.459742
swenable_memoryintensive_w14_1.json,2025-12-28T21:06:52.185338
swenable_cpuintensive_w4_2.json,2025-12-24T07:23:31.998173
mlp.json,2025-11-22T10:02:47.207222
dvfs_log_cpuIntensive.json,2025-07-31T23:56:50.046457
mlpenable_memoryintensive.json,2025-11-22T23:39:31.338088
swenable_cpuintensive_w12_2.json,2025-12-28T14:26:14.400825
swenable_memoryintensive_w10_1.json,2025-12-28T08:47:51.008197
dvfs_log_cpuIntensive.json,2025-07-31T23:55:48.802095
SWenable_memoryintensive4.json,2025-12-11T08:58:16.822103
mlp.json,2025-11-22T10:14:44.131593
swenable_mixed_w6_2.json,2026-01-06T21:27:10.373195
swenable_cpuintensive_w10_2.json,2025-12-28T08:20:21.222721
swenable_memoryintensive_w4_1.json,2025-12-25T08:28:44.413343
SWdisable_memoryintensive4.json,2025-12-11T09:06:47.965066
mlpdisable_mixed2.json,2026-02-16T23:55:02.788172
swenable_memoryintensive_w6_2.json,2025-12-26T07:55:57.590476
SWdisable_memoryintensive.json,2025-11-25T02:25:47.835151
mlp.json,2025-11-22T10:13:01.294598
swenable_memoryintensive_w10_3.json,2025-12-28T07:26:03.229163
SWenable_memoryintensive3.json,2025-12-11T06:08:20.900865
baseline_log_cpuintensive.json,2025-07-31T22:59:23.784279
SW-disable_cpuintensive3.json,2025-12-10T23:20:06.412706
swenable_memoryintensive_w4_1.json,2025-12-25T08:27:34.312811
swenable_memoryintensive_w4_3.json,2025-12-25T09:08:39.325069
baseline_log_memoryintensive.json,2025-08-05T17:12:47.177796
SWdisable_memoryintensive3.json,2025-12-11T06:01:53.958419
swenable_cpuintensive_w10_3.json,2025-12-28T07:13:48.333918
baseline_log_cpuintensive.json,2025-07-31T23:00:28.070761
baseline_log_memoryintensive2.json,2025-08-05T19:26:17.675095
swenable_mixed_w8_2.json,2026-01-03T10:44:42.011973
swenable_mixed_w14_1.json,2026-01-03T20:39:53.212502
swenable_mixed_w14_2.json,2026-01-03T21:05:07.502783
swenable_mixed_w10_1.json,2026-01-03T18:23:11.553883
swenable_memoryintensive_w6_3.json,2025-12-26T09:02:57.283065
mlp.json,2025-11-22T10:21:35.846905
swenable_cpuintensive7.json,2025-12-11T17:42:25.806718
mlp.json,2025-11-22T10:23:49.453069
swenable_memoryintensive_w12_1.json,2025-12-28T13:35:34.193659
baseline_log_cpuintensive.json,2025-07-31T23:00:08.730434
SWenable_memoryintensive2.json,2025-11-25T08:01:14.327143
mlpdisable_cpuintensive.json,2025-11-22T15:27:35.342902
mlpdisable_mixed1.json,2026-02-16T23:37:09.070608
swenable_memoryintensive_w4_2.json,2025-12-25T08:42:16.484870
swenable_cpuintensive_w10_2.json,2025-12-28T08:23:43.446316
baseline_log_memoryintensive.json,2025-08-05T17:09:47.050866
swenable_mixed_w4_2.json,2026-01-03T08:33:23.016196
mlp.json,2025-11-22T10:07:07.493593
swenable_memoryintensive_w6_2.json,2025-12-26T07:57:29.353291
swenable_mixed_w14_1.json,2026-01-03T20:39:28.752734
swenable_cpuintensive_w6_2.json,2025-12-26T07:45:45.505845
swenable_cpuintensive_w6_2.json,2025-12-26T07:45:21.474728
swenable_memoryintensive_w6_2.json,2025-12-26T07:56:50.335948
baseline_log_cpuintensive2.json,2025-08-05T20:14:25.715517
swenable_mixed_w4_2.json,2026-01-03T08:30:17.582028
SWenable_cpuintensive8.json,2025-12-11T21:29:23.463808
swenable_mixed_w14_2.json,2026-01-03T21:03:25.849315
SWdisable_cpuintensive4.json,2025-12-11T07:09:43.451744
mlp.json,2025-11-22T10:20:08.210003
swenable_memoryintensive_w12_2.json,2025-12-28T14:30:42.274243
swenable_cpuintensive_w4_1.json,2025-12-24T06:56:01.996992
mlp.json,2025-11-22T09:43:43.766638
baseline_log_memoryintensive3.json,2025-08-08T08:41:29.200157
mlp.json,2025-11-22T10:05:39.413410
SWenable_cpuintensive4.json,2025-12-11T07:02:09.136754
mlp.json,2025-11-22T10:13:47.976715
swenable_memoryintensive6.json,2025-12-11T15:34:51.246164
baseline_log_cpuintensive2.json,2025-08-05T20:17:26.648585
swenable_memoryintensive_w6_3.json,2025-12-26T09:04:14.796192
swenable_memoryintensive_w4_1.json,2025-12-25T08:25:39.060104
dvfs_log_memoryintensive.json,2025-08-05T16:50:52.861723
swenable_cpuintensive_w4_3.json,2025-12-24T07:58:05.691897
swenable_cpuintensive_w14_1.json,2025-12-28T21:03:00.175237
mlp.json,2025-11-22T09:58:51.593870
mlpenable_cpuintensive2.json,2026-02-16T22:54:26.125622
mlp.json,2025-11-22T10:09:31.455796
SWdisable_memoryintensive4.json,2025-12-11T09:06:38.366034
swenable_memoryintensive_w6_1.json,2025-12-26T07:31:15.663461
SWdisable_memoryintensive3.json,2025-12-11T06:02:38.194915
swenable_mixed_w14_2.json,2026-01-03T21:00:26.173265
SW-enable_cpuintensive3.json,2025-12-10T23:08:37.706247
mlpenable_cpuintensive2.json,2026-02-16T22:53:29.527836
swenable_memoryintensive_w12_3.json,2025-12-28T15:22:47.914406
swenable_memoryintensive_w14_3.json,2025-12-28T15:47:42.151338
SW-disable_cpuintensive3.json,2025-12-10T23:18:43.583034
dvfs_log_cpuintensive2.json,2025-08-05T20:22:59.004567
SWenable_cpuintensive8.json,2025-12-11T21:30:29.364125
mlpdisable_cpuintensive3.json,2026-02-16T23:41:53.687775
swenable_memoryintensive_w10_1.json,2025-12-28T08:50:20.209848
mlpdisable_cpuintensive3.json,2026-02-16T23:41:48.695616
swenable_cpuintensive7.json,2025-12-11T17:42:49.750055
mlp.json,2025-11-22T09:44:25.244385
dvfs_log_cpuintensive3.json,2025-08-08T08:20:30.001501
baseline_log_memoryintensive3.json,2025-08-08T08:42:56.742793
baseline_log_cpuintensive2.json,2025-08-05T20:14:15.808053
SW-enable_cpuintensive3.json,2025-12-10T23:09:04.487229
swenable_cpuintensive_w4_1.json,2025-12-24T06:57:57.577609
mlpdisable_cpuintensive.json,2025-11-22T15:30:02.467469
swenable_cpuintensive_w10_3.json,2025-12-28T07:12:26.985981
baseline_log_memoryintensive2.json,2025-08-05T19:25:51.604560
mlpdisable_cpuintensive2.json,2026-02-16T23:23:03.767950
swenable_mixed_w14_2.json,2026-01-03T21:03:36.197815
swenable_memoryintensive_w12_3.json,2025-12-28T15:21:30.209696
swenable_mixed_w12_1.json,2026-01-03T20:20:46.707001
baseline_log_cpuintensive.json,2025-07-31T23:01:38.843982
mlpenable_mixed2.json,2026-02-17T00:15:46.982051
SWenable_memoryintensive2.json,2025-11-25T08:02:19.118948
mlp.json,2025-11-22T10:16:59.488298
SWenable_memoryintensive3.json,2025-12-11T06:07:39.937399
swenable_memoryintensive_w10_1.json,2025-12-28T08:49:44.364625
SW-enable_cpuintensive3.json,2025-12-10T23:09:51.269114
mlpdisable_mixed1.json,2026-02-16T23:37:52.734427
swenable_memoryintensive_w10_3.json,2025-12-28T07:28:57.934651
swenable_memoryintensive_w14_3.json,2025-12-28T15:48:42.647256
dvfs_log_memoryintensive.json,2025-08-05T16:50:32.563330
mlpenable_cpuintensive.json,2025-11-22T15:08:51.560185
mlp.json,2025-11-22T10:15:40.163257
swenable_cpuintensive_w6_3.json,2025-12-26T08:55:39.225303
swenable_mixed_w6_2.json,2026-01-06T21:31:12.874409
SWenable_cpuintensive8.json,2025-12-11T21:29:52.814997
swenable_mixed_w6_2.json,2026-01-06T21:27:35.877158
SWenable_memoryintensive3.json,2025-12-11T06:09:45.263463
swenable_memoryintensive_w14_3.json,2025-12-28T15:46:54.318893
swenable_cpuintensive_w6_1.json,2025-12-26T06:58:42.834713
mlpdisable_memoryintensive.json,2025-11-22T23:08:50.429492
swenable_cpuintensive_w4_3.json,2025-12-24T07:59:22.775129
swenable_cpuintensive_w12_1.json,2025-12-28T13:23:36.487636
swenable_mixed_w12_2.json,2026-01-03T19:15:36.055370
swenable_mixed_w14_1.json,2026-01-03T20:42:35.167669
swenable_cpuintensive_w14_2.json,2025-12-28T19:54:20.816808
baseline_log_cpuintensive.json,2025-07-31T23:02:14.242033
baseline_log_cpuintensive2.json,2025-08-05T20:14:54.665288
mlp.json,2025-11-22T10:16:26.923470
mlp.json,2025-11-22T09:43:34.537934
swenable_memoryintensive_w14_2.json,2025-12-28T20:01:47.373039
swenable_cpuintensive_w6_1.json,2025-12-26T06:59:01.109870
SWenable_cpuintensive8.json,2025-12-11T21:32:15.777029
dvfs_log_memoryintensive.json,2025-08-05T16:51:50.197045
mlpenable_mixed2.json,2026-02-17T00:17:57.090347
swenable_mixed_w6_1.json,2026-01-03T09:20:10.859534
dvfs_log_cpuintensive2.json,2025-08-05T20:22:23.594819
swenable_memoryintensive_w14_1.json,2025-12-28T21:05:28.050702
swenable_cpuintensive_w14_2.json,2025-12-28T19:53:55.007996
swenable_mixed_w8_1.json,2026-01-06T21:12:38.842797
swenable_cpuintensive_w4_3.json,2025-12-24T07:59:17.188675
dvfs_log_memoryintensive3.json,2025-08-08T08:48:59.956797
swenable_memoryintensive_w4_1.json,2025-12-25T08:28:19.163926
swenable_memoryintensive_w14_1.json,2025-12-28T21:05:42.559975
swenable_mixed_w14_2.json,2026-01-03T21:01:25.348177
swenable_memoryintensive_w12_1.json,2025-12-28T13:31:48.817931
mlp.json,2025-11-22T10:10:13.643713
mlp.json,2025-11-22T10:05:06.853663
mlpdisable_mixed2.json,2026-02-16T23:58:23.549218
swenable_cpuintensive_w12_3.json,2025-12-28T15:12:55.254474
mlpenable_cpuintensive.json,2025-11-22T15:06:28.283119
swenable_cpuintensive_w12_3.json,2025-12-28T15:14:14.323480
swenable_memoryintensive_w12_2.json,2025-12-28T14:31:06.799450
swenable_cpuintensive_w12_2.json,2025-12-28T14:23:05.384067
mlpenable_cpuintensive2.json,2026-02-16T22:57:10.118010
mlpenable_memoryintensive3.json,2026-02-17T00:10:28.992678
swenable_cpuintensive_w6_3.json,2025-12-26T08:56:38.216829
swenable_mixed_w12_2.json,2026-01-03T19:13:23.777613
swenable_memoryintensive_w14_3.json,2025-12-28T15:49:35.265135
SW-enable_cpuintensive3.json,2025-12-10T23:07:54.048362
mlpdisable_cpuintensive3.json,2026-02-16T23:44:46.554345
baseline_log_cpuintensive3.json,2025-08-08T08:25:06.684039
swenable_mixed_w14_1.json,2026-01-03T20:41:35.792703
mlp.json,2025-11-22T09:45:29.485225
swenable_cpuintensive_w10_1.json,2025-12-28T08:39:35.060386
swenable_memoryintensive_w10_1.json,2025-12-28T08:49:07.395551
mlp.json,2025-11-22T10:09:59.627921
mlp.json,2025-11-22T09:37:41.561971
swenable_mixed_w8_2.json,2026-01-03T10:41:45.942123
SWdisable_memoryintensive4.json,2025-12-11T09:09:19.397827
dvfs_log_cpuintensive3.json,2025-08-08T08:18:45.372387
SWenable_memoryintensive.json,2025-11-25T02:30:28.382517
swenable_cpuintensive_w4_2.json,2025-12-24T07:22:42.482691
swenable_memoryintensive6.json,2025-12-11T15:31:34.886861
SWdisable_memoryintensive3.json,2025-12-11T06:01:29.809686
SWdisable_memoryintensive8.json,2025-12-11T21:50:48.023074
swenable_memoryintensive_w14_3.json,2025-12-28T15:50:45.160391
swenable_memoryintensive_w10_3.json,2025-12-28T07:28:29.347002
dvfs_log_cpuintensive2.json,2025-08-05T20:27:13.633764
SWenable_memoryintensive3.json,2025-12-11T06:09:34.294066
mlpenable_mixed1.json,2026-02-16T23:13:57.003860
SWdisable_cpuintensive8.json,2025-12-11T21:11:37.253628
baseline_log_cpuintensive.json,2025-07-31T22:59:59.097725
mlpenable_cpuintensive3.json,2026-02-17T00:01:54.563650
swenable_mixed_w4_1.json,2026-01-03T07:55:34.729955
baseline_log_cpuintensive2.json,2025-08-05T20:17:42.899142
swenable_memoryintensive_w6_2.json,2025-12-26T07:57:20.002401
swenable_memoryintensive_w6_2.json,2025-12-26T07:55:28.762027
swenable_mixed_w8_2.json,2026-01-03T10:44:35.901016
baseline_log_memoryintensive3.json,2025-08-08T08:44:11.328705
mlp.json,2025-11-22T10:11:23.563808
mlpdisable_cpuintensive.json,2025-11-22T15:28:34.309702
swenable_cpuintensive5.json,2025-12-11T11:38:21.661325
SWenable_memoryintensive3.json,2025-12-11T06:11:16.775119
swenable_mixed_w8_2.json,2026-01-03T10:44:53.954420
swenable_mixed_w14_1.json,2026-01-03T20:40:37.696100
SW-disable_cpuintensive3.json,2025-12-10T23:17:15.914409
baseline_log_cpuintensive2.json,2025-08-05T20:14:41.756233
swenable_cpuintensive_w6_3.json,2025-12-26T08:59:53.719042
mlpdisable_memoryintensive2.json,2026-02-16T23:30:00.880355
mlpdisable_mixed1.json,2026-02-16T23:38:21.556948
SWdisable_memoryintensive8.json,2025-12-11T21:52:00.397591
dvfs_log_memoryintensive2.json,2025-08-05T19:34:12.382656
swenable_memoryintensive7.json,2025-12-11T20:47:41.804743
mlenable_memoryintensive2.json,2026-02-16T23:06:46.498412
swenable_cpuintensive_w4_1.json,2025-12-24T06:59:53.788317
baseline_log_memoryintensive.json,2025-08-05T17:11:07.539945
mlp.json,2025-11-22T10:01:00.823505
mlpenable_memoryintensive3.json,2026-02-17T00:10:05.881403
swenable_mixed_w12_1.json,2026-01-03T20:17:10.178604
swenable_cpuintensive5.json,2025-12-11T11:41:49.278977
swenable_cpuintensive_w10_3.json,2025-12-28T07:12:07.068641
swenable_cpuintensive_w14_1.json,2025-12-28T21:02:34.941980
swenable_memoryintensive_w6_2.json,2025-12-26T07:58:19.754194
swenable_cpuintensive_w10_1.json,2025-12-28T08:42:21.237458
swenable_cpuintensive5.json,2025-12-11T11:41:16.339656
SWdisable_memoryintensive8.json,2025-12-11T21:52:53.896065
SWdisable_memoryintensive3.json,2025-12-11T06:00:46.363762
mlpenable_mixed2.json,2026-02-17T00:16:19.963443
mlp.json,2025-11-22T09:40:01.124540
mlpdisable_memoryintensive.json,2025-11-22T23:12:23.817569
mlpenable_mixed1.json,2026-02-16T23:15:14.852555
swenable_mixed_w12_2.json,2026-01-03T19:15:13.763003
swenable_memoryintensive_w14_1.json,2025-12-28T21:07:17.637817
swenable_mixed_w4_2.json,2026-01-03T08:32:41.707581
swenable_mixed_w6_1.json,2026-01-03T09:23:18.204746
swenable_memoryintensive_w12_2.json,2025-12-28T14:33:09.092680
swenable_cpuintensive5.json,2025-12-11T11:38:04.386839
SWenable_memoryintensive2.json,2025-11-25T08:00:24.135836
baseline_log_cpuintensive.json,2025-07-31T23:01:51.799436
mlpdisable_mixed1.json,2026-02-16T23:36:30.458858
mlenable_memoryintensive2.json,2026-02-16T23:06:22.763535
swenable_memoryintensive_w6_2.json,2025-12-26T07:55:23.052438
swenable_mixed_w4_1.json,2026-01-03T07:56:30.636952
mlp.json,2025-11-22T10:14:53.406134
swenable_cpuintensive_w4_2.json,2025-12-24T07:24:28.532930
SWenable_memoryintensive2.json,2025-11-25T08:01:54.155620
swenable_mixed_w6_2.json,2026-01-06T21:29:19.953571
swenable_cpuintensive5.json,2025-12-11T11:40:17.807157
baseline_log_memoryintensive2.json,2025-08-05T19:26:07.666532
mlpenable_cpuintensive.json,2025-11-22T15:07:32.325123
swenable_cpuintensive_w12_3.json,2025-12-28T15:10:21.699271
mlpdisable_cpuintensive.json,2025-11-22T15:28:15.863007
mlpdisable_cpuintensive2.json,2026-02-16T23:23:22.751114
mlpdisable_cpuintensive2.json,2026-02-16T23:25:56.032698
swenable_mixed_w8_2.json,2026-01-03T10:42:13.852595
swenable_cpuintensive5.json,2025-12-11T11:38:31.600424
dvfs_log_cpuintensive2.json,2025-08-05T20:27:16.844905
SWenable_cpuintensive.json,2025-11-25T02:58:36.675707
swenable_mixed_w10_1.json,2026-01-03T18:22:42.506503
mlpdisable_mixed1.json,2026-02-16T23:34:11.504598
mlpdisable_mixed1.json,2026-02-16T23:36:20.841270
SWdisable_cpuintensive4.json,2025-12-11T07:10:08.031289
SWdisable_cpuintensive8.json,2025-12-11T21:10:58.229593
dvfs_log_cpuintensive2.json,2025-08-05T20:26:54.366723
swenable_cpuintensive_w12_1.json,2025-12-28T13:23:22.042181
mlpdisable_mixed2.json,2026-02-16T23:57:45.057950
mlp.json,2025-11-22T09:52:31.755858
SWdisable_cpuintensive4.json,2025-12-11T07:08:36.105462
swenable_memoryintensive_w12_3.json,2025-12-28T15:21:46.961001
swenable_cpuintensive_w10_1.json,2025-12-28T08:42:51.420599
mlpenable_cpuintensive3.json,2026-02-17T00:03:28.193133
swenable_memoryintensive_w6_1.json,2025-12-26T07:33:05.736697
dvfs_log_cpuintensive2.json,2025-08-05T20:24:00.141771
dvfs_log_cpuIntensive.json,2025-07-31T23:54:21.651772
swenable_cpuintensive_w14_1.json,2025-12-28T20:58:10.854320
baseline_log_memoryintensive.json,2025-08-05T17:12:08.602298
mlp.json,2025-11-22T10:01:28.559946
dvfs_log_cpuintensive2.json,2025-08-05T20:26:34.747063
swenable_memoryintensive7.json,2025-12-11T20:51:50.374835
mlpdisable_memoryintensive2.json,2026-02-16T23:28:48.604071
swenable_mixed_w6_1.json,2026-01-03T09:21:33.909548
swenable_memoryintensive_w14_1.json,2025-12-28T21:06:22.339561
mlp.json,2025-11-22T10:08:31.123882
mlpenable_memoryintensive3.json,2026-02-17T00:09:00.855301
SWdisable_cpuintensive4.json,2025-12-11T07:11:55.055206
mlpdisable_cpuintensive3.json,2026-02-16T23:46:29.068945
mlp.json,2025-11-22T10:24:40.384734
mlp.json,2025-11-22T09:39:51.969116
swenable_memoryintensive_w10_1.json,2025-12-28T08:46:58.086698
mlpdisable_memoryintensive3.json,2026-02-16T23:49:43.173889
SW-enable_cpuintensive3.json,2025-12-10T23:06:42.754956
mlp.json,2025-11-22T09:54:41.654329
mlpdisable_memoryintensive.json,2025-11-22T23:11:46.536552
swenable_memoryintensive_w10_2.json,2025-12-28T08:31:45.027062
swenable_cpuintensive_w6_2.json,2025-12-26T07:45:39.554612
dvfs_log_cpuIntensive.json,2025-07-31T23:53:08.616947
swenable_cpuintensive_w10_2.json,2025-12-28T08:20:55.004743
mlpdisable_memoryintensive3.json,2026-02-16T23:50:21.422710
swenable_cpuintensive_w14_1.json,2025-12-28T21:02:19.425527
mlenable_memoryintensive2.json,2026-02-16T23:07:57.148710
swenable_cpuintensive_w12_1.json,2025-12-28T13:23:06.609415
swenable_mixed_w14_1.json,2026-01-03T20:38:19.299325
dvfs_log_memoryintensive.json,2025-08-05T16:51:33.051542
swenable_cpuintensive_w14_1.json,2025-12-28T21:00:13.387788
baseline_log_cpuintensive3.json,2025-08-08T08:26:36.106480
swenable_memoryintensive_w10_3.json,2025-12-28T07:27:02.229049
mlpdisable_cpuintensive.json,2025-11-22T15:30:44.566731
baseline_log_memoryintensive2.json,2025-08-05T19:27:03.015805
baseline_log_cpuintensive3.json,2025-08-08T08:28:07.203561
mlpdisable_memoryintensive.json,2025-11-22T23:11:18.192115
swenable_mixed_w6_2.json,2026-01-06T21:28:06.816367
dvfs_log_cpuintensive2.json,2025-08-05T20:25:49.674403
dvfs_log_memoryintensive2.json,2025-08-05T19:33:33.519169
baseline_log_memoryintensive2.json,2025-08-05T19:22:24.533966
swenable_mixed_w12_2.json,2026-01-03T19:14:41.010448
mlpdisable_memoryintensive2.json,2026-02-16T23:27:17.938544
SW-enable_cpuintensive3.json,2025-12-10T23:10:13.050958
swenable_mixed_w6_2.json,2026-01-06T21:28:55.558612
mlp.json,2025-11-22T10:07:26.034034
baseline_log_memoryintensive2.json,2025-08-05T19:25:35.467502
swenable_memoryintensive_w6_2.json,2025-12-26T07:59:09.737675
swenable_mixed_w14_1.json,2026-01-03T20:39:43.586858
swenable_memoryintensive_w4_2.json,2025-12-25T08:38:54.485699
swenable_mixed_w8_2.json,2026-01-03T10:42:28.235021
mlp.json,2025-11-22T09:44:38.884139
SWdisable_memoryintensive4.json,2025-12-11T09:08:25.338449
swenable_memoryintensive_w14_3.json,2025-12-28T15:50:51.244309
mlp.json,2025-11-22T09:51:03.424275
mlp.json,2025-11-22T09:36:47.421486
swenable_cpuintensive_w4_2.json,2025-12-24T07:23:22.184760
mlpenable_mixed1.json,2026-02-16T23:17:34.662977
swenable_cpuintensive_w6_3.json,2025-12-26T08:57:31.563375
mlpdisable_memoryintensive.json,2025-11-22T23:09:59.424973
mlp.json,2025-11-22T09:40:24.434467
mlpenable_memoryintensive.json,2025-11-22T23:39:50.310858
swenable_cpuintensive_w12_2.json,2025-12-28T14:24:52.980233
SWdisable_cpuintensive7.json,2025-12-11T17:36:02.245244
baseline_log_memoryintensive2.json,2025-08-05T19:24:46.998563
swenable_cpuintensive5.json,2025-12-11T11:38:36.502938
SWdisable_memoryintensive2.json,2025-11-25T07:51:16.652957
mlenable_memoryintensive2.json,2026-02-16T23:08:48.593861
swenable_mixed_w6_2.json,2026-01-06T21:30:08.548649
swenable_mixed_w8_1.json,2026-01-06T21:15:05.695373
mlpenable_memoryintensive3.json,2026-02-17T00:08:14.475894
SWdisable_memoryintensive3.json,2025-12-11T06:03:02.100890
swenable_cpuintensive6.json,2025-12-11T15:07:53.027103
SWdisable_memoryintensive4.json,2025-12-11T09:06:09.140669
baseline_log_cpuintensive2.json,2025-08-05T20:14:32.131775
SWenable_cpuintensive8.json,2025-12-11T21:31:19.488903
swenable_cpuintensive_w6_1.json,2025-12-26T06:56:28.348379
SWdisable_cpuintensive8.json,2025-12-11T21:11:52.099158
swenable_mixed_w4_2.json,2026-01-03T08:33:47.384340
swenable_memoryintensive_w14_1.json,2025-12-28T21:06:32.169793
SW-disable_cpuintensive3.json,2025-12-10T23:18:24.326167
mlpenable_mixed1.json,2026-02-16T23:17:58.368452
mlp.json,2025-11-22T09:44:20.680550
dvfs_log_cpuintensive3.json,2025-08-08T08:19:56.133205
dvfs_log_memoryintensive3.json,2025-08-08T08:47:39.719202
swenable_cpuintensive_w10_1.json,2025-12-28T08:39:30.171601
mlp.json,2025-11-22T09:44:57.296078
baseline_log_memoryintensive.json,2025-08-05T17:09:24.460918
baseline_log_cpuintensive3.json,2025-08-08T08:29:24.820801
swenable_cpuintensive_w12_3.json,2025-12-28T15:13:38.150135
SWdisable_cpuintensive7.json,2025-12-11T17:34:12.315222
mlpdisable_memoryintensive3.json,2026-02-16T23:51:04.828216
mlp.json,2025-11-22T10:17:45.334450
swenable_cpuintensive_w4_2.json,2025-12-24T07:23:57.400284
mlenable_memoryintensive2.json,2026-02-16T23:11:06.908559
mlpenable_cpuintensive3.json,2026-02-17T00:03:18.500174
mlpdisable_memoryintensive.json,2025-11-22T23:09:45.560160
swenable_mixed_w14_2.json,2026-01-03T21:05:23.921930
mlp.json,2025-11-22T10:24:30.993378
swenable_cpuintensive_w12_3.json,2025-12-28T15:10:01.187390
swenable_memoryintensive_w4_2.json,2025-12-25T08:41:01.209431
swenable_memoryintensive_w10_3.json,2025-12-28T07:27:22.104762
mlp.json,2025-11-22T09:57:51.943697
swenable_memoryintensive_w6_1.json,2025-12-26T07:33:27.078299
swenable_memoryintensive_w12_3.json,2025-12-28T15:19:08.294031
mlp.json,2025-11-22T09:49:30.544132
mlpenable_memoryintensive.json,2025-11-22T23:37:30.926067
swenable_memoryintensive_w14_1.json,2025-12-28T21:08:08.799541
swenable_cpuintensive_w14_2.json,2025-12-28T19:54:30.815747
dvfs_log_cpuIntensive.json,2025-07-31T23:55:55.635132
swenable_memoryintensive_w6_1.json,2025-12-26T07:34:26.235333
SWdisable_memoryintensive8.json,2025-12-11T21:49:11.448138
swenable_cpuintensive_w10_3.json,2025-12-28T07:11:48.150669
swenable_memoryintensive8.json,2025-12-11T21:42:39.327664
baseline_log_cpuintensive.json,2025-07-31T23:02:11.033267
SWdisable_memoryintensive4.json,2025-12-11T09:10:32.448766
mlpenable_mixed1.json,2026-02-16T23:16:41.071823
mlp.json,2025-11-22T10:07:39.974760
swenable_memoryintensive_w12_3.json,2025-12-28T15:18:26.451382
swenable_mixed_w6_2.json,2026-01-06T21:31:18.892196
swenable_mixed_w6_1.json,2026-01-03T09:20:40.286427
swenable_cpuintensive_w6_1.json,2025-12-26T07:01:10.916033
SWdisable_cpuintensive4.json,2025-12-11T07:11:20.803430
SWdisable_memoryintensive.json,2025-11-25T02:25:22.775889
mlpdisable_mixed2.json,2026-02-16T23:59:32.388427
mlpenable_cpuintensive3.json,2026-02-17T00:01:29.957170
swenable_memoryintensive_w10_1.json,2025-12-28T08:48:46.225855
SWenable_memoryintensive2.json,2025-11-25T08:00:19.114160
swenable_cpuintensive_w6_3.json,2025-12-26T08:59:22.813831
mlpenable_mixed2.json,2026-02-17T00:17:47.770831
mlp.json,2025-11-22T09:46:24.754315
SWdisable_memoryintensive2.json,2025-11-25T07:54:15.904940
baseline_log_cpuintensive3.json,2025-08-08T08:26:32.698439
swenable_memoryintensive8.json,2025-12-11T21:40:50.502611
dvfs_log_cpuIntensive.json,2025-07-31T23:55:38.599163
swenable_cpuintensive_w12_1.json,2025-12-28T13:24:15.828282
mlpenable_memoryintensive3.json,2026-02-17T00:09:42.647313
mlpdisable_cpuintensive3.json,2026-02-16T23:46:38.524299
mlp.json,2025-11-22T09:40:10.454185
swenable_cpuintensive_w14_3.json,2025-12-28T15:39:36.377860
swenable_mixed_w8_2.json,2026-01-03T10:44:59.821239
mlenable_memoryintensive2.json,2026-02-16T23:07:15.029710
mlpenable_cpuintensive3.json,2026-02-17T00:05:14.121985
SWdisable_memoryintensive8.json,2025-12-11T21:53:13.625810
SWenable_cpuintensive8.json,2025-12-11T21:30:34.613713
dvfs_log_memoryintensive3.json,2025-08-08T08:50:21.662974
swenable_cpuintensive6.json,2025-12-11T15:09:48.570781
baseline_log_memoryintensive.json,2025-08-05T17:13:16.120096
swenable_memoryintensive5.json,2025-12-11T12:51:36.739642
swenable_cpuintensive_w14_3.json,2025-12-28T15:42:59.005136
mlp.json,2025-11-22T09:37:14.524354
swenable_memoryintensive8.json,2025-12-11T21:41:00.187353
swenable_memoryintensive_w6_1.json,2025-12-26T07:31:47.417161
swenable_cpuintensive_w6_2.json,2025-12-26T07:49:26.703760
mlp.json,2025-11-22T10:22:21.753055
swenable_memoryintensive8.json,2025-12-11T21:44:10.303443
swenable_mixed_w10_2.json,2026-01-03T19:04:20.162208
swenable_memoryintensive_w4_2.json,2025-12-25T08:37:45.227154
dvfs_log_cpuintensive3.json,2025-08-08T08:19:18.785963
mlp.json,2025-11-22T09:43:29.848563
SWenable_cpuintensive8.json,2025-12-11T21:31:44.599923
SWenable_memoryintensive2.json,2025-11-25T08:01:59.152819
swenable_memoryintensive_w12_2.json,2025-12-28T14:34:03.083345
swenable_mixed_w12_1.json,2026-01-03T20:18:39.787024
swenable_cpuintensive_w6_1.json,2025-12-26T06:56:46.006771
SWdisable_cpuintensive4.json,2025-12-11T07:12:39.599192
baseline_log_memoryintensive.json,2025-08-05T17:09:27.675498
SWdisable_memoryintensive7.json,2025-12-11T20:59:20.094642
SW-disable_cpuintensive3.json,2025-12-10T23:19:47.232617
baseline_log_cpuintensive3.json,2025-08-08T08:26:46.272948
mlp.json,2025-11-22T09:46:06.343972
swenable_mixed_w6_1.json,2026-01-03T09:20:26.307879
dvfs_log_memoryintensive.json,2025-08-05T16:52:27.176028
swenable_memoryintensive_w6_1.json,2025-12-26T07:32:55.872048
mlpenable_cpuintensive2.json,2026-02-16T22:53:15.679037
swenable_memoryintensive_w14_2.json,2025-12-28T19:57:22.658635
baseline_log_cpuintensive.json,2025-07-31T23:01:00.239605
SWenable_cpuintensive4.json,2025-12-11T07:00:45.517746
baseline_log_memoryintensive3.json,2025-08-08T08:41:02.365205
SWenable_cpuintensive.json,2025-11-25T02:56:34.664491
swenable_memoryintensive_w12_2.json,2025-12-28T14:30:20.505145
swenable_memoryintensive_w14_3.json,2025-12-28T15:49:10.496931
SWenable_memoryintensive3.json,2025-12-11T06:07:08.774301
mlpdisable_mixed2.json,2026-02-16T23:57:11.603049
swenable_mixed_w8_2.json,2026-01-03T10:40:57.077992
mlpdisable_mixed2.json,2026-02-16T23:56:52.305432
swenable_cpuintensive_w4_3.json,2025-12-24T07:58:00.211022
mlpdisable_cpuintensive2.json,2026-02-16T23:22:59.099489
mlpdisable_memoryintensive.json,2025-11-22T23:12:00.466471
mlp.json,2025-11-22T09:43:11.374219
swenable_memoryintensive8.json,2025-12-11T21:43:04.119387
dvfs_log_memoryintensive.json,2025-08-05T16:51:26.399151
dvfs_log_cpuintensive3.json,2025-08-08T08:18:42.034835
swenable_cpuintensive_w6_3.json,2025-12-26T08:58:57.240570
mlp.json,2025-11-22T10:07:02.973509
dvfs_log_memoryintensive2.json,2025-08-05T19:35:17.103184
swenable_cpuintensive5.json,2025-12-11T11:39:10.991036
mlpdisable_memoryintensive2.json,2026-02-16T23:27:41.816993
swenable_memoryintensive_w14_3.json,2025-12-28T15:46:44.997479
SWenable_cpuintensive4.json,2025-12-11T07:01:53.148677
swenable_cpuintensive_w6_3.json,2025-12-26T08:59:09.423737
mlpenable_cpuintensive2.json,2026-02-16T22:56:13.369630
mlp.json,2025-11-22T10:04:20.263463
baseline_log_cpuintensive3.json,2025-08-08T08:27:57.086710
dvfs_log_memoryintensive3.json,2025-08-08T08:51:54.358456
mlpdisable_memoryintensive.json,2025-11-22T23:10:31.610811
mlpdisable_memoryintensive3.json,2026-02-16T23:48:39.622846
SWenable_memoryintensive3.json,2025-12-11T06:07:14.342567
SWdisable_memoryintensive3.json,2025-12-11T06:00:41.675398
swenable_cpuintensive_w4_2.json,2025-12-24T07:22:32.370284
mlp.json,2025-11-22T09:56:56.474022
swenable_memoryintensive_w10_3.json,2025-12-28T07:25:03.364564
swenable_mixed_w10_1.json,2026-01-03T18:24:21.722854
baseline_log_cpuintensive3.json,2025-08-08T08:26:06.365308
swenable_cpuintensive_w4_3.json,2025-12-24T08:00:48.149022
mlpenable_cpuintensive3.json,2026-02-17T00:04:40.462050
swenable_mixed_w14_2.json,2026-01-03T21:02:02.564006
mlp.json,2025-11-22T10:21:08.111026
baseline_log_cpuintensive.json,2025-07-31T23:02:20.707932
dvfs_log_memoryintensive3.json,2025-08-08T08:50:04.656084
swenable_mixed_w10_1.json,2026-01-03T18:23:16.389821
mlpenable_memoryintensive3.json,2026-02-17T00:11:01.443507
swenable_memoryintensive_w14_3.json,2025-12-28T15:51:10.107421
dvfs_log_cpuintensive3.json,2025-08-08T08:19:45.872409
swenable_cpuintensive_w6_3.json,2025-12-26T08:57:48.180816
swenable_cpuintensive6.json,2025-12-11T15:07:08.630407
swenable_mixed_w6_1.json,2026-01-03T09:24:08.865781
SWdisable_cpuintensive4.json,2025-12-11T07:10:27.426044
swenable_mixed_w4_2.json,2026-01-03T08:31:25.301192
baseline_log_cpuintensive2.json,2025-08-05T20:15:10.776297
mlp.json,2025-11-22T09:54:32.462996
mlpdisable_memoryintensive2.json,2026-02-16T23:30:25.068122
mlp.json,2025-11-22T09:48:30.228100
SWdisable_cpuintensive8.json,2025-12-11T21:12:21.431650
mlpenable_cpuintensive2.json,2026-02-16T22:55:58.570936
baseline_log_memoryintensive.json,2025-08-05T17:09:40.639409
SW-enable_cpuintensive3.json,2025-12-10T23:06:27.199054
swenable_memoryintensive_w4_1.json,2025-12-25T08:27:44.185084
swenable_memoryintensive_w6_3.json,2025-12-26T09:03:07.349049
swenable_cpuintensive_w6_3.json,2025-12-26T08:58:34.042434
SWenable_memoryintensive.json,2025-11-25T02:30:39.374322
mlpdisable_memoryintensive2.json,2026-02-16T23:29:17.629259
baseline_log_memoryintensive2.json,2025-08-05T19:26:33.727736
swenable_cpuintensive7.json,2025-12-11T17:42:45.175648
SWdisable_cpuintensive7.json,2025-12-11T17:34:54.737408
SW-enable_cpuintensive3.json,2025-12-10T23:08:21.019337
swenable_memoryintensive_w6_3.json,2025-12-26T09:07:04.069998
mlpdisable_memoryintensive.json,2025-11-22T23:09:50.285614
swenable_cpuintensive_w4_3.json,2025-12-24T07:58:49.994064
swenable_memoryintensive8.json,2025-12-11T21:42:27.158633
swenable_mixed_w12_2.json,2026-01-03T19:11:16.641786
mlpdisable_cpuintensive2.json,2026-02-16T23:22:44.798794
swenable_cpuintensive_w12_1.json,2025-12-28T13:24:50.549429
SWenable_memoryintensive4.json,2025-12-11T09:00:22.193308
swenable_mixed_w4_2.json,2026-01-03T08:29:54.588275
swenable_memoryintensive_w12_3.json,2025-12-28T15:18:52.537003
swenable_cpuintensive6.json,2025-12-11T15:09:09.767970
baseline_log_memoryintensive3.json,2025-08-08T08:42:33.173460
swenable_mixed_w8_1.json,2026-01-06T21:14:36.425548
SWdisable_memoryintensive3.json,2025-12-11T05:59:20.058143
swenable_memoryintensive_w10_1.json,2025-12-28T08:49:02.096126
swenable_mixed_w4_2.json,2026-01-03T08:30:32.745801
mlpdisable_mixed1.json,2026-02-16T23:33:52.259635
mlpdisable_cpuintensive2.json,2026-02-16T23:21:33.816077
mlp.json,2025-11-22T09:58:10.395843
swenable_mixed_w10_2.json,2026-01-03T19:03:19.920299
swenable_memoryintensive8.json,2025-12-11T21:42:33.163184
swenable_mixed_w14_1.json,2026-01-03T20:38:38.877248
SWdisable_memoryintensive8.json,2025-12-11T21:51:17.068005
SWdisable_memoryintensive4.json,2025-12-11T09:07:41.529933
swenable_cpuintensive_w10_1.json,2025-12-28T08:40:24.144871
SWenable_cpuintensive4.json,2025-12-11T07:00:55.841297
mlpenable_memoryintensive3.json,2026-02-17T00:10:24.385412
SWenable_cpuintensive8.json,2025-12-11T21:27:49.602584
swenable_mixed_w14_2.json,2026-01-03T21:02:16.538377
mlp.json,2025-11-22T09:44:43.469118
mlpenable_memoryintensive.json,2025-11-22T23:41:19.175963
swenable_mixed_w6_1.json,2026-01-03T09:20:54.303250
mlpdisable_cpuintensive3.json,2026-02-16T23:45:35.808442
SWdisable_memoryintensive7.json,2025-12-11T21:00:28.194208
swenable_mixed_w12_1.json,2026-01-03T20:18:05.115398
baseline_log_cpuintensive.json,2025-07-31T23:00:50.518965
dvfs_log_memoryintensive2.json,2025-08-05T19:33:04.201834
dvfs_log_cpuIntensive.json,2025-07-31T23:57:47.332133
mlpdisable_mixed2.json,2026-02-16T23:55:35.845037
dvfs_log_cpuintensive2.json,2025-08-05T20:24:51.596752
swenable_memoryintensive_w12_2.json,2025-12-28T14:31:31.092331
swenable_cpuintensive_w10_1.json,2025-12-28T08:39:15.301269
SW-enable_cpuintensive3.json,2025-12-10T23:07:48.401078
mlp.json,2025-11-22T09:49:21.299014
mlp.json,2025-11-22T09:59:19.183973
baseline_log_cpuintensive.json,2025-07-31T22:58:45.196832
mlp.json,2025-11-22T10:12:42.878663
swenable_memoryintensive_w6_3.json,2025-12-26T09:04:19.529564
mlenable_memoryintensive2.json,2026-02-16T23:09:16.810453
swenable_cpuintensive_w12_1.json,2025-12-28T13:23:41.208734
baseline_log_cpuintensive3.json,2025-08-08T08:24:53.307754
dvfs_log_memoryintensive3.json,2025-08-08T08:47:26.524326
SWdisable_memoryintensive8.json,2025-12-11T21:50:19.276932
swenable_mixed_w10_2.json,2026-01-03T19:01:31.675155
SWdisable_memoryintensive7.json,2025-12-11T20:58:01.930031
dvfs_log_memoryintensive.json,2025-08-05T16:49:21.330826
baseline_log_memoryintensive.json,2025-08-05T17:11:55.774962
mlp.json,2025-11-22T10:08:49.643569
swenable_mixed_w4_1.json,2026-01-03T07:55:46.782059
dvfs_log_memoryintensive3.json,2025-08-08T08:51:36.966439
mlp.json,2025-11-22T10:06:35.193506
swenable_mixed_w10_1.json,2026-01-03T18:21:31.955087
mlpdisable_memoryintensive.json,2025-11-22T23:11:22.972099
dvfs_log_cpuintensive2.json,2025-08-05T20:24:13.009770
SWenable_cpuintensive4.json,2025-12-11T07:03:08.955028
mlp.json,2025-11-22T09:36:56.424466
SWdisable_cpuintensive4.json,2025-12-11T07:10:41.778939
mlpenable_mixed1.json,2026-02-16T23:16:46.046785
mlp.json,2025-11-22T09:45:34.104491
swenable_cpuintensive_w14_1.json,2025-12-28T21:02:24.711606
SWenable_cpuintensive8.json,2025-12-11T21:31:39.989739
swenable_cpuintensive_w10_1.json,2025-12-28T08:38:52.572476
swenable_cpuintensive_w12_3.json,2025-12-28T15:12:17.004933
swenable_cpuintensive6.json,2025-12-11T15:10:41.883711
swenable_memoryintensive_w10_1.json,2025-12-28T08:49:54.731976
SWdisable_memoryintensive8.json,2025-12-11T21:52:09.926811
swenable_memoryintensive_w6_2.json,2025-12-26T07:57:43.439029
swenable_memoryintensive7.json,2025-12-11T20:48:28.431935
swenable_memoryintensive_w10_3.json,2025-12-28T07:26:13.650645
swenable_cpuintensive_w6_1.json,2025-12-26T06:59:07.168530
SWdisable_cpuintensive.json,2025-11-25T02:50:14.695785
dvfs_log_cpuintensive3.json,2025-08-08T08:19:08.628246
mlpdisable_cpuintensive3.json,2026-02-16T23:44:41.697857
swenable_memoryintensive_w12_2.json,2025-12-28T14:32:20.542688
mlenable_memoryintensive2.json,2026-02-16T23:08:34.622595
swenable_cpuintensive_w10_1.json,2025-12-28T08:39:54.099110
swenable_cpuintensive7.json,2025-12-11T17:41:55.940169
SWdisable_cpuintensive.json,2025-11-25T02:51:22.726658
swenable_memoryintensive_w6_2.json,2025-12-26T07:57:15.403118
swenable_mixed_w14_1.json,2026-01-03T20:40:08.009542
swenable_memoryintensive_w6_2.json,2025-12-26T08:00:19.480232
SW-enable_cpuintensive3.json,2025-12-10T23:05:45.640156
swenable_memoryintensive_w12_2.json,2025-12-28T14:32:29.773563
swenable_memoryintensive_w4_3.json,2025-12-25T09:10:35.301167
mlpdisable_memoryintensive.json,2025-11-22T23:09:54.872695
mlpdisable_cpuintensive2.json,2026-02-16T23:25:51.337643
SWenable_cpuintensive.json,2025-11-25T02:57:21.036948
mlpdisable_mixed1.json,2026-02-16T23:37:33.457444
SWenable_cpuintensive4.json,2025-12-11T07:02:47.551929
baseline_log_cpuintensive3.json,2025-08-08T08:25:29.853308
mlp.json,2025-11-22T09:35:39.574434
mlpdisable_mixed1.json,2026-02-16T23:34:02.149443
swenable_cpuintensive_w4_1.json,2025-12-24T06:58:02.447651
SWdisable_memoryintensive7.json,2025-12-11T20:58:06.877139
dvfs_log_memoryintensive.json,2025-08-05T16:51:23.008949
mlpdisable_cpuintensive.json,2025-11-22T15:29:34.641089
dvfs_log_cpuintensive2.json,2025-08-05T20:25:46.463094
baseline_log_memoryintensive2.json,2025-08-05T19:23:06.456864
swenable_mixed_w4_2.json,2026-01-03T08:32:56.943068
swenable_memoryintensive_w14_1.json,2025-12-28T21:09:11.145139
SWdisable_memoryintensive4.json,2025-12-11T09:06:57.971801
mlpenable_cpuintensive3.json,2026-02-17T00:03:32.903376
SWenable_cpuintensive.json,2025-11-25T02:58:20.123235
swenable_memoryintensive_w10_2.json,2025-12-28T08:30:17.544717
SWdisable_memoryintensive8.json,2025-12-11T21:48:47.195027
dvfs_log_memoryintensive.json,2025-08-05T16:53:31.343331
swenable_cpuintensive_w6_2.json,2025-12-26T07:45:27.747946
mlp.json,2025-11-22T10:15:02.744235
swenable_mixed_w12_1.json,2026-01-03T20:20:26.402930
baseline_log_cpuintensive2.json,2025-08-05T20:18:28.019962
SWdisable_cpuintensive8.json,2025-12-11T21:09:54.996235
swenable_mixed_w14_2.json,2026-01-03T21:04:15.291916
baseline_log_memoryintensive.json,2025-08-05T17:13:22.589681
mlp.json,2025-11-22T10:04:48.273579
baseline_log_memoryintensive3.json,2025-08-08T08:42:12.977248
swenable_memoryintensive_w4_2.json,2025-12-25T08:42:01.679844
mlp.json,2025-11-22T10:10:37.003396
mlpenable_memoryintensive3.json,2026-02-17T00:11:27.156882
swenable_cpuintensive5.json,2025-12-11T11:38:26.605008
mlp.json,2025-11-22T10:22:49.403023
swenable_mixed_w14_2.json,2026-01-03T21:00:36.582141
swenable_memoryintensive_w12_1.json,2025-12-28T13:31:34.472862
SWenable_memoryintensive3.json,2025-12-11T06:11:21.759924
swenable_memoryintensive_w10_3.json,2025-12-28T07:27:17.085304
mlp.json,2025-11-22T09:41:47.993922
mlpdisable_memoryintensive.json,2025-11-22T23:09:08.649063
swenable_cpuintensive_w6_1.json,2025-12-26T06:58:18.245415
SW-enable_cpuintensive3.json,2025-12-10T23:06:16.784476
swenable_memoryintensive_w6_1.json,2025-12-26T07:34:13.573425
swenable_memoryintensive_w14_1.json,2025-12-28T21:05:47.396959
dvfs_log_cpuIntensive.json,2025-07-31T23:55:01.992425
mlpdisable_cpuintensive.json,2025-11-22T15:30:54.268244
mlpenable_memoryintensive3.json,2026-02-17T00:09:38.052407
swenable_cpuintensive_w12_3.json,2025-12-28T15:13:20.017949
baseline_log_memoryintensive3.json,2025-08-08T08:40:55.595615
mlp.json,2025-11-22T10:01:47.043610
SWdisable_cpuintensive.json,2025-11-25T02:52:41.119587
swenable_mixed_w10_2.json,2026-01-03T19:00:52.513189
dvfs_log_memoryintensive3.json,2025-08-08T08:50:52.446592
swenable_mixed_w10_2.json,2026-01-03T19:02:43.705109
mlp.json,2025-11-22T09:42:29.554821
mlp.json,2025-11-22T10:12:14.937306
swenable_mixed_w6_2.json,2026-01-06T21:28:50.441236
swenable_cpuintensive_w14_2.json,2025-12-28T19:51:04.296190
SWenable_memoryintensive2.json,2025-11-25T08:02:08.939698
mlp.json,2025-11-22T09:49:12.039469
swenable_memoryintensive_w4_1.json,2025-12-25T08:28:49.867612
swenable_cpuintensive_w6_2.json,2025-12-26T07:47:04.853292
SWdisable_memoryintensive2.json,2025-11-25T07:52:33.730037
baseline_log_memoryintensive2.json,2025-08-05T19:25:16.003001
swenable_cpuintensive_w4_3.json,2025-12-24T07:57:37.018901
dvfs_log_cpuintensive3.json,2025-08-08T08:19:15.450028
swenable_memoryintensive_w10_3.json,2025-12-28T07:25:31.797974
swenable_cpuintensive_w4_2.json,2025-12-24T07:21:23.632143
dvfs_log_cpuintensive3.json,2025-08-08T08:21:27.586250
swenable_mixed_w14_2.json,2026-01-03T21:03:41.021709
SWenable_memoryintensive2.json,2025-11-25T08:00:39.081194
baseline_log_cpuintensive2.json,2025-08-05T20:18:34.611863
SWdisable_cpuintensive4.json,2025-12-11T07:09:04.956640
swenable_cpuintensive_w12_1.json,2025-12-28T13:26:57.106281
swenable_memoryintensive_w12_1.json,2025-12-28T13:33:15.409195
dvfs_log_memoryintensive3.json,2025-08-08T08:51:16.207081
swenable_mixed_w8_1.json,2026-01-06T21:12:08.227020
mlpenable_memoryintensive.json,2025-11-22T23:39:03.446026
mlpdisable_mixed1.json,2026-02-16T23:35:42.779542
baseline_log_cpuintensive.json,2025-07-31T22:58:48.401991
mlp.json,2025-11-22T10:19:49.853152
SWdisable_cpuintensive8.json,2025-12-11T21:12:01.629594
baseline_log_memoryintensive3.json,2025-08-08T08:39:11.727523
SWdisable_cpuintensive8.json,2025-12-11T21:10:39.109235
swenable_mixed_w10_2.json,2026-01-03T19:03:07.986497
swenable_memoryintensive_w14_1.json,2025-12-28T21:06:12.517151
swenable_mixed_w14_1.json,2026-01-03T20:39:13.153035
dvfs_log_cpuintensive3.json,2025-08-08T08:21:10.602247
baseline_log_cpuintensive3.json,2025-08-08T08:28:51.043210
swenable_memoryintensive_w14_3.json,2025-12-28T15:48:30.275414
swenable_mixed_w12_1.json,2026-01-03T20:18:30.297186
mlpdisable_memoryintensive3.json,2026-02-16T23:49:52.956178
mlp.json,2025-11-22T09:46:38.676257
dvfs_log_memoryintensive2.json,2025-08-05T19:36:37.651363
swenable_cpuintensive5.json,2025-12-11T11:39:05.355882
swenable_cpuintensive_w12_2.json,2025-12-28T14:23:56.966185
swenable_mixed_w10_2.json,2026-01-03T19:02:32.055311
swenable_memoryintensive_w12_2.json,2025-12-28T14:35:17.450655
swenable_mixed_w4_2.json,2026-01-03T08:33:17.552641
SW-enable_cpuintensive3.json,2025-12-10T23:08:59.315979
swenable_mixed_w10_1.json,2026-01-03T18:22:54.664146
SWenable_cpuintensive4.json,2025-12-11T07:03:03.660717
swenable_mixed_w12_2.json,2026-01-03T19:12:05.222012
SWdisable_memoryintensive4.json,2025-12-11T09:06:14.083019
swenable_cpuintensive_w14_2.json,2025-12-28T19:51:09.088449
swenable_mixed_w6_1.json,2026-01-03T09:22:22.192081
swenable_cpuintensive_w6_1.json,2025-12-26T06:56:50.664960
baseline_log_cpuintensive2.json,2025-08-05T20:16:51.169451
baseline_log_memoryintensive2.json,2025-08-05T19:25:32.257778
mlpenable_memoryintensive.json,2025-11-22T23:39:54.935814
SWdisable_memoryintensive2.json,2025-11-25T07:55:30.871228
mlp.json,2025-11-22T09:37:32.514152
SWenable_memoryintensive3.json,2025-12-11T06:11:44.044196
dvfs_log_memoryintensive3.json,2025-08-08T08:49:47.798810
swenable_memoryintensive_w14_1.json,2025-12-28T21:07:02.639261
swenable_cpuintensive_w4_3.json,2025-12-24T07:57:17.989810
SWenable_cpuintensive.json,2025-11-25T02:56:24.800643
SWdisable_cpuintensive4.json,2025-12-11T07:12:34.601585
dvfs_log_memoryintensive2.json,2025-08-05T19:34:09.135515
swenable_cpuintensive_w10_2.json,2025-12-28T08:25:00.901513
mlpenable_cpuintensive.json,2025-11-22T15:08:28.216695
mlp.json,2025-11-22T09:38:56.182705
mlpenable_memoryintensive.json,2025-11-22T23:38:08.187484
mlpdisable_memoryintensive2.json,2026-02-16T23:30:20.121747
swenable_cpuintensive_w14_2.json,2025-12-28T19:55:32.327006
swenable_cpuintensive_w14_2.json,2025-12-28T19:51:44.200331
mlenable_memoryintensive2.json,2026-02-16T23:09:21.609806
SWenable_cpuintensive8.json,2025-12-11T21:29:28.254038
swenable_memoryintensive_w10_1.json,2025-12-28T08:46:01.700515
swenable_cpuintensive_w6_3.json,2025-12-26T08:57:07.132262
swenable_cpuintensive6.json,2025-12-11T15:09:14.533482
baseline_log_memoryintensive3.json,2025-08-08T08:40:15.599049
mlp.json,2025-11-22T10:03:42.964487
swenable_cpuintensive_w14_3.json,2025-12-28T15:39:55.333993
swenable_mixed_w4_2.json,2026-01-03T08:34:07.218540
swenable_memoryintensive7.json,2025-12-11T20:47:59.384377
mlpenable_cpuintensive3.json,2026-02-17T00:03:08.902418
SWdisable_memoryintensive4.json,2025-12-11T09:09:14.445662
mlp.json,2025-11-22T10:12:00.935392
swenable_cpuintensive_w14_2.json,2025-12-28T19:52:58.832312
mlpdisable_mixed2.json,2026-02-16T23:59:12.639925
swenable_mixed_w10_2.json,2026-01-03T18:59:58.091756
swenable_mixed_w6_1.json,2026-01-03T09:24:02.749869
mlpenable_memoryintensive.json,2025-11-22T23:39:36.179011
swenable_mixed_w10_1.json,2026-01-03T18:23:21.295299
SWdisable_memoryintensive7.json,2025-12-11T20:58:11.679035
SWdisable_memoryintensive2.json,2025-11-25T07:52:04.883575
swenable_memoryintensive8.json,2025-12-11T21:41:24.823946
swenable_memoryintensive_w14_3.json,2025-12-28T15:49:29.788063
SWenable_cpuintensive8.json,2025-12-11T21:27:59.056590
mlpdisable_memoryintensive2.json,2026-02-16T23:30:34.877438
swenable_mixed_w14_1.json,2026-01-03T20:42:58.805291
swenable_memoryintensive_w6_2.json,2025-12-26T07:55:33.901130
swenable_cpuintensive_w14_1.json,2025-12-28T20:58:40.189262
SWdisable_cpuintensive4.json,2025-12-11T07:12:14.402414
mlpdisable_mixed2.json,2026-02-16T23:59:51.452343
mlp.json,2025-11-22T10:00:10.043990
swenable_memoryintensive_w10_1.json,2025-12-28T08:45:26.970686
swenable_memoryintensive_w14_1.json,2025-12-28T21:08:44.756274
mlpenable_mixed1.json,2026-02-16T23:13:42.457997
mlp.json,2025-11-22T09:41:20.230023
SWenable_cpuintensive4.json,2025-12-11T07:01:21.301940
mlpdisable_memoryintensive.json,2025-11-22T23:10:50.602234
SW-disable_cpuintensive3.json,2025-12-10T23:20:16.550354
swenable_memoryintensive_w10_3.json,2025-12-28T07:25:19.663986
SWenable_memoryintensive2.json,2025-11-25T08:04:32.140812
swenable_memoryintensive_w6_1.json,2025-12-26T07:32:40.415393
swenable_cpuintensive_w4_2.json,2025-12-24T07:21:57.988081
SWdisable_memoryintensive4.json,2025-12-11T09:09:09.572046
mlp.json,2025-11-22T10:23:26.303150
SWdisable_cpuintensive.json,2025-11-25T02:51:47.768767
swenable_memoryintensive5.json,2025-12-11T12:50:52.615342
swenable_mixed_w14_1.json,2026-01-03T20:39:33.851579
mlpdisable_memoryintensive3.json,2026-02-16T23:49:33.165737
mlpdisable_memoryintensive.json,2025-11-22T23:10:36.118381
SWdisable_memoryintensive3.json,2025-12-11T06:03:30.822663
swenable_cpuintensive_w10_2.json,2025-12-28T08:20:59.745174
mlpenable_mixed2.json,2026-02-17T00:15:51.673457
SWdisable_memoryintensive7.json,2025-12-11T21:00:18.646402
SWdisable_memoryintensive3.json,2025-12-11T06:02:28.376014
mlpdisable_mixed2.json,2026-02-16T23:55:31.168377
swenable_cpuintensive6.json,2025-12-11T15:08:38.976156
SWdisable_cpuintensive8.json,2025-12-11T21:13:00.358760
mlp.json,2025-11-22T10:14:30.095416
swenable_cpuintensive5.json,2025-12-11T11:41:54.895166
SWdisable_memoryintensive3.json,2025-12-11T06:02:33.411840
swenable_memoryintensive_w12_2.json,2025-12-28T14:34:41.355403
SWenable_memoryintensive2.json,2025-11-25T08:04:46.932943
mlpenable_mixed1.json,2026-02-16T23:15:00.457479
baseline_log_memoryintensive3.json,2025-08-08T08:41:05.661520
mlp.json,2025-11-22T10:15:44.823473
swenable_mixed_w14_1.json,2026-01-03T20:40:18.518351
SWenable_memoryintensive4.json,2025-12-11T09:00:11.822782
SWdisable_memoryintensive2.json,2025-11-25T07:54:25.568172
mlp.json,2025-11-22T09:47:57.738807
baseline_log_memoryintensive3.json,2025-08-08T08:39:25.077222
mlp.json,2025-11-22T09:41:01.724130
swenable_mixed_w10_1.json,2026-01-03T18:20:47.208373
swenable_mixed_w10_1.json,2026-01-03T18:21:26.804541
swenable_mixed_w10_1.json,2026-01-03T18:23:59.864021
swenable_memoryintensive_w14_3.json,2025-12-28T15:50:57.660123
dvfs_log_memoryintensive.json,2025-08-05T16:54:11.932785
SWenable_cpuintensive8.json,2025-12-11T21:27:54.344086
mlpenable_cpuintensive2.json,2026-02-16T22:53:43.472033
swenable_memoryintensive_w6_1.json,2025-12-26T07:32:50.914369
baseline_log_memoryintensive.json,2025-08-05T17:09:43.845242
swenable_memoryintensive_w6_2.json,2025-12-26T07:56:22.319398
swenable_memoryintensive_w14_3.json,2025-12-28T15:46:49.634589
dvfs_log_memoryintensive.json,2025-08-05T16:53:17.984620
swenable_mixed_w6_2.json,2026-01-06T21:31:06.481719
swenable_mixed_w8_1.json,2026-01-06T21:13:41.299113
SWdisable_memoryintensive2.json,2025-11-25T07:52:43.134260
dvfs_log_memoryintensive2.json,2025-08-05T19:32:48.004328
baseline_log_cpuintensive2.json,2025-08-05T20:16:31.791471
swenable_cpuintensive_w12_2.json,2025-12-28T14:23:14.917194
mlpenable_memoryintensive.json,2025-11-22T23:38:58.962657
swenable_mixed_w8_1.json,2026-01-06T21:12:13.083254
SWdisable_cpuintensive4.json,2025-12-11T07:10:22.536511
swenable_mixed_w10_2.json,2026-01-03T18:59:37.615681
swenable_mixed_w14_1.json,2026-01-03T20:41:07.145805
SWdisable_cpuintensive4.json,2025-12-11T07:09:00.149135
swenable_cpuintensive_w6_1.json,2025-12-26T07:00:03.364187
swenable_cpuintensive_w10_3.json,2025-12-28T07:10:26.195631
swenable_memoryintensive_w10_2.json,2025-12-28T08:27:13.549909
mlp.json,2025-11-22T10:04:24.874015
mlp.json,2025-11-22T09:45:01.876076
swenable_mixed_w12_1.json,2026-01-03T20:16:50.911361
swenable_mixed_w6_1.json,2026-01-03T09:23:23.246609
mlpenable_cpuintensive2.json,2026-02-16T22:55:12.230181
mlpdisable_memoryintensive2.json,2026-02-16T23:28:58.335075
baseline_log_cpuintensive2.json,2025-08-05T20:17:13.808573
mlpdisable_mixed2.json,2026-02-16T23:55:26.231993
swenable_memoryintensive_w10_1.json,2025-12-28T08:45:31.894641
swenable_memoryintensive_w4_3.json,2025-12-25T09:10:00.105329
swenable_mixed_w14_2.json,2026-01-03T21:02:43.929994
dvfs_log_cpuintensive2.json,2025-08-05T20:22:46.172725
SWdisable_memoryintensive4.json,2025-12-11T09:08:30.142949
SWdisable_cpuintensive4.json,2025-12-11T07:08:21.213728
swenable_memoryintensive_w6_3.json,2025-12-26T09:04:10.050807
swenable_cpuintensive_w4_1.json,2025-12-24T07:00:29.164247
mlp.json,2025-11-22T10:19:45.323287
swenable_cpuintensive_w14_3.json,2025-12-28T15:41:01.172232
SW-enable_cpuintensive3.json,2025-12-10T23:09:19.970725
mlpdisable_cpuintensive2.json,2026-02-16T23:25:08.025605
swenable_mixed_w6_2.json,2026-01-06T21:27:55.689384
swenable_cpuintensive_w10_3.json,2025-12-28T07:12:49.484123
dvfs_log_cpuintensive3.json,2025-08-08T08:17:44.603835
swenable_memoryintensive_w6_3.json,2025-12-26T09:05:45.688166
mlpdisable_mixed2.json,2026-02-16T23:57:02.035845
dvfs_log_cpuintensive2.json,2025-08-05T20:22:36.469866
SWdisable_cpuintensive.json,2025-11-25T02:52:50.606219
mlpdisable_memoryintensive3.json,2026-02-16T23:47:55.802276
mlp.json,2025-11-22T09:59:46.933813
dvfs_log_cpuIntensive.json,2025-07-31T23:54:11.770456
swenable_cpuintensive_w12_1.json,2025-12-28T13:23:11.533741
swenable_memoryintensive_w14_2.json,2025-12-28T20:00:21.314302
swenable_memoryintensive_w10_2.json,2025-12-28T08:30:02.844945
swenable_mixed_w8_1.json,2026-01-06T21:12:28.818812
mlp.json,2025-11-22T09:38:37.454185
mlpdisable_mixed1.json,2026-02-16T23:34:26.118212
swenable_memoryintensive_w4_1.json,2025-12-25T08:29:09.595362
dvfs_log_cpuintensive3.json,2025-08-08T08:21:41.288015
swenable_mixed_w8_2.json,2026-01-03T10:42:23.374668
mlpenable_mixed2.json,2026-02-17T00:18:29.874112
SWdisable_cpuintensive8.json,2025-12-11T21:12:45.452496
SWdisable_cpuintensive4.json,2025-12-11T07:12:04.880518
mlpdisable_cpuintensive3.json,2026-02-16T23:42:17.691985
swenable_mixed_w4_2.json,2026-01-03T08:34:02.463626
SWdisable_memoryintensive4.json,2025-12-11T09:07:26.718245
SWdisable_cpuintensive4.json,2025-12-11T07:11:30.708582
baseline_log_memoryintensive2.json,2025-08-05T19:25:22.625887
baseline_log_cpuintensive2.json,2025-08-05T20:15:39.858325
SWenable_memoryintensive2.json,2025-11-25T08:02:55.050320
SWdisable_cpuintensive8.json,2025-12-11T21:12:26.276063
dvfs_log_memoryintensive.json,2025-08-05T16:50:02.100146
swenable_cpuintensive_w14_1.json,2025-12-28T21:01:09.206310
dvfs_log_memoryintensive2.json,2025-08-05T19:35:33.178243
swenable_memoryintensive7.json,2025-12-11T20:49:40.986568
baseline_log_memoryintensive3.json,2025-08-08T08:42:39.892800
SWenable_memoryintensive2.json,2025-11-25T08:00:48.860948
dvfs_log_memoryintensive2.json,2025-08-05T19:35:29.967813
mlpenable_memoryintensive3.json,2026-02-17T00:08:28.382381
swenable_cpuintensive_w4_3.json,2025-12-24T07:58:10.425317
swenable_cpuintensive_w12_1.json,2025-12-28T13:23:31.801612
swenable_cpuintensive6.json,2025-12-11T15:09:30.986591
baseline_log_memoryintensive3.json,2025-08-08T08:42:53.354458
SWdisable_cpuintensive4.json,2025-12-11T07:11:59.981918
dvfs_log_memoryintensive2.json,2025-08-05T19:33:52.990847
swenable_cpuintensive_w14_1.json,2025-12-28T20:59:54.220068
swenable_cpuintensive5.json,2025-12-11T11:39:23.796331
mlpdisable_cpuintensive.json,2025-11-22T15:27:17.215780
mlpdisable_mixed2.json,2026-02-16T23:56:47.389505
baseline_log_memoryintensive.json,2025-08-05T17:12:43.970202
mlp.json,2025-11-22T10:07:58.673713
swenable_memoryintensive_w10_1.json,2025-12-28T08:45:51.647881
SWenable_cpuintensive.json,2025-11-25T02:57:25.900404
SWdisable_cpuintensive4.json,2025-12-11T07:09:29.105643
swenable_mixed_w4_1.json,2026-01-03T07:56:11.042114
mlp.json,2025-11-22T10:16:22.414268
swenable_cpuintensive_w10_1.json,2025-12-28T08:41:45.607446
SWdisable_cpuintensive8.json,2025-12-11T21:10:14.049859
swenable_memoryintensive_w4_2.json,2025-12-25T08:41:16.366016
mlp.json,2025-11-22T09:59:33.133908
SWdisable_cpuintensive8.json,2025-12-11T21:11:07.794276
swenable_mixed_w14_1.json,2026-01-03T20:38:04.793866
SWenable_memoryintensive4.json,2025-12-11T08:59:40.528809
mlp.json,2025-11-22T09:40:42.878908
swenable_cpuintensive7.json,2025-12-11T17:43:03.593731
swenable_mixed_w4_1.json,2026-01-03T07:56:20.556926
swenable_cpuintensive_w6_1.json,2025-12-26T06:56:55.254907
swenable_memoryintensive_w6_3.json,2025-12-26T09:04:36.603244
swenable_memoryintensive_w10_2.json,2025-12-28T08:31:50.747826
SWdisable_cpuintensive8.json,2025-12-11T21:09:36.044548
swenable_memoryintensive7.json,2025-12-11T20:51:20.792760
swenable_memoryintensive_w14_1.json,2025-12-28T21:04:35.434589
mlp.json,2025-11-22T10:17:49.944187
swenable_mixed_w10_2.json,2026-01-03T19:01:22.020310
SW-enable_cpuintensive3.json,2025-12-10T23:10:01.847905
baseline_log_memoryintensive2.json,2025-08-05T19:23:03.222275
SWdisable_cpuintensive4.json,2025-12-11T07:12:44.471210
swenable_cpuintensive7.json,2025-12-11T17:41:13.181098
SW-enable_cpuintensive3.json,2025-12-10T23:07:33.805257
SWenable_memoryintensive2.json,2025-11-25T08:03:20.306723
swenable_cpuintensive_w12_1.json,2025-12-28T13:22:37.944263
SWdisable_memoryintensive3.json,2025-12-11T06:03:21.263994
swenable_memoryintensive_w6_1.json,2025-12-26T07:35:07.844392
SWdisable_memoryintensive7.json,2025-12-11T20:56:49.650529
mlp.json,2025-11-22T10:14:48.783591
swenable_cpuintensive_w4_2.json,2025-12-24T07:22:22.233654
swenable_memoryintensive_w4_1.json,2025-12-25T08:25:29.033478
swenable_cpuintensive6.json,2025-12-11T15:11:36.286858
swenable_mixed_w14_2.json,2026-01-03T21:01:16.127418
mlpenable_cpuintensive.json,2025-11-22T15:08:32.858812
mlp.json,2025-11-22T09:57:14.851035
mlp.json,2025-11-22T09:47:53.154267
mlenable_memoryintensive2.json,2026-02-16T23:09:26.414057
mlpenable_cpuintensive3.json,2026-02-17T00:03:13.611750
mlpdisable_memoryintensive3.json,2026-02-16T23:49:38.180846
SWdisable_memoryintensive8.json,2025-12-11T21:52:39.393813
SWenable_cpuintensive4.json,2025-12-11T06:59:55.083636
swenable_memoryintensive_w4_2.json,2025-12-25T08:38:21.025143
mlpdisable_cpuintensive2.json,2026-02-16T23:24:53.553834
mlpdisable_cpuintensive.json,2025-11-22T15:28:52.819976
swenable_cpuintensive_w14_3.json,2025-12-28T15:39:13.195311
baseline_log_memoryintensive2.json,2025-08-05T19:24:50.259397
baseline_log_cpuintensive3.json,2025-08-08T08:25:46.294038
swenable_memoryintensive8.json,2025-12-11T21:43:46.479627
dvfs_log_memoryintensive2.json,2025-08-05T19:32:06.054787
mlpdisable_mixed2.json,2026-02-16T23:59:17.482449
mlpdisable_mixed1.json,2026-02-16T23:38:07.105590
SWdisable_cpuintensive8.json,2025-12-11T21:13:09.920811
swenable_memoryintensive_w12_2.json,2025-12-28T14:33:28.893028
baseline_log_memoryintensive2.json,2025-08-05T19:24:59.927767
swenable_memoryintensive6.json,2025-12-11T15:31:06.724843
swenable_memoryintensive_w10_3.json,2025-12-28T07:26:23.438121
swenable_mixed_w6_2.json,2026-01-06T21:28:44.896185
swenable_memoryintensive_w12_3.json,2025-12-28T15:18:00.053082
swenable_memoryintensive_w14_2.json,2025-12-28T19:57:52.236140
swenable_cpuintensive6.json,2025-12-11T15:10:35.823185
swenable_memoryintensive6.json,2025-12-11T15:33:03.624134
swenable_cpuintensive_w10_1.json,2025-12-28T08:41:22.071090
swenable_mixed_w8_2.json,2026-01-03T10:45:05.729970
swenable_cpuintensive6.json,2025-12-11T15:10:17.829527
SWenable_cpuintensive.json,2025-11-25T02:57:48.106924
swenable_memoryintensive5.json,2025-12-11T12:51:11.664426
mlp.json,2025-11-22T10:22:03.363311
mlpdisable_mixed2.json,2026-02-16T23:57:54.699699
mlp.json,2025-11-22T09:57:19.634014
swenable_cpuintensive_w10_1.json,2025-12-28T08:42:39.351316
SWdisable_cpuintensive8.json,2025-12-11T21:14:08.385076
swenable_memoryintensive_w14_3.json,2025-12-28T15:46:35.090990
mlp.json,2025-11-22T09:36:06.446811
mlpdisable_memoryintensive3.json,2026-02-16T23:48:25.384492
mlpenable_memoryintensive3.json,2026-02-17T00:11:46.426499
swenable_memoryintensive_w4_3.json,2025-12-25T09:07:49.431133
swenable_mixed_w14_2.json,2026-01-03T21:00:42.636369
swenable_mixed_w12_2.json,2026-01-03T19:14:23.519819
mlpdisable_cpuintensive.json,2025-11-22T15:28:57.421932
dvfs_log_cpuintensive2.json,2025-08-05T20:23:34.389557
SWdisable_memoryintensive2.json,2025-11-25T07:51:07.003550
dvfs_log_cpuIntensive.json,2025-07-31T23:56:36.846693
swenable_cpuintensive6.json,2025-12-11T15:11:40.907459
swenable_mixed_w10_2.json,2026-01-03T19:01:08.027379
mlpdisable_cpuintensive3.json,2026-02-16T23:45:40.726253
SWenable_memoryintensive2.json,2025-11-25T08:03:10.539758
mlpenable_memoryintensive.json,2025-11-22T23:41:42.255657
swenable_cpuintensive_w6_1.json,2025-12-26T06:57:39.221873
swenable_cpuintensive_w6_3.json,2025-12-26T09:00:29.052080
mlp.json,2025-11-22T09:39:19.237462
swenable_memoryintensive_w10_3.json,2025-12-28T07:26:08.488183
mlenable_memoryintensive2.json,2026-02-16T23:07:29.003456
swenable_memoryintensive_w10_2.json,2025-12-28T08:29:47.231866
swenable_memoryintensive_w14_1.json,2025-12-28T21:09:25.984449
SW-enable_cpuintensive3.json,2025-12-10T23:07:43.595671
mlpenable_cpuintensive2.json,2026-02-16T22:54:44.734459
dvfs_log_memoryintensive.json,2025-08-05T16:51:36.475237
swenable_mixed_w12_1.json,2026-01-03T20:21:26.704534
mlp.json,2025-11-22T10:11:56.345036
swenable_memoryintensive_w4_2.json,2025-12-25T08:38:59.349189
swenable_mixed_w8_2.json,2026-01-03T10:40:36.918665
SWdisable_memoryintensive4.json,2025-12-11T09:07:21.741202
mlpenable_memoryintensive3.json,2026-02-17T00:07:46.480053
mlp.json,2025-11-22T10:03:01.203635
swenable_mixed_w6_1.json,2026-01-03T09:21:24.156085
mlpenable_memoryintensive.json,2025-11-22T23:40:18.377857
swenable_memoryintensive6.json,2025-12-11T15:35:31.614756
baseline_log_cpuintensive3.json,2025-08-08T08:28:47.684270
mlpdisable_mixed1.json,2026-02-16T23:35:13.722694
swenable_mixed_w6_2.json,2026-01-06T21:26:36.445098
swenable_memoryintensive_w12_3.json,2025-12-28T15:18:37.209241
swenable_memoryintensive_w14_2.json,2025-12-28T19:57:12.898022
SWdisable_memoryintensive8.json,2025-12-11T21:50:04.102455
swenable_memoryintensive_w4_2.json,2025-12-25T08:38:49.748936
mlpdisable_memoryintensive3.json,2026-02-16T23:52:07.589428
mlpdisable_memoryintensive3.json,2026-02-16T23:51:09.663450
mlpdisable_memoryintensive2.json,2026-02-16T23:29:32.181048
mlpdisable_mixed2.json,2026-02-16T23:59:37.146219
mlpenable_mixed1.json,2026-02-16T23:16:02.569549
baseline_log_memoryintensive2.json,2025-08-05T19:24:14.451644
mlp.json,2025-11-22T09:38:00.217793
swenable_memoryintensive_w4_3.json,2025-12-25T09:08:49.115143
swenable_memoryintensive6.json,2025-12-11T15:35:16.070958
SWenable_memoryintensive2.json,2025-11-25T08:03:00.249125
mlp.json,2025-11-22T09:50:07.593969
dvfs_log_memoryintensive2.json,2025-08-05T19:36:31.231458
mlpdisable_cpuintensive.json,2025-11-22T15:28:29.534388
swenable_cpuintensive_w4_2.json,2025-12-24T07:23:52.470962
SWdisable_memoryintensive2.json,2025-11-25T07:51:45.151661
baseline_log_cpuintensive2.json,2025-08-05T20:17:07.387855
swenable_memoryintensive8.json,2025-12-11T21:41:29.761104
swenable_memoryintensive_w12_3.json,2025-12-28T15:21:13.600850
mlpdisable_cpuintensive2.json,2026-02-16T23:24:34.739619
mlpdisable_mixed1.json,2026-02-16T23:37:43.070930
swenable_mixed_w8_1.json,2026-01-06T21:13:32.016340
dvfs_log_memoryintensive.json,2025-08-05T16:52:20.467894
SWdisable_memoryintensive7.json,2025-12-11T20:59:05.451862
swenable_cpuintensive_w10_1.json,2025-12-28T08:38:58.596227
swenable_mixed_w8_1.json,2026-01-06T21:13:02.935988
dvfs_log_cpuintensive2.json,2025-08-05T20:24:22.680324
SWenable_memoryintensive2.json,2025-11-25T08:02:24.417161
swenable_cpuintensive_w14_3.json,2025-12-28T15:43:05.283779
swenable_cpuintensive_w10_2.json,2025-12-28T08:20:43.126197
mlp.json,2025-11-22T09:51:49.824197
mlp.json,2025-11-22T09:51:40.650564
swenable_memoryintensive_w4_1.json,2025-12-25T08:25:03.349509
swenable_memoryintensive_w10_2.json,2025-12-28T08:27:56.097529
mlpdisable_memoryintensive2.json,2026-02-16T23:31:33.570202
baseline_log_cpuintensive2.json,2025-08-05T20:14:38.547812
baseline_log_memoryintensive3.json,2025-08-08T08:43:03.520379
swenable_cpuintensive_w10_1.json,2025-12-28T08:40:29.739944
swenable_mixed_w6_2.json,2026-01-06T21:29:00.434176
swenable_mixed_w12_1.json,2026-01-03T20:20:11.269870
mlpdisable_memoryintensive3.json,2026-02-16T23:50:07.286655
swenable_cpuintensive_w14_3.json,2025-12-28T15:41:38.809281
mlpdisable_cpuintensive.json,2025-11-22T15:29:57.708039
swenable_cpuintensive_w14_2.json,2025-12-28T19:55:22.056084
swenable_cpuintensive_w14_1.json,2025-12-28T20:58:30.495138
mlp.json,2025-11-22T10:01:05.423600
swenable_memoryintensive_w6_2.json,2025-12-26T07:57:34.003123
mlpdisable_mixed2.json,2026-02-16T23:55:59.773341
swenable_memoryintensive_w6_2.json,2025-12-26T07:59:04.373310
swenable_mixed_w8_1.json,2026-01-06T21:12:23.646017
mlpdisable_cpuintensive2.json,2026-02-16T23:24:01.167960
swenable_mixed_w4_2.json,2026-01-03T08:33:11.966950
swenable_mixed_w4_1.json,2026-01-03T07:56:56.176292
mlpdisable_cpuintensive3.json,2026-02-16T23:43:00.480448
swenable_memoryintensive6.json,2025-12-11T15:33:19.549274
swenable_memoryintensive6.json,2025-12-11T15:33:31.384925
swenable_cpuintensive_w14_2.json,2025-12-28T19:53:09.260099
swenable_mixed_w4_2.json,2026-01-03T08:30:12.383624
dvfs_log_memoryintensive3.json,2025-08-08T08:48:56.609166
dvfs_log_cpuintensive3.json,2025-08-08T08:19:05.317120
swenable_cpuintensive_w10_1.json,2025-12-28T08:39:25.314603
mlp.json,2025-11-22T10:03:52.295524
swenable_cpuintensive_w6_2.json,2025-12-26T07:47:42.097276
mlpdisable_mixed1.json,2026-02-16T23:36:35.177477
dvfs_log_cpuIntensive.json,2025-07-31T23:54:41.726544
dvfs_log_cpuintensive2.json,2025-08-05T20:26:05.749671
swenable_memoryintensive_w14_2.json,2025-12-28T20:01:37.562421
mlp.json,2025-11-22T10:09:40.933442
swenable_cpuintensive_w4_1.json,2025-12-24T06:56:40.393469
SWdisable_memoryintensive4.json,2025-12-11T09:07:02.839622
swenable_memoryintensive_w14_3.json,2025-12-28T15:49:24.946410
SWenable_memoryintensive4.json,2025-12-11T09:00:48.098996
swenable_mixed_w4_1.json,2026-01-03T07:54:57.559951
mlp.json,2025-11-22T10:01:19.273479
swenable_cpuintensive_w14_1.json,2025-12-28T21:01:19.135199
mlp.json,2025-11-22T09:46:43.274212
mlp.json,2025-11-22T10:05:16.173662
baseline_log_memoryintensive2.json,2025-08-05T19:24:27.657082
SW-disable_cpuintensive3.json,2025-12-10T23:18:19.119361
mlp.json,2025-11-22T09:54:04.621603
baseline_log_cpuintensive2.json,2025-08-05T20:14:28.923907
swenable_cpuintensive_w14_1.json,2025-12-28T21:02:09.591409
baseline_log_memoryintensive3.json,2025-08-08T08:43:40.795247
swenable_memoryintensive_w4_2.json,2025-12-25T08:38:10.876351
swenable_memoryintensive_w14_2.json,2025-12-28T19:58:11.668383
mlpdisable_cpuintensive.json,2025-11-22T15:30:59.078885
SWdisable_memoryintensive3.json,2025-12-11T06:01:06.013620
mlpenable_memoryintensive.json,2025-11-22T23:38:36.127802
mlp.json,2025-11-22T10:13:06.093005
mlpenable_cpuintensive2.json,2026-02-16T22:53:57.256902
swenable_cpuintensive_w4_1.json,2025-12-24T06:55:37.921949
swenable_memoryintensive_w4_3.json,2025-12-25T09:09:34.762138
swenable_memoryintensive_w4_1.json,2025-12-25T08:27:39.242646
swenable_cpuintensive_w4_3.json,2025-12-24T07:56:31.520677
swenable_memoryintensive6.json,2025-12-11T15:32:54.282415
swenable_cpuintensive_w10_1.json,2025-12-28T08:39:05.144633
mlp.json,2025-11-22T10:02:28.704010
swenable_mixed_w4_2.json,2026-01-03T08:31:30.920931
baseline_log_cpuintensive2.json,2025-08-05T20:13:53.293668
swenable_cpuintensive_w14_2.json,2025-12-28T19:55:07.010706
mlpenable_mixed1.json,2026-02-16T23:13:13.927616
swenable_cpuintensive5.json,2025-12-11T11:42:23.543752
swenable_memoryintensive6.json,2025-12-11T15:32:26.555620
swenable_cpuintensive_w4_2.json,2025-12-24T07:25:10.170002
SWdisable_cpuintensive4.json,2025-12-11T07:10:37.020722
SWdisable_memoryintensive8.json,2025-12-11T21:49:49.931459
SWdisable_memoryintensive8.json,2025-12-11T21:52:05.161163
swenable_cpuintensive_w6_2.json,2025-12-26T07:48:31.546583
swenable_cpuintensive_w10_1.json,2025-12-28T08:41:10.698620
mlp.json,2025-11-22T10:22:26.363473
swenable_memoryintensive_w4_1.json,2025-12-25T08:25:58.455371
SWdisable_memoryintensive.json,2025-11-25T02:24:39.184690
mlp.json,2025-11-22T09:38:28.195512
swenable_memoryintensive_w4_3.json,2025-12-25T09:09:09.512604
mlpenable_mixed2.json,2026-02-17T00:17:20.001318
mlp.json,2025-11-22T10:14:16.103533
swenable_cpuintensive_w10_2.json,2025-12-28T08:20:31.676497
SWdisable_memoryintensive4.json,2025-12-11T09:06:28.965472
mlp.json,2025-11-22T09:54:55.662499
mlp.json,2025-11-22T10:08:59.083659
SWenable_cpuintensive4.json,2025-12-11T07:00:50.651453
mlpdisable_cpuintensive3.json,2026-02-16T23:46:09.936408
dvfs_log_memoryintensive3.json,2025-08-08T08:49:20.156412
mlp.json,2025-11-22T10:06:11.874927
swenable_cpuintensive_w14_2.json,2025-12-28T19:55:12.162383
SW-disable_cpuintensive3.json,2025-12-10T23:18:53.377110
SWenable_cpuintensive.json,2025-11-25T02:56:03.487270
swenable_memoryintensive_w12_1.json,2025-12-28T13:35:59.664527
swenable_cpuintensive_w12_1.json,2025-12-28T13:27:22.503489
baseline_log_memoryintensive2.json,2025-08-05T19:25:54.814808
mlpdisable_cpuintensive2.json,2026-02-16T23:23:56.398898
mlp.json,2025-11-22T10:23:40.253122
mlpenable_cpuintensive.json,2025-11-22T15:07:04.959241
swenable_mixed_w6_2.json,2026-01-06T21:26:41.335457
dvfs_log_cpuintensive2.json,2025-08-05T20:25:07.769796
mlpdisable_cpuintensive2.json,2026-02-16T23:23:08.412752
swenable_mixed_w14_1.json,2026-01-03T20:41:17.754206
mlpdisable_memoryintensive2.json,2026-02-16T23:32:07.336708
mlpenable_memoryintensive.json,2025-11-22T23:37:03.245675
SW-enable_cpuintensive3.json,2025-12-10T23:10:41.679437
mlp.json,2025-11-22T09:43:53.055945
baseline_log_memoryintensive2.json,2025-08-05T19:23:35.789845
swenable_cpuintensive_w10_2.json,2025-12-28T08:24:24.153782
mlp.json,2025-11-22T09:57:42.567330
SWdisable_cpuintensive4.json,2025-12-11T07:08:40.811813
SWdisable_memoryintensive7.json,2025-12-11T20:55:55.613512
swenable_cpuintensive5.json,2025-12-11T11:38:46.005258
swenable_memoryintensive_w12_2.json,2025-12-28T14:35:07.027174
swenable_cpuintensive_w6_2.json,2025-12-26T07:49:09.050551
mlpdisable_cpuintensive3.json,2026-02-16T23:45:16.021207
mlpdisable_mixed2.json,2026-02-16T23:57:40.349198
SWenable_cpuintensive.json,2025-11-25T02:56:55.804840
swenable_mixed_w12_1.json,2026-01-03T20:19:35.433937
mlpdisable_cpuintensive.json,2025-11-22T15:29:16.249874
dvfs_log_cpuintensive3.json,2025-08-08T08:21:17.234364
swenable_cpuintensive_w12_2.json,2025-12-28T14:23:19.685344
dvfs_log_memoryintensive3.json,2025-08-08T08:51:40.514913
mlpenable_mixed2.json,2026-02-17T00:18:24.826450
swenable_mixed_w8_1.json,2026-01-06T21:16:27.613316
swenable_memoryintensive_w14_3.json,2025-12-28T15:50:26.342281
dvfs_log_memoryintensive3.json,2025-08-08T08:51:43.902016
swenable_memoryintensive_w4_1.json,2025-12-25T08:26:19.725530
swenable_mixed_w4_2.json,2026-01-03T08:31:19.866341
baseline_log_memoryintensive3.json,2025-08-08T08:43:27.154694
swenable_memoryintensive_w10_2.json,2025-12-28T08:28:15.501511
mlpdisable_cpuintensive2.json,2026-02-16T23:22:11.881571
SWdisable_memoryintensive2.json,2025-11-25T07:51:40.421865
swenable_cpuintensive_w4_2.json,2025-12-24T07:22:12.854135
swenable_cpuintensive7.json,2025-12-11T17:40:54.446677
swenable_mixed_w10_2.json,2026-01-03T19:01:36.396834
mlp.json,2025-11-22T10:03:47.794720
swenable_memoryintensive_w6_2.json,2025-12-26T07:58:38.638739
swenable_memoryintensive_w12_1.json,2025-12-28T13:32:56.030151
mlp.json,2025-11-22T09:51:17.293877
baseline_log_cpuintensive.json,2025-07-31T22:59:55.891456
mlp.json,2025-11-22T09:47:16.133744
swenable_mixed_w6_2.json,2026-01-06T21:31:01.078888
swenable_cpuintensive_w12_3.json,2025-12-28T15:11:37.113517
dvfs_log_cpuintensive3.json,2025-08-08T08:17:40.875324
mlpdisable_cpuintensive3.json,2026-02-16T23:45:45.838289
dvfs_log_cpuintensive3.json,2025-08-08T08:18:51.925509
baseline_log_cpuintensive3.json,2025-08-08T08:24:40.068206
dvfs_log_memoryintensive.json,2025-08-05T16:51:39.899709
mlp.json,2025-11-22T10:14:06.653678
dvfs_log_memoryintensive2.json,2025-08-05T19:37:03.636989
dvfs_log_memoryintensive2.json,2025-08-05T19:36:28.021158
swenable_mixed_w10_1.json,2026-01-03T18:22:19.156407
baseline_log_memoryintensive3.json,2025-08-08T08:39:45.087232
SWdisable_memoryintensive.json,2025-11-25T02:24:28.951922
SWdisable_memoryintensive8.json,2025-12-11T21:52:29.669170
swenable_memoryintensive_w12_1.json,2025-12-28T13:31:53.589884
baseline_log_cpuintensive2.json,2025-08-05T20:15:01.144520
swenable_memoryintensive_w14_1.json,2025-12-28T21:06:57.639311
mlp.json,2025-11-22T10:23:21.683395
mlpenable_memoryintensive.json,2025-11-22T23:41:28.360447
swenable_cpuintensive_w12_2.json,2025-12-28T14:26:07.952861
swenable_memoryintensive_w6_3.json,2025-12-26T09:05:36.171977
swenable_cpuintensive_w10_3.json,2025-12-28T07:10:59.566558
swenable_memoryintensive_w14_3.json,2025-12-28T15:47:13.199315
baseline_log_cpuintensive3.json,2025-08-08T08:28:10.571848
mlpenable_mixed2.json,2026-02-17T00:16:29.224599
swenable_memoryintensive_w14_2.json,2025-12-28T20:00:46.935336
swenable_mixed_w6_1.json,2026-01-03T09:20:04.767484
baseline_log_memoryintensive3.json,2025-08-08T08:41:49.463237
baseline_log_memoryintensive.json,2025-08-05T17:14:17.250914
swenable_memoryintensive_w12_1.json,2025-12-28T13:31:44.077265
baseline_log_cpuintensive.json,2025-07-31T22:58:25.967078
mlpenable_cpuintensive2.json,2026-02-16T22:56:46.643105
mlpenable_cpuintensive3.json,2026-02-17T00:03:03.696341
swenable_cpuintensive_w6_1.json,2025-12-26T07:00:51.052193
mlpdisable_cpuintensive3.json,2026-02-16T23:42:22.378285
SWenable_memoryintensive3.json,2025-12-11T06:08:25.664306
mlpdisable_cpuintensive.json,2025-11-22T15:29:25.571526
swenable_memoryintensive_w10_2.json,2025-12-28T08:28:30.641234
dvfs_log_cpuintensive2.json,2025-08-05T20:23:31.181771
dvfs_log_cpuintensive3.json,2025-08-08T08:17:24.034731
swenable_memoryintensive_w4_3.json,2025-12-25T09:08:54.760018
dvfs_log_cpuintensive2.json,2025-08-05T20:26:47.885768
dvfs_log_cpuIntensive.json,2025-07-31T23:56:46.717446
swenable_cpuintensive_w14_2.json,2025-12-28T19:50:49.977192
SWdisable_memoryintensive3.json,2025-12-11T06:00:51.213484
dvfs_log_cpuintensive3.json,2025-08-08T08:20:53.513004
swenable_memoryintensive_w6_3.json,2025-12-26T09:04:30.183183
mlpenable_cpuintensive2.json,2026-02-16T22:56:23.214804
swenable_cpuintensive_w12_1.json,2025-12-28T13:22:47.513983
SWdisable_cpuintensive7.json,2025-12-11T17:34:35.842571
swenable_cpuintensive_w12_1.json,2025-12-28T13:25:30.734991
mlp.json,2025-11-22T09:39:38.108236
swenable_cpuintensive7.json,2025-12-11T17:43:13.155046
swenable_mixed_w4_2.json,2026-01-03T08:33:34.838813
swenable_cpuintensive7.json,2025-12-11T17:41:32.267409
swenable_memoryintensive_w6_3.json,2025-12-26T09:05:25.645300
dvfs_log_memoryintensive2.json,2025-08-05T19:33:23.889589
swenable_memoryintensive_w10_1.json,2025-12-28T08:45:46.779222
swenable_memoryintensive_w6_2.json,2025-12-26T08:00:07.620557
swenable_cpuintensive_w10_2.json,2025-12-28T08:22:37.131002
swenable_mixed_w12_1.json,2026-01-03T20:17:45.568582
dvfs_log_memoryintensive2.json,2025-08-05T19:35:55.746495
mlp.json,2025-11-22T10:14:20.613276
swenable_cpuintensive_w4_2.json,2025-12-24T07:25:20.025374
mlp.json,2025-11-22T09:39:47.244432
baseline_log_cpuintensive2.json,2025-08-05T20:14:06.150072
swenable_memoryintensive_w14_1.json,2025-12-28T21:08:34.562657
SWenable_memoryintensive.json,2025-11-25T02:29:29.711290
mlpenable_memoryintensive.json,2025-11-22T23:40:32.388967
swenable_memoryintensive_w6_1.json,2025-12-26T07:31:10.499680
swenable_cpuintensive_w6_3.json,2025-12-26T08:59:16.136752
dvfs_log_cpuintensive2.json,2025-08-05T20:24:41.964454
swenable_mixed_w4_2.json,2026-01-03T08:32:35.879995
SWdisable_cpuintensive.json,2025-11-25T02:51:32.383719
swenable_cpuintensive7.json,2025-12-11T17:42:10.589402
swenable_memoryintensive_w10_1.json,2025-12-28T08:48:30.852695
swenable_cpuintensive_w4_1.json,2025-12-24T06:58:27.741268
swenable_memoryintensive_w6_2.json,2025-12-26T07:59:20.952318
baseline_log_cpuintensive2.json,2025-08-05T20:18:05.546343
swenable_cpuintensive_w12_1.json,2025-12-28T13:24:45.183109
SWenable_memoryintensive2.json,2025-11-25T08:04:37.060234
swenable_memoryintensive_w10_2.json,2025-12-28T08:28:56.926516
mlp.json,2025-11-22T09:56:15.156640
mlpdisable_memoryintensive2.json,2026-02-16T23:29:51.211477
mlpenable_cpuintensive3.json,2026-02-17T00:04:50.025950
SWenable_memoryintensive.json,2025-11-25T02:29:24.606280
baseline_log_cpuintensive2.json,2025-08-05T20:14:22.507310
swenable_cpuintensive_w12_1.json,2025-12-28T13:23:27.021042
mlp.json,2025-11-22T09:48:48.771749
swenable_mixed_w10_1.json,2026-01-03T18:22:04.446823
swenable_cpuintensive_w14_1.json,2025-12-28T21:01:24.022984
baseline_log_cpuintensive3.json,2025-08-08T08:28:27.491578
SWenable_memoryintensive4.json,2025-12-11T08:59:23.271540
swenable_cpuintensive_w12_3.json,2025-12-28T15:10:12.257075
dvfs_log_cpuintensive2.json,2025-08-05T20:26:57.577312
swenable_cpuintensive_w6_2.json,2025-12-26T07:48:37.293725
mlpdisable_memoryintensive.json,2025-11-22T23:08:44.028751
SWdisable_memoryintensive2.json,2025-11-25T07:51:30.968504
swenable_memoryintensive8.json,2025-12-11T21:43:16.168934
mlpenable_memoryintensive.json,2025-11-22T23:37:45.225842
swenable_cpuintensive_w4_3.json,2025-12-24T07:59:28.591983
baseline_log_memoryintensive3.json,2025-08-08T08:40:08.584309
swenable_cpuintensive_w14_3.json,2025-12-28T15:40:14.230396
swenable_memoryintensive_w4_1.json,2025-12-25T08:24:53.722693
baseline_log_cpuintensive3.json,2025-08-08T08:26:26.060354
mlpenable_mixed1.json,2026-02-16T23:17:44.094436
mlpdisable_memoryintensive.json,2025-11-22T23:09:13.178798
swenable_mixed_w12_2.json,2026-01-03T19:15:19.312205
swenable_mixed_w14_2.json,2026-01-03T21:04:10.561853
mlpdisable_mixed1.json,2026-02-16T23:38:12.004245
swenable_mixed_w14_1.json,2026-01-03T20:40:23.300687
SW-disable_cpuintensive3.json,2025-12-10T23:20:31.223534
mlpenable_mixed2.json,2026-02-17T00:18:10.957036
swenable_memoryintensive_w14_1.json,2025-12-28T21:09:31.339535
SWdisable_cpuintensive.json,2025-11-25T02:53:24.759482
swenable_cpuintensive_w10_2.json,2025-12-28T08:22:19.717277
dvfs_log_cpuIntensive.json,2025-07-31T23:54:24.950854
dvfs_log_cpuIntensive.json,2025-07-31T23:54:31.694296
baseline_log_memoryintensive3.json,2025-08-08T08:39:35.068078
baseline_log_memoryintensive2.json,2025-08-05T19:27:15.970195
mlpenable_mixed1.json,2026-02-16T23:17:15.193720
mlpenable_cpuintensive.json,2025-11-22T15:09:52.314578
swenable_memoryintensive_w12_1.json,2025-12-28T13:31:24.827881
dvfs_log_memoryintensive3.json,2025-08-08T08:50:25.033163
swenable_mixed_w6_2.json,2026-01-06T21:29:10.109649
swenable_cpuintensive_w12_1.json,2025-12-28T13:25:20.883123
swenable_mixed_w8_1.json,2026-01-06T21:13:07.713458
mlpdisable_memoryintensive3.json,2026-02-16T23:48:49.273396
mlpdisable_cpuintensive.json,2025-11-22T15:27:12.518872
SWdisable_memoryintensive3.json,2025-12-11T06:01:20.112922
mlpenable_cpuintensive3.json,2026-02-17T00:03:51.888965
mlpdisable_cpuintensive3.json,2026-02-16T23:42:46.467406
swenable_cpuintensive_w14_2.json,2025-12-28T19:54:15.844437
dvfs_log_cpuIntensive.json,2025-07-31T23:54:28.331737
mlp.json,2025-11-22T10:22:44.725711
swenable_memoryintensive5.json,2025-12-11T12:53:18.636013
dvfs_log_cpuIntensive.json,2025-07-31T23:54:34.963859
swenable_cpuintensive7.json,2025-12-11T17:43:18.800404
SWenable_memoryintensive4.json,2025-12-11T08:57:50.405882
baseline_log_cpuintensive3.json,2025-08-08T08:26:59.748174
mlpdisable_cpuintensive3.json,2026-02-16T23:42:03.427167
mlp.json,2025-11-22T09:48:53.463846
mlpdisable_cpuintensive3.json,2026-02-16T23:46:33.865324
swenable_cpuintensive_w12_2.json,2025-12-28T14:25:11.886436
swenable_cpuintensive_w12_3.json,2025-12-28T15:10:06.937939
swenable_mixed_w6_1.json,2026-01-03T09:20:21.438912
mlp.json,2025-11-22T09:40:19.841246
swenable_memoryintensive7.json,2025-12-11T20:48:18.747340
baseline_log_memoryintensive3.json,2025-08-08T08:40:35.656469
SWdisable_memoryintensive3.json,2025-12-11T06:02:23.402951
mlp.json,2025-11-22T09:50:58.833933
swenable_cpuintensive_w10_3.json,2025-12-28T07:11:43.391461
mlp.json,2025-11-22T09:55:05.013829
swenable_mixed_w10_1.json,2026-01-03T18:20:12.512473
mlpenable_memoryintensive.json,2025-11-22T23:37:07.811866
mlpenable_memoryintensive3.json,2026-02-17T00:10:01.247285
baseline_log_memoryintensive3.json,2025-08-08T08:43:37.387164
swenable_memoryintensive_w6_2.json,2025-12-26T07:59:32.343616
baseline_log_cpuintensive2.json,2025-08-05T20:16:15.642132
swenable_cpuintensive_w14_1.json,2025-12-28T21:00:38.702017
dvfs_log_memoryintensive3.json,2025-08-08T08:51:12.824404
baseline_log_memoryintensive.json,2025-08-05T17:10:48.100784
dvfs_log_memoryintensive2.json,2025-08-05T19:37:00.427015
swenable_cpuintensive_w10_1.json,2025-12-28T08:39:10.318573
mlpdisable_mixed2.json,2026-02-16T23:58:42.746076
mlpenable_memoryintensive3.json,2026-02-17T00:11:17.088728
baseline_log_memoryintensive2.json,2025-08-05T19:22:30.991872
swenable_cpuintensive_w6_3.json,2025-12-26T08:58:12.139887
SWdisable_memoryintensive3.json,2025-12-11T05:59:29.662689
SWenable_memoryintensive3.json,2025-12-11T06:11:00.665083
SWenable_cpuintensive8.json,2025-12-11T21:31:35.374137
mlp.json,2025-11-22T10:20:26.663524
swenable_memoryintensive_w4_3.json,2025-12-25T09:10:40.639463
swenable_cpuintensive_w12_1.json,2025-12-28T13:24:20.579549
SWdisable_cpuintensive7.json,2025-12-11T17:36:21.677264
swenable_mixed_w6_2.json,2026-01-06T21:30:21.141416
mlp.json,2025-11-22T09:40:38.264195
SWdisable_memoryintensive8.json,2025-12-11T21:52:24.621450
dvfs_log_cpuintensive3.json,2025-08-08T08:18:35.430130
swenable_cpuintensive_w4_1.json,2025-12-24T06:59:44.009018
swenable_mixed_w14_2.json,2026-01-03T21:01:29.961245
swenable_cpuintensive_w6_2.json,2025-12-26T07:45:11.660713
mlpenable_memoryintensive3.json,2026-02-17T00:09:10.108221
mlpdisable_memoryintensive3.json,2026-02-16T23:52:02.876525
SW-disable_cpuintensive3.json,2025-12-10T23:18:14.049209
baseline_log_cpuintensive.json,2025-07-31T23:01:55.005574
mlpenable_cpuintensive2.json,2026-02-16T22:56:27.894891
mlp.json,2025-11-22T10:16:08.239119
mlpdisable_memoryintensive3.json,2026-02-16T23:52:22.071168
SW-enable_cpuintensive3.json,2025-12-10T23:10:08.124539
mlpdisable_cpuintensive.json,2025-11-22T15:28:11.379925
mlp.json,2025-11-22T09:46:29.388212
mlpenable_cpuintensive.json,2025-11-22T15:08:56.160540
SW-disable_cpuintensive3.json,2025-12-10T23:20:50.666168
baseline_log_memoryintensive.json,2025-08-05T17:10:35.276442
SWenable_cpuintensive.json,2025-11-25T02:58:48.423777
swenable_cpuintensive_w6_3.json,2025-12-26T08:59:59.468746
baseline_log_cpuintensive3.json,2025-08-08T08:26:22.790905
dvfs_log_memoryintensive2.json,2025-08-05T19:36:08.587572
SWdisable_cpuintensive8.json,2025-12-11T21:10:04.467539
swenable_mixed_w14_2.json,2026-01-03T21:03:31.355956
mlpenable_cpuintensive3.json,2026-02-17T00:06:07.382720
dvfs_log_cpuintensive3.json,2025-08-08T08:22:18.400011
swenable_memoryintensive_w12_1.json,2025-12-28T13:32:08.111422
SWenable_cpuintensive.json,2025-11-25T02:57:37.474657
swenable_cpuintensive5.json,2025-12-11T11:38:10.437418
swenable_cpuintensive_w6_3.json,2025-12-26T08:57:02.141466
swenable_mixed_w10_2.json,2026-01-03T19:02:04.411960
baseline_log_cpuintensive2.json,2025-08-05T20:15:46.274324
mlp.json,2025-11-22T10:21:45.017177
swenable_cpuintensive_w6_2.json,2025-12-26T07:45:57.881153
swenable_mixed_w6_2.json,2026-01-06T21:30:50.841222
swenable_memoryintensive_w12_2.json,2025-12-28T14:31:51.756877
baseline_log_cpuintensive.json,2025-07-31T22:59:07.631226
mlpdisable_mixed1.json,2026-02-16T23:34:40.283249
swenable_memoryintensive_w12_2.json,2025-12-28T14:34:08.427308
baseline_log_memoryintensive.json,2025-08-05T17:12:34.307932
mlpdisable_memoryintensive2.json,2026-02-16T23:29:27.331101
swenable_memoryintensive_w10_2.json,2025-12-28T08:29:15.321486
mlp.json,2025-11-22T10:23:03.243156
mlpenable_cpuintensive2.json,2026-02-16T22:53:25.017435
mlp.json,2025-11-22T09:52:08.577074
mlpdisable_cpuintensive3.json,2026-02-16T23:45:01.309375
SW-enable_cpuintensive3.json,2025-12-10T23:10:24.864318
swenable_cpuintensive_w4_3.json,2025-12-24T07:56:21.688030
swenable_mixed_w8_2.json,2026-01-03T10:41:59.862988
swenable_cpuintensive_w14_2.json,2025-12-28T19:51:14.844938
mlpdisable_memoryintensive3.json,2026-02-16T23:49:57.689727
swenable_memoryintensive8.json,2025-12-11T21:40:41.322729
mlpdisable_cpuintensive.json,2025-11-22T15:26:32.023619
mlpdisable_memoryintensive2.json,2026-02-16T23:30:58.977469
mlpenable_cpuintensive.json,2025-11-22T15:07:14.053770
swenable_memoryintensive_w14_2.json,2025-12-28T20:00:15.790375
swenable_memoryintensive_w14_2.json,2025-12-28T19:59:55.898566
SW-enable_cpuintensive3.json,2025-12-10T23:07:23.665844
mlpdisable_memoryintensive.json,2025-11-22T23:09:31.595515
dvfs_log_memoryintensive2.json,2025-08-05T19:34:41.532697
dvfs_log_cpuintensive2.json,2025-08-05T20:25:36.829973
swenable_cpuintensive_w14_3.json,2025-12-28T15:39:03.854931
swenable_memoryintensive_w4_2.json,2025-12-25T08:38:44.964294
swenable_cpuintensive_w14_2.json,2025-12-28T19:54:25.873840
swenable_cpuintensive_w12_3.json,2025-12-28T15:11:49.628636
dvfs_log_memoryintensive2.json,2025-08-05T19:33:17.127513
swenable_cpuintensive_w10_2.json,2025-12-28T08:21:59.363377
mlpenable_memoryintensive.json,2025-11-22T23:41:04.965902
swenable_cpuintensive_w4_3.json,2025-12-24T07:59:00.556990
dvfs_log_cpuIntensive.json,2025-07-31T23:55:41.975738
swenable_memoryintensive_w6_1.json,2025-12-26T07:32:30.279754
swenable_cpuintensive_w12_3.json,2025-12-28T15:13:14.481555
mlpdisable_memoryintensive.json,2025-11-22T23:13:19.836947
swenable_cpuintensive7.json,2025-12-11T17:42:40.472823
swenable_mixed_w6_2.json,2026-01-06T21:27:45.941742
swenable_memoryintensive_w6_3.json,2025-12-26T09:03:41.073375
swenable_memoryintensive_w10_1.json,2025-12-28T08:49:12.682759
mlpenable_memoryintensive3.json,2026-02-17T00:10:42.719860
SWenable_cpuintensive.json,2025-11-25T02:56:08.335851
mlp.json,2025-11-22T09:37:28.058283
swenable_cpuintensive_w4_3.json,2025-12-24T07:59:58.612899
swenable_memoryintensive_w4_1.json,2025-12-25T08:28:04.469646
baseline_log_cpuintensive.json,2025-07-31T22:58:06.700035
SWdisable_memoryintensive7.json,2025-12-11T20:57:18.223950
swenable_memoryintensive_w4_1.json,2025-12-25T08:27:03.958685
swenable_cpuintensive_w10_3.json,2025-12-28T07:15:04.200891
baseline_log_cpuintensive3.json,2025-08-08T08:25:16.489370
swenable_cpuintensive_w14_3.json,2025-12-28T15:39:45.883225
swenable_mixed_w6_2.json,2026-01-06T21:29:43.354289
baseline_log_memoryintensive3.json,2025-08-08T08:41:19.143845
swenable_memoryintensive_w14_2.json,2025-12-28T19:57:57.211855
swenable_cpuintensive_w14_1.json,2025-12-28T20:58:20.613081
swenable_cpuintensive_w4_1.json,2025-12-24T06:57:27.769246
swenable_memoryintensive_w12_1.json,2025-12-28T13:35:13.642619
SWdisable_cpuintensive8.json,2025-12-11T21:09:16.934378
mlpdisable_mixed2.json,2026-02-16T23:55:07.524112
swenable_cpuintensive_w10_2.json,2025-12-28T08:25:06.813140
mlenable_memoryintensive2.json,2026-02-16T23:06:41.841415
mlpenable_mixed1.json,2026-02-16T23:14:16.289242
dvfs_log_memoryintensive.json,2025-08-05T16:53:24.735341
swenable_memoryintensive_w14_3.json,2025-12-28T15:51:04.001296
swenable_memoryintensive_w4_2.json,2025-12-25T08:37:25.768167
SWdisable_memoryintensive8.json,2025-12-11T21:53:08.844722
swenable_cpuintensive_w14_3.json,2025-12-28T15:40:32.986619
swenable_cpuintensive_w6_1.json,2025-12-26T06:57:44.118012
swenable_cpuintensive_w12_2.json,2025-12-28T14:27:08.450043
SWenable_memoryintensive4.json,2025-12-11T09:00:07.003090
swenable_memoryintensive_w6_1.json,2025-12-26T07:33:21.684460
mlpdisable_cpuintensive.json,2025-11-22T15:27:39.813008
mlp.json,2025-11-22T10:24:58.865670
dvfs_log_cpuintensive3.json,2025-08-08T08:19:32.228594
baseline_log_cpuintensive3.json,2025-08-08T08:26:56.394564
swenable_memoryintensive_w14_2.json,2025-12-28T20:00:31.438581
swenable_cpuintensive_w6_2.json,2025-12-26T07:45:16.628597
swenable_cpuintensive_w14_2.json,2025-12-28T19:53:24.083932
swenable_memoryintensive_w12_3.json,2025-12-28T15:19:32.424281
swenable_mixed_w8_1.json,2026-01-06T21:14:00.331813
mlp.json,2025-11-22T09:36:51.970028
mlpdisable_cpuintensive2.json,2026-02-16T23:23:36.995547
baseline_log_cpuintensive2.json,2025-08-05T20:15:36.650280
SWenable_memoryintensive3.json,2025-12-11T06:08:05.183299
swenable_cpuintensive_w14_1.json,2025-12-28T21:02:50.286940
baseline_log_memoryintensive.json,2025-08-05T17:10:15.937630
swenable_mixed_w14_1.json,2026-01-03T20:38:53.945768
dvfs_log_cpuIntensive.json,2025-07-31T23:56:40.136855
baseline_log_memoryintensive3.json,2025-08-08T08:41:59.544387
SWenable_memoryintensive2.json,2025-11-25T08:00:09.207291
SWdisable_memoryintensive2.json,2025-11-25T07:51:54.663344
SWdisable_cpuintensive.json,2025-11-25T02:51:42.737816
SWdisable_cpuintensive8.json,2025-12-11T21:11:56.846476
baseline_log_memoryintensive3.json,2025-08-08T08:43:54.403450
SWenable_memoryintensive4.json,2025-12-11T09:00:32.520355
SWdisable_memoryintensive2.json,2025-11-25T07:53:51.393621
swenable_cpuintensive_w14_2.json,2025-12-28T19:51:29.969734
mlpenable_cpuintensive.json,2025-11-22T15:11:06.700634
SWenable_cpuintensive8.json,2025-12-11T21:28:09.447863
swenable_cpuintensive_w6_3.json,2025-12-26T08:58:28.353802
swenable_memoryintensive_w6_1.json,2025-12-26T07:32:45.679559
mlpenable_mixed2.json,2026-02-17T00:18:15.601024
mlpenable_memoryintensive.json,2025-11-22T23:38:54.480384
swenable_mixed_w12_2.json,2026-01-03T19:14:57.341194
swenable_cpuintensive_w4_2.json,2025-12-24T07:21:09.506650
baseline_log_memoryintensive2.json,2025-08-05T19:23:38.998645
swenable_memoryintensive7.json,2025-12-11T20:50:10.770423
swenable_memoryintensive_w4_2.json,2025-12-25T08:40:25.511974
mlp.json,2025-11-22T10:18:12.923340
dvfs_log_memoryintensive2.json,2025-08-05T19:32:31.915049
swenable_cpuintensive6.json,2025-12-11T15:10:00.466872
swenable_mixed_w12_2.json,2026-01-03T19:13:04.302420
mlpenable_cpuintensive3.json,2026-02-17T00:04:59.459040
swenable_memoryintensive_w12_1.json,2025-12-28T13:34:11.557925
mlpdisable_memoryintensive.json,2025-11-22T23:12:09.707155
swenable_mixed_w6_2.json,2026-01-06T21:31:24.812404
swenable_memoryintensive_w4_1.json,2025-12-25T08:27:54.027303
swenable_mixed_w12_2.json,2026-01-03T19:14:29.458453
mlp.json,2025-11-22T10:15:26.285072
swenable_cpuintensive_w4_2.json,2025-12-24T07:22:47.166735
SW-disable_cpuintensive3.json,2025-12-10T23:21:00.849560
SW-enable_cpuintensive3.json,2025-12-10T23:06:57.665255
SWenable_cpuintensive8.json,2025-12-11T21:31:08.808014
mlp.json,2025-11-22T09:54:37.070760
mlpenable_mixed1.json,2026-02-16T23:16:21.588941
swenable_memoryintensive5.json,2025-12-11T12:50:27.498241
SWenable_cpuintensive8.json,2025-12-11T21:30:07.572458
swenable_memoryintensive_w14_1.json,2025-12-28T21:05:32.899162
swenable_mixed_w6_1.json,2026-01-03T09:23:50.779640
mlpdisable_memoryintensive3.json,2026-02-16T23:49:13.204556
mlpdisable_memoryintensive2.json,2026-02-16T23:29:46.441465
swenable_cpuintensive_w14_3.json,2025-12-28T15:41:33.879067
mlp.json,2025-11-22T09:39:14.724530
swenable_memoryintensive_w12_3.json,2025-12-28T15:18:57.819447
mlpenable_mixed2.json,2026-02-17T00:14:23.427223
swenable_cpuintensive_w6_3.json,2025-12-26T08:56:12.599337
swenable_mixed_w14_2.json,2026-01-03T21:00:31.128801
swenable_cpuintensive_w10_3.json,2025-12-28T07:10:20.939013
swenable_memoryintensive_w10_1.json,2025-12-28T08:49:39.188638
SWenable_memoryintensive3.json,2025-12-11T06:08:15.251327
mlp.json,2025-11-22T09:35:48.505298
dvfs_log_memoryintensive.json,2025-08-05T16:50:05.412202
mlp.json,2025-11-22T09:46:20.219033
swenable_mixed_w8_2.json,2026-01-03T10:40:41.749882
baseline_log_cpuintensive3.json,2025-08-08T08:28:03.812100
mlp.json,2025-11-22T10:00:42.243992
swenable_memoryintensive7.json,2025-12-11T20:51:25.412883
swenable_memoryintensive_w12_3.json,2025-12-28T15:22:15.306073
baseline_log_cpuintensive2.json,2025-08-05T20:17:59.001177
swenable_mixed_w10_1.json,2026-01-03T18:24:10.601515
swenable_memoryintensive_w14_1.json,2025-12-28T21:04:49.768835
SWdisable_memoryintensive3.json,2025-12-11T06:01:49.211569
baseline_log_memoryintensive2.json,2025-08-05T19:23:29.042800
swenable_cpuintensive_w10_1.json,2025-12-28T08:38:21.685161
mlpenable_memoryintensive3.json,2026-02-17T00:10:47.360491
mlpenable_mixed1.json,2026-02-16T23:14:11.384627
swenable_cpuintensive_w10_1.json,2025-12-28T08:42:26.948203
swenable_mixed_w6_2.json,2026-01-06T21:30:26.285071
baseline_log_cpuintensive.json,2025-07-31T23:00:05.512028
swenable_memoryintensive_w4_3.json,2025-12-25T09:09:24.899478
swenable_memoryintensive_w10_1.json,2025-12-28T08:46:42.552675
swenable_mixed_w12_2.json,2026-01-03T19:12:00.464845
baseline_log_memoryintensive2.json,2025-08-05T19:24:21.082191
mlp.json,2025-11-22T09:51:12.773970
swenable_cpuintensive_w6_1.json,2025-12-26T06:57:49.032072
swenable_memoryintensive8.json,2025-12-11T21:40:31.962327
swenable_cpuintensive_w12_1.json,2025-12-28T13:23:17.070342
mlpenable_cpuintensive.json,2025-11-22T15:10:15.710031
swenable_cpuintensive_w12_3.json,2025-12-28T15:14:02.490048
swenable_cpuintensive_w4_3.json,2025-12-24T07:58:55.391354
baseline_log_memoryintensive3.json,2025-08-08T08:40:52.274038
swenable_memoryintensive_w12_2.json,2025-12-28T14:33:13.809883
mlpenable_mixed2.json,2026-02-17T00:17:29.282228
swenable_cpuintensive_w14_2.json,2025-12-28T19:52:28.125253
dvfs_log_memoryintensive2.json,2025-08-05T19:36:47.313512
swenable_mixed_w10_1.json,2026-01-03T18:23:50.342202
mlpenable_mixed1.json,2026-02-16T23:17:20.170198
swenable_mixed_w4_2.json,2026-01-03T08:30:28.080216
swenable_cpuintensive_w12_3.json,2025-12-28T15:10:45.111323
swenable_memoryintensive_w12_2.json,2025-12-28T14:33:52.916607
swenable_memoryintensive8.json,2025-12-11T21:39:25.343995
swenable_memoryintensive8.json,2025-12-11T21:41:14.327496
SW-disable_cpuintensive3.json,2025-12-10T23:16:46.280652
mlpdisable_cpuintensive3.json,2026-02-16T23:44:22.107930
mlp.json,2025-11-22T10:00:05.504995
SWenable_cpuintensive.json,2025-11-25T02:57:16.168286
dvfs_log_memoryintensive2.json,2025-08-05T19:33:07.411206
swenable_cpuintensive_w14_1.json,2025-12-28T20:59:38.955315
swenable_mixed_w12_1.json,2026-01-03T20:20:21.540846
swenable_memoryintensive_w4_2.json,2025-12-25T08:37:35.381708
swenable_memoryintensive_w10_1.json,2025-12-28T08:47:17.364109
swenable_cpuintensive_w14_1.json,2025-12-28T21:01:28.935764
mlp.json,2025-11-22T10:09:22.375332
swenable_mixed_w10_2.json,2026-01-03T19:02:37.857460
swenable_memoryintensive_w6_1.json,2025-12-26T07:34:01.259011
swenable_mixed_w12_1.json,2026-01-03T20:20:00.892802
mlpenable_memoryintensive.json,2025-11-22T23:38:22.105782
baseline_log_cpuintensive.json,2025-07-31T23:00:37.692052
mlpdisable_cpuintensive2.json,2026-02-16T23:22:07.132857
swenable_cpuintensive_w12_2.json,2025-12-28T14:23:42.869782
swenable_cpuintensive_w14_1.json,2025-12-28T21:00:23.842424
mlp.json,2025-11-22T09:41:10.944144
baseline_log_memoryintensive3.json,2025-08-08T08:39:18.492318
swenable_memoryintensive6.json,2025-12-11T15:32:15.353261
dvfs_log_memoryintensive.json,2025-08-05T16:52:17.120182
swenable_mixed_w12_1.json,2026-01-03T20:21:37.304089
baseline_log_cpuintensive.json,2025-07-31T23:00:02.303459
dvfs_log_memoryintensive3.json,2025-08-08T08:47:12.738058
swenable_memoryintensive_w10_3.json,2025-12-28T07:27:35.974171
swenable_cpuintensive_w6_1.json,2025-12-26T07:01:20.187227
mlp.json,2025-11-22T10:13:20.123557
mlp.json,2025-11-22T09:58:33.243898
swenable_cpuintensive_w12_2.json,2025-12-28T14:27:13.367194
baseline_log_cpuintensive2.json,2025-08-05T20:15:23.671833
baseline_log_memoryintensive2.json,2025-08-05T19:26:50.176168
swenable_cpuintensive5.json,2025-12-11T11:39:17.186710
swenable_mixed_w10_2.json,2026-01-03T18:59:22.829732
swenable_cpuintensive_w4_2.json,2025-12-24T07:23:17.039478
swenable_cpuintensive_w12_3.json,2025-12-28T15:11:18.098988
mlpdisable_cpuintensive3.json,2026-02-16T23:43:24.690130
SWdisable_cpuintensive4.json,2025-12-11T07:12:54.029277
swenable_mixed_w12_2.json,2026-01-03T19:12:54.146675
SW-disable_cpuintensive3.json,2025-12-10T23:20:11.495376
SWdisable_memoryintensive7.json,2025-12-11T20:58:36.191563
baseline_log_cpuintensive3.json,2025-08-08T08:26:53.027258
swenable_memoryintensive8.json,2025-12-11T21:42:04.350372
mlpdisable_memoryintensive.json,2025-11-22T23:10:27.096426
swenable_mixed_w6_1.json,2026-01-03T09:21:03.699149
swenable_mixed_w10_1.json,2026-01-03T18:20:27.482919
mlp.json,2025-11-22T09:44:16.098442
swenable_memoryintensive_w6_2.json,2025-12-26T07:58:14.174106
SWdisable_cpuintensive8.json,2025-12-11T21:09:21.646751
baseline_log_cpuintensive2.json,2025-08-05T20:13:59.733415
mlp.json,2025-11-22T09:46:01.654322
swenable_memoryintensive_w10_3.json,2025-12-28T07:27:31.364857
dvfs_log_memoryintensive2.json,2025-08-05T19:32:41.543432
SWdisable_memoryintensive2.json,2025-11-25T07:54:11.064788
dvfs_log_cpuintensive2.json,2025-08-05T20:24:54.807413
dvfs_log_cpuIntensive.json,2025-07-31T23:56:43.427530
swenable_memoryintensive_w10_2.json,2025-12-28T08:30:38.785324
mlp.json,2025-11-22T10:17:40.703602
mlpenable_memoryintensive3.json,2026-02-17T00:09:28.647623
swenable_cpuintensive_w6_1.json,2025-12-26T07:00:15.676028
swenable_memoryintensive_w6_1.json,2025-12-26T07:32:35.290359
dvfs_log_cpuIntensive.json,2025-07-31T23:53:05.200960
mlp.json,2025-11-22T10:21:12.743355
mlpdisable_memoryintensive3.json,2026-02-16T23:51:43.589537
swenable_cpuintensive_w12_2.json,2025-12-28T14:27:38.225196
SWdisable_cpuintensive4.json,2025-12-11T07:11:49.967952
SWenable_memoryintensive3.json,2025-12-11T06:08:10.157819
baseline_log_memoryintensive.json,2025-08-05T17:09:30.924424
swenable_memoryintensive7.json,2025-12-11T20:52:07.291548
dvfs_log_memoryintensive.json,2025-08-05T16:50:59.657189
dvfs_log_memoryintensive.json,2025-08-05T16:49:38.300450
mlp.json,2025-11-22T10:00:51.493991
swenable_memoryintensive_w14_1.json,2025-12-28T21:05:23.269305
SW-enable_cpuintensive3.json,2025-12-10T23:09:24.978790
SWenable_memoryintensive4.json,2025-12-11T08:56:34.191662
dvfs_log_cpuintensive3.json,2025-08-08T08:20:02.760148
dvfs_log_memoryintensive3.json,2025-08-08T08:50:59.232569
mlp.json,2025-11-22T10:16:45.553645
SWdisable_memoryintensive.json,2025-11-25T02:24:44.327971
swenable_cpuintensive_w10_2.json,2025-12-28T08:23:33.162054
swenable_cpuintensive_w6_3.json,2025-12-26T08:57:57.811589
swenable_cpuintensive_w14_3.json,2025-12-28T15:40:23.737188
mlp.json,2025-11-22T09:57:56.514595
dvfs_log_cpuintensive3.json,2025-08-08T08:18:58.779026
swenable_cpuintensive_w4_3.json,2025-12-24T07:59:52.622741
swenable_cpuintensive_w10_3.json,2025-12-28T07:11:33.917654
swenable_cpuintensive_w14_1.json,2025-12-28T20:59:19.863539
swenable_mixed_w8_2.json,2026-01-03T10:40:52.168225
swenable_memoryintensive_w12_3.json,2025-12-28T15:19:41.707048
mlpenable_cpuintensive3.json,2026-02-17T00:02:29.023687
swenable_cpuintensive_w4_1.json,2025-12-24T06:59:02.856922
mlpdisable_cpuintensive2.json,2026-02-16T23:22:21.302863
mlpenable_cpuintensive2.json,2026-02-16T22:54:01.769751
dvfs_log_cpuintensive2.json,2025-08-05T20:25:23.823901
swenable_memoryintensive8.json,2025-12-11T21:44:04.403720
mlp.json,2025-11-22T09:59:23.875883
swenable_cpuintensive_w6_1.json,2025-12-26T07:01:06.265109
baseline_log_memoryintensive.json,2025-08-05T17:13:38.625408
SWdisable_cpuintensive4.json,2025-12-11T07:08:55.090478
SWenable_memoryintensive2.json,2025-11-25T08:02:04.046604
swenable_memoryintensive5.json,2025-12-11T12:52:32.789565
swenable_memoryintensive5.json,2025-12-11T12:53:28.492611
mlpdisable_mixed2.json,2026-02-16T23:59:41.964164
swenable_memoryintensive_w10_1.json,2025-12-28T08:48:15.724864
swenable_memoryintensive_w6_1.json,2025-12-26T07:30:55.350231
swenable_memoryintensive_w14_2.json,2025-12-28T19:57:02.964159
dvfs_log_memoryintensive2.json,2025-08-05T19:33:36.727939
mlpdisable_mixed2.json,2026-02-16T23:58:52.622738
swenable_cpuintensive6.json,2025-12-11T15:09:20.086340
swenable_memoryintensive5.json,2025-12-11T12:51:02.164954
swenable_mixed_w4_1.json,2026-01-03T07:55:24.120425
dvfs_log_memoryintensive3.json,2025-08-08T08:48:03.362424
swenable_memoryintensive_w10_3.json,2025-12-28T07:25:53.798396
swenable_mixed_w4_1.json,2026-01-03T07:58:51.174132
swenable_memoryintensive5.json,2025-12-11T12:51:41.634727
SW-disable_cpuintensive3.json,2025-12-10T23:17:45.572715
swenable_memoryintensive7.json,2025-12-11T20:51:39.823389
SW-disable_cpuintensive3.json,2025-12-10T23:16:16.097065
mlp.json,2025-11-22T09:35:57.585896
baseline_log_memoryintensive.json,2025-08-05T17:13:06.420597
swenable_memoryintensive6.json,2025-12-11T15:33:54.980177
swenable_cpuintensive6.json,2025-12-11T15:06:52.673107
mlpdisable_cpuintensive.json,2025-11-22T15:27:03.589617
swenable_cpuintensive5.json,2025-12-11T11:39:59.780486
SWdisable_memoryintensive2.json,2025-11-25T07:55:00.667911
swenable_memoryintensive7.json,2025-12-11T20:49:59.661119
mlpdisable_memoryintensive2.json,2026-02-16T23:30:15.227275
swenable_cpuintensive_w10_2.json,2025-12-28T08:24:11.946112
swenable_memoryintensive_w4_3.json,2025-12-25T09:06:27.249184
dvfs_log_cpuintensive3.json,2025-08-08T08:21:07.064692
swenable_cpuintensive_w12_3.json,2025-12-28T15:11:13.485849
swenable_cpuintensive_w6_3.json,2025-12-26T08:58:22.774817
SWenable_memoryintensive.json,2025-11-25T02:29:19.734543
dvfs_log_cpuIntensive.json,2025-07-31T23:53:35.083618
swenable_mixed_w12_1.json,2026-01-03T20:20:51.686790
dvfs_log_cpuintensive3.json,2025-08-08T08:20:26.628752
mlp.json,2025-11-22T09:44:06.944336
mlp.json,2025-11-22T09:55:37.901574
swenable_memoryintensive_w12_1.json,2025-12-28T13:31:19.981900
swenable_cpuintensive_w14_2.json,2025-12-28T19:55:26.980800
swenable_memoryintensive8.json,2025-12-11T21:39:44.631790
swenable_cpuintensive_w10_1.json,2025-12-28T08:40:58.847931
swenable_memoryintensive_w4_3.json,2025-12-25T09:06:31.998721
swenable_cpuintensive_w14_3.json,2025-12-28T15:42:16.501591
dvfs_log_cpuintensive3.json,2025-08-08T08:22:08.106190
swenable_cpuintensive_w10_2.json,2025-12-28T08:21:20.120721
swenable_memoryintensive_w14_2.json,2025-12-28T19:58:25.932174
swenable_cpuintensive_w4_3.json,2025-12-24T07:57:54.389200
swenable_cpuintensive_w6_2.json,2025-12-26T07:47:18.087446
SWdisable_memoryintensive7.json,2025-12-11T20:57:03.852889
baseline_log_cpuintensive2.json,2025-08-05T20:16:57.590691
baseline_log_cpuintensive3.json,2025-08-08T08:25:36.452131
mlpenable_mixed2.json,2026-02-17T00:18:54.425376
baseline_log_memoryintensive.json,2025-08-05T17:11:26.773606
swenable_cpuintensive_w10_3.json,2025-12-28T07:11:57.609369
swenable_cpuintensive_w10_2.json,2025-12-28T08:25:12.517619
SWenable_cpuintensive4.json,2025-12-11T06:59:14.403964
mlp.json,2025-11-22T10:16:36.356880
swenable_cpuintensive_w6_2.json,2025-12-26T07:46:43.132497
dvfs_log_memoryintensive.json,2025-08-05T16:49:55.311278
swenable_memoryintensive5.json,2025-12-11T12:52:12.004832
mlp.json,2025-11-22T10:23:58.693011
baseline_log_memoryintensive2.json,2025-08-05T19:26:30.517643
swenable_memoryintensive_w14_3.json,2025-12-28T15:47:03.714329
swenable_memoryintensive_w10_1.json,2025-12-28T08:46:11.825092
mlpenable_cpuintensive3.json,2026-02-17T00:01:39.913730
SWenable_memoryintensive2.json,2025-11-25T08:02:44.862407
swenable_memoryintensive_w10_1.json,2025-12-28T08:45:36.668755
dvfs_log_cpuIntensive.json,2025-07-31T23:57:37.117120
mlenable_memoryintensive2.json,2026-02-16T23:08:57.949590
swenable_cpuintensive_w14_3.json,2025-12-28T15:42:34.221300
swenable_memoryintensive_w4_2.json,2025-12-25T08:40:41.092385
baseline_log_memoryintensive3.json,2025-08-08T08:40:12.163204
mlpenable_mixed2.json,2026-02-17T00:14:55.863185
SWenable_cpuintensive4.json,2025-12-11T07:01:43.136216
swenable_cpuintensive_w14_2.json,2025-12-28T19:52:32.841348
SWenable_cpuintensive8.json,2025-12-11T21:29:37.706272
mlp.json,2025-11-22T10:10:23.037399
dvfs_log_memoryintensive2.json,2025-08-05T19:32:44.756540
swenable_memoryintensive5.json,2025-12-11T12:51:31.708436
mlpenable_cpuintensive.json,2025-11-22T15:07:00.430240
baseline_log_cpuintensive2.json,2025-08-05T20:14:19.164417
swenable_memoryintensive_w12_3.json,2025-12-28T15:19:55.805613
swenable_memoryintensive_w6_3.json,2025-12-26T09:06:18.288040
mlpdisable_cpuintensive3.json,2026-02-16T23:45:50.768340
mlp.json,2025-11-22T09:52:54.643771
baseline_log_cpuintensive2.json,2025-08-05T20:18:21.598493
dvfs_log_memoryintensive2.json,2025-08-05T19:36:34.441463
SWdisable_cpuintensive4.json,2025-12-11T07:10:32.264140
baseline_log_memoryintensive3.json,2025-08-08T08:41:35.986621
swenable_memoryintensive_w12_1.json,2025-12-28T13:35:49.076224
SWdisable_memoryintensive7.json,2025-12-11T20:59:00.414360
mlenable_memoryintensive2.json,2026-02-16T23:07:38.501098
baseline_log_memoryintensive2.json,2025-08-05T19:25:06.348193
SWenable_cpuintensive8.json,2025-12-11T21:28:58.506186
mlp.json,2025-11-22T10:07:49.283745
mlp.json,2025-11-22T09:52:59.234120
swenable_mixed_w8_1.json,2026-01-06T21:16:05.875251
dvfs_log_memoryintensive.json,2025-08-05T16:49:51.863139
SWdisable_cpuintensive.json,2025-11-25T02:51:08.514321
SWdisable_cpuintensive4.json,2025-12-11T07:09:19.134617
swenable_memoryintensive_w6_3.json,2025-12-26T09:05:50.842201
dvfs_log_cpuintensive3.json,2025-08-08T08:21:03.642429
swenable_memoryintensive_w10_3.json,2025-12-28T07:26:37.613145
mlp.json,2025-11-22T10:07:16.880394
swenable_cpuintensive_w12_3.json,2025-12-28T15:12:00.886530
swenable_cpuintensive_w10_3.json,2025-12-28T07:10:41.497650
mlp.json,2025-11-22T10:12:52.223421
swenable_cpuintensive_w14_1.json,2025-12-28T20:59:24.623587
dvfs_log_memoryintensive3.json,2025-08-08T08:50:08.062472
SWdisable_memoryintensive8.json,2025-12-11T21:53:18.484331
dvfs_log_memoryintensive.json,2025-08-05T16:52:40.957559
swenable_memoryintensive5.json,2025-12-11T12:52:37.678608
mlp.json,2025-11-22T10:09:17.653730
mlp.json,2025-11-22T09:39:33.354478
swenable_mixed_w8_2.json,2026-01-03T10:43:58.879107
mlp.json,2025-11-22T09:51:45.195416
baseline_log_memoryintensive2.json,2025-08-05T19:26:04.446862
SWdisable_memoryintensive.json,2025-11-25T02:25:37.421142
mlpenable_cpuintensive.json,2025-11-22T15:10:01.570337
swenable_memoryintensive_w10_3.json,2025-12-28T07:26:52.753471
swenable_mixed_w14_1.json,2026-01-03T20:42:41.226007
mlp.json,2025-11-22T10:03:10.659082
SWenable_cpuintensive4.json,2025-12-11T07:01:31.951354
swenable_memoryintensive_w10_3.json,2025-12-28T07:27:49.805012
SWenable_memoryintensive4.json,2025-12-11T08:58:05.429383
swenable_cpuintensive_w4_3.json,2025-12-24T07:56:51.530237
swenable_cpuintensive_w4_2.json,2025-12-24T07:25:04.971569
dvfs_log_memoryintensive2.json,2025-08-05T19:32:18.925797
swenable_mixed_w4_2.json,2026-01-03T08:31:35.705268
swenable_memoryintensive_w12_3.json,2025-12-28T15:21:24.643336
swenable_mixed_w6_1.json,2026-01-03T09:23:56.346705
swenable_mixed_w4_2.json,2026-01-03T08:30:42.156730
baseline_log_memoryintensive.json,2025-08-05T17:10:03.080270
swenable_memoryintensive_w6_3.json,2025-12-26T09:03:50.982593
swenable_mixed_w12_1.json,2026-01-03T20:19:09.726944
SWenable_cpuintensive.json,2025-11-25T02:55:42.345741
dvfs_log_cpuintensive3.json,2025-08-08T08:19:52.580177
swenable_cpuintensive_w10_3.json,2025-12-28T07:14:16.922424
swenable_memoryintensive_w12_3.json,2025-12-28T15:21:58.421791
SWdisable_memoryintensive4.json,2025-12-11T09:07:16.975060
mlpenable_mixed2.json,2026-02-17T00:17:15.406079
swenable_memoryintensive8.json,2025-12-11T21:41:19.501579
swenable_cpuintensive_w6_2.json,2025-12-26T07:46:38.485714
swenable_mixed_w12_2.json,2026-01-03T19:14:05.678711
swenable_mixed_w12_1.json,2026-01-03T20:20:31.324248
swenable_memoryintensive_w4_1.json,2025-12-25T08:26:14.964078
baseline_log_cpuintensive.json,2025-07-31T23:01:45.295220
swenable_mixed_w14_2.json,2026-01-03T21:02:11.844741
swenable_cpuintensive_w12_1.json,2025-12-28T13:22:33.291145
SWenable_cpuintensive.json,2025-11-25T02:58:42.540856
baseline_log_cpuintensive3.json,2025-08-08T08:29:14.690587
mlpdisable_memoryintensive3.json,2026-02-16T23:52:26.807192
swenable_cpuintensive_w6_1.json,2025-12-26T06:57:09.187905
dvfs_log_cpuIntensive.json,2025-07-31T23:56:19.758236
mlp.json,2025-11-22T10:05:48.603841
swenable_cpuintensive_w4_3.json,2025-12-24T07:57:22.730473
swenable_cpuintensive_w14_3.json,2025-12-28T15:43:10.819096
SW-enable_cpuintensive3.json,2025-12-10T23:06:10.921859
dvfs_log_cpuintensive2.json,2025-08-05T20:26:31.536381
swenable_memoryintensive5.json,2025-12-11T12:53:13.461885
mlp.json,2025-11-22T09:43:15.985900
swenable_cpuintensive_w4_3.json,2025-12-24T08:00:43.516469
swenable_mixed_w4_1.json,2026-01-03T07:55:12.546451
swenable_mixed_w12_2.json,2026-01-03T19:13:28.525518
SWenable_memoryintensive.json,2025-11-25T02:29:40.121328
baseline_log_cpuintensive3.json,2025-08-08T08:26:19.527078
dvfs_log_cpuintensive2.json,2025-08-05T20:23:37.597126
swenable_memoryintensive_w14_3.json,2025-12-28T15:46:25.812890
mlpdisable_cpuintensive.json,2025-11-22T15:30:11.769747
mlpenable_cpuintensive2.json,2026-02-16T22:57:28.691310
swenable_memoryintensive_w10_1.json,2025-12-28T08:49:28.596325
mlp.json,2025-11-22T09:50:49.443740
mlpenable_mixed1.json,2026-02-16T23:14:26.101359
swenable_cpuintensive_w14_2.json,2025-12-28T19:54:10.266609
mlp.json,2025-11-22T10:02:00.963812
swenable_memoryintensive_w10_2.json,2025-12-28T08:28:40.063289
mlp.json,2025-11-22T10:18:22.113350
swenable_memoryintensive_w6_3.json,2025-12-26T09:04:49.274735
swenable_memoryintensive_w4_1.json,2025-12-25T08:28:24.724895
swenable_memoryintensive_w10_2.json,2025-12-28T08:27:08.181562
baseline_log_cpuintensive2.json,2025-08-05T20:16:06.011562
SWdisable_memoryintensive2.json,2025-11-25T07:55:05.810344
swenable_mixed_w8_2.json,2026-01-03T10:40:32.189763
swenable_cpuintensive_w4_1.json,2025-12-24T06:58:12.601863
SWenable_cpuintensive8.json,2025-12-11T21:30:12.684678
swenable_memoryintensive_w4_2.json,2025-12-25T08:39:39.748493
swenable_cpuintensive_w14_2.json,2025-12-28T19:55:17.181590
baseline_log_memoryintensive2.json,2025-08-05T19:23:25.798612
dvfs_log_cpuintensive2.json,2025-08-05T20:22:39.756652
swenable_cpuintensive_w10_2.json,2025-12-28T08:23:18.634096
swenable_cpuintensive_w6_3.json,2025-12-26T08:58:39.597649
mlpdisable_memoryintensive2.json,2026-02-16T23:32:02.430424
mlpenable_cpuintensive2.json,2026-02-16T22:53:38.793682
mlp.json,2025-11-22T09:39:28.668316
SWenable_memoryintensive4.json,2025-12-11T08:58:22.729991
mlp.json,2025-11-22T09:48:02.426082
baseline_log_memoryintensive.json,2025-08-05T17:09:59.874859
swenable_cpuintensive6.json,2025-12-11T15:11:30.761936
swenable_cpuintensive_w14_1.json,2025-12-28T21:02:55.183057
swenable_memoryintensive6.json,2025-12-11T15:33:37.271127
SW-enable_cpuintensive3.json,2025-12-10T23:07:29.022887
swenable_cpuintensive6.json,2025-12-11T15:11:24.896505
swenable_cpuintensive_w12_1.json,2025-12-28T13:27:12.119286
swenable_memoryintensive_w10_3.json,2025-12-28T07:24:41.155239
swenable_cpuintensive_w4_2.json,2025-12-24T07:23:01.603989
swenable_mixed_w12_2.json,2026-01-03T19:15:41.754412
swenable_cpuintensive7.json,2025-12-11T17:43:24.488435
mlpdisable_cpuintensive2.json,2026-02-16T23:22:49.744060
SWdisable_memoryintensive3.json,2025-12-11T06:00:17.532669
swenable_memoryintensive_w4_3.json,2025-12-25T09:08:09.397195
dvfs_log_memoryintensive.json,2025-08-05T16:53:07.869204
swenable_mixed_w10_2.json,2026-01-03T19:00:13.111762
baseline_log_memoryintensive3.json,2025-08-08T08:42:26.447441
swenable_cpuintensive_w6_1.json,2025-12-26T06:59:13.528503
dvfs_log_cpuIntensive.json,2025-07-31T23:53:11.874797
swenable_memoryintensive6.json,2025-12-11T15:31:11.301389
mlp.json,2025-11-22T10:20:22.043473
SWenable_memoryintensive2.json,2025-11-25T08:00:29.139192
SWdisable_memoryintensive4.json,2025-12-11T09:07:51.014842
swenable_mixed_w4_1.json,2026-01-03T07:56:50.519100
SWdisable_cpuintensive.json,2025-11-25T02:51:57.477894
swenable_mixed_w10_2.json,2026-01-03T19:00:47.266784
mlp.json,2025-11-22T10:09:13.063562
swenable_memoryintensive_w14_1.json,2025-12-28T21:07:48.466197
baseline_log_memoryintensive.json,2025-08-05T17:14:14.044482
swenable_memoryintensive_w10_2.json,2025-12-28T08:29:21.442953
swenable_mixed_w6_2.json,2026-01-06T21:29:49.482358
mlp.json,2025-11-22T09:43:02.074252
mlpdisable_mixed2.json,2026-02-16T23:59:46.687173
mlpenable_mixed1.json,2026-02-16T23:14:06.610861
baseline_log_cpuintensive2.json,2025-08-05T20:15:49.482497
mlp.json,2025-11-22T09:42:20.266353
swenable_mixed_w6_1.json,2026-01-03T09:23:33.817965
SWenable_memoryintensive2.json,2025-11-25T08:00:53.972565
dvfs_log_cpuintensive3.json,2025-08-08T08:19:42.512696
swenable_cpuintensive_w12_3.json,2025-12-28T15:12:41.110325
SWdisable_memoryintensive7.json,2025-12-11T20:56:44.642310
swenable_memoryintensive_w12_2.json,2025-12-28T14:33:04.312807
SWdisable_memoryintensive3.json,2025-12-11T06:03:11.735043
dvfs_log_memoryintensive3.json,2025-08-08T08:47:06.102516
swenable_cpuintensive_w10_1.json,2025-12-28T08:41:57.662286
SWenable_memoryintensive3.json,2025-12-11T06:11:38.002797
swenable_cpuintensive_w14_3.json,2025-12-28T15:39:17.817906
swenable_mixed_w6_1.json,2026-01-03T09:20:35.669275
SWdisable_memoryintensive4.json,2025-12-11T09:10:27.699386
mlpdisable_mixed1.json,2026-02-16T23:38:31.268932
swenable_cpuintensive_w14_2.json,2025-12-28T19:52:18.624732
dvfs_log_cpuintensive3.json,2025-08-08T08:22:04.838968
swenable_cpuintensive_w4_1.json,2025-12-24T07:00:13.742728
swenable_memoryintensive_w6_2.json,2025-12-26T07:57:00.584902
swenable_memoryintensive_w12_1.json,2025-12-28T13:33:56.369549
swenable_memoryintensive_w12_2.json,2025-12-28T14:34:24.969116
dvfs_log_cpuIntensive.json,2025-07-31T23:55:15.411328
mlp.json,2025-11-22T09:40:52.544218
SWdisable_memoryintensive8.json,2025-12-11T21:51:45.806978
swenable_mixed_w4_2.json,2026-01-03T08:33:57.598339
SWenable_memoryintensive4.json,2025-12-11T08:57:20.160589
swenable_memoryintensive_w4_1.json,2025-12-25T08:24:48.326331
SWdisable_cpuintensive.json,2025-11-25T02:50:29.111761
dvfs_log_cpuintensive2.json,2025-08-05T20:23:56.901387
mlp.json,2025-11-22T09:41:38.604043
swenable_cpuintensive_w4_2.json,2025-12-24T07:22:02.888519
swenable_memoryintensive_w6_3.json,2025-12-26T09:06:12.600596
swenable_memoryintensive6.json,2025-12-11T15:33:42.980550
SWdisable_cpuintensive.json,2025-11-25T02:53:05.468553
mlp.json,2025-11-22T09:45:15.674252
swenable_cpuintensive_w12_2.json,2025-12-28T14:24:15.746545
swenable_memoryintensive7.json,2025-12-11T20:51:09.571634
baseline_log_cpuintensive.json,2025-07-31T23:01:58.210891
swenable_cpuintensive_w14_1.json,2025-12-28T21:01:03.841833
mlp.json,2025-11-22T09:47:06.614719
mlpdisable_cpuintensive2.json,2026-02-16T23:25:46.611718
swenable_memoryintensive_w4_1.json,2025-12-25T08:25:13.431233
SWdisable_cpuintensive8.json,2025-12-11T21:11:03.023938
SWenable_memoryintensive3.json,2025-12-11T06:10:01.487076
mlpdisable_cpuintensive2.json,2026-02-16T23:23:17.827824
swenable_memoryintensive_w14_1.json,2025-12-28T21:05:13.704708
swenable_memoryintensive_w10_2.json,2025-12-28T08:28:50.385363
mlpdisable_cpuintensive2.json,2026-02-16T23:21:19.547362
swenable_mixed_w4_1.json,2026-01-03T07:54:43.097240
swenable_memoryintensive_w14_1.json,2025-12-28T21:07:43.249269
mlpdisable_mixed1.json,2026-02-16T23:37:18.829223
swenable_mixed_w10_2.json,2026-01-03T19:00:42.535398
mlpdisable_cpuintensive3.json,2026-02-16T23:46:00.378834
swenable_memoryintensive6.json,2025-12-11T15:32:21.297675
swenable_cpuintensive_w4_2.json,2025-12-24T07:25:45.617669
swenable_mixed_w8_1.json,2026-01-06T21:13:17.264353
SWenable_memoryintensive3.json,2025-12-11T06:11:06.159203
mlp.json,2025-11-22T09:49:49.093929
swenable_memoryintensive_w12_1.json,2025-12-28T13:33:05.634803
swenable_mixed_w8_1.json,2026-01-06T21:14:19.113255
swenable_mixed_w14_1.json,2026-01-03T20:38:14.502037
dvfs_log_cpuintensive2.json,2025-08-05T20:24:45.175472
swenable_mixed_w14_2.json,2026-01-03T21:00:52.789582
swenable_cpuintensive_w4_2.json,2025-12-24T07:23:06.571028
swenable_mixed_w8_2.json,2026-01-03T10:41:36.335196
swenable_mixed_w8_2.json,2026-01-03T10:44:08.454532
swenable_cpuintensive_w6_1.json,2025-12-26T06:56:59.894416
swenable_mixed_w10_2.json,2026-01-03T19:02:20.856878
SWenable_memoryintensive4.json,2025-12-11T08:58:55.380471
dvfs_log_cpuintensive3.json,2025-08-08T08:21:37.754627
swenable_mixed_w12_1.json,2026-01-03T20:18:09.923629
swenable_cpuintensive5.json,2025-12-11T11:40:41.491493
swenable_mixed_w4_1.json,2026-01-03T07:57:19.354761
SWenable_memoryintensive4.json,2025-12-11T08:58:33.887915
swenable_cpuintensive_w4_1.json,2025-12-24T06:55:42.872153
swenable_cpuintensive_w6_1.json,2025-12-26T06:59:45.041580
swenable_mixed_w10_2.json,2026-01-03T19:01:59.522106
swenable_mixed_w8_2.json,2026-01-03T10:41:16.265552
swenable_cpuintensive_w6_2.json,2025-12-26T07:46:58.601187
swenable_cpuintensive_w12_2.json,2025-12-28T14:22:55.896949
baseline_log_memoryintensive3.json,2025-08-08T08:39:15.138299
swenable_memoryintensive8.json,2025-12-11T21:41:04.892733
swenable_memoryintensive_w4_1.json,2025-12-25T08:28:34.636456
swenable_memoryintensive_w14_3.json,2025-12-28T15:47:27.613557
swenable_cpuintensive_w10_3.json,2025-12-28T07:10:47.534666
swenable_memoryintensive_w12_1.json,2025-12-28T13:32:32.098194
baseline_log_memoryintensive2.json,2025-08-05T19:26:36.939129
mlpenable_memoryintensive.json,2025-11-22T23:40:04.305623
baseline_log_memoryintensive2.json,2025-08-05T19:23:16.167844
SWdisable_cpuintensive7.json,2025-12-11T17:37:01.279194
mlpenable_memoryintensive.json,2025-11-22T23:39:21.915881
mlpenable_memoryintensive.json,2025-11-22T23:39:17.325867
mlp.json,2025-11-22T10:20:17.497017
swenable_cpuintensive_w10_3.json,2025-12-28T07:14:39.701150
mlp.json,2025-11-22T10:15:58.836801
swenable_mixed_w10_2.json,2026-01-03T19:03:32.483852
swenable_cpuintensive_w6_2.json,2025-12-26T07:46:52.642154
SWenable_memoryintensive3.json,2025-12-11T06:09:56.044709
swenable_cpuintensive_w6_1.json,2025-12-26T06:56:22.992545
swenable_cpuintensive_w12_1.json,2025-12-28T13:22:57.130465
mlp.json,2025-11-22T09:53:22.563692
mlp.json,2025-11-22T09:36:15.371782
swenable_cpuintensive_w6_3.json,2025-12-26T08:56:23.359076
SWdisable_cpuintensive7.json,2025-12-11T17:35:33.131635
dvfs_log_cpuIntensive.json,2025-07-31T23:54:48.354761
dvfs_log_cpuintensive3.json,2025-08-08T08:18:05.139512
swenable_mixed_w6_1.json,2026-01-03T09:23:03.855627
swenable_mixed_w4_1.json,2026-01-03T07:57:52.685681
SWenable_memoryintensive3.json,2025-12-11T06:09:23.608889
swenable_cpuintensive_w10_2.json,2025-12-28T08:22:25.702552
swenable_memoryintensive6.json,2025-12-11T15:30:43.764204
SWdisable_cpuintensive8.json,2025-12-11T21:09:26.423309
SWenable_cpuintensive.json,2025-11-25T02:56:29.867612
swenable_cpuintensive_w6_2.json,2025-12-26T07:45:51.878699
swenable_cpuintensive_w14_2.json,2025-12-28T19:53:50.028503
dvfs_log_memoryintensive.json,2025-08-05T16:53:28.030227
swenable_memoryintensive_w12_1.json,2025-12-28T13:33:46.223454
swenable_mixed_w14_2.json,2026-01-03T21:04:20.281549
baseline_log_cpuintensive2.json,2025-08-05T20:16:35.073380
swenable_mixed_w12_1.json,2026-01-03T20:19:00.086492
swenable_memoryintensive_w14_1.json,2025-12-28T21:06:37.003870
swenable_mixed_w4_2.json,2026-01-03T08:31:54.763465
swenable_memoryintensive7.json,2025-12-11T20:49:27.007374
mlp.json,2025-11-22T10:16:17.578002
mlp.json,2025-11-22T10:08:07.903840
swenable_memoryintensive_w4_1.json,2025-12-25T08:25:18.118190
dvfs_log_cpuintensive3.json,2025-08-08T08:19:22.228335
mlp.json,2025-11-22T09:54:23.053856
mlpdisable_memoryintensive.json,2025-11-22T23:08:55.035341
swenable_mixed_w10_2.json,2026-01-03T19:02:49.697242
mlp.json,2025-11-22T09:46:10.894167
mlpenable_mixed2.json,2026-02-17T00:14:04.722603
mlpenable_mixed1.json,2026-02-16T23:16:31.306104
SWenable_cpuintensive.json,2025-11-25T02:58:03.719679
dvfs_log_memoryintensive.json,2025-08-05T16:53:44.871842
swenable_mixed_w14_2.json,2026-01-03T21:00:47.967327
SWdisable_memoryintensive8.json,2025-12-11T21:49:35.499292
swenable_cpuintensive_w6_2.json,2025-12-26T07:45:02.449788
mlpdisable_memoryintensive.json,2025-11-22T23:13:24.586443
swenable_cpuintensive_w4_1.json,2025-12-24T07:00:24.124045
mlpdisable_mixed1.json,2026-02-16T23:33:32.644418
mlp.json,2025-11-22T09:43:06.724072
swenable_mixed_w4_2.json,2026-01-03T08:30:00.527967
mlp.json,2025-11-22T10:03:38.333468
SW-disable_cpuintensive3.json,2025-12-10T23:19:27.278562
dvfs_log_memoryintensive.json,2025-08-05T16:52:47.627980
dvfs_log_cpuIntensive.json,2025-07-31T23:57:54.057744
swenable_mixed_w12_2.json,2026-01-03T19:14:35.214449
SWdisable_cpuintensive7.json,2025-12-11T17:36:31.829249
mlpdisable_cpuintensive2.json,2026-02-16T23:24:30.021758
mlp.json,2025-11-22T09:56:01.063979
SWenable_memoryintensive2.json,2025-11-25T08:01:09.390563
mlpdisable_cpuintensive.json,2025-11-22T15:26:45.679843
swenable_memoryintensive5.json,2025-12-11T12:51:46.551962
mlpenable_cpuintensive.json,2025-11-22T15:07:27.580341
mlpenable_memoryintensive.json,2025-11-22T23:37:35.395872
swenable_mixed_w8_2.json,2026-01-03T10:44:03.667342
swenable_cpuintensive_w4_2.json,2025-12-24T07:23:11.580191
swenable_cpuintensive_w12_3.json,2025-12-28T15:13:09.582382
baseline_log_cpuintensive3.json,2025-08-08T08:26:42.911443
baseline_log_cpuintensive2.json,2025-08-05T20:15:13.984232
mlp.json,2025-11-22T09:44:29.838338
dvfs_log_memoryintensive2.json,2025-08-05T19:34:25.283408
SWdisable_memoryintensive7.json,2025-12-11T20:57:23.280981
SWenable_memoryintensive3.json,2025-12-11T06:07:44.708548
mlp.json,2025-11-22T10:09:55.023490
mlpdisable_memoryintensive3.json,2026-02-16T23:48:00.750769
mlpenable_mixed1.json,2026-02-16T23:14:45.653251
SWdisable_memoryintensive4.json,2025-12-11T09:06:33.672883
mlp.json,2025-11-22T09:38:46.620851
baseline_log_memoryintensive.json,2025-08-05T17:11:10.745857
swenable_cpuintensive_w10_2.json,2025-12-28T08:23:23.235957
mlp.json,2025-11-22T10:05:20.793894
SW-disable_cpuintensive3.json,2025-12-10T23:16:51.265484
mlpenable_mixed1.json,2026-02-16T23:13:52.318822
mlp.json,2025-11-22T09:46:48.134343
swenable_memoryintensive_w4_1.json,2025-12-25T08:26:09.509131
swenable_memoryintensive5.json,2025-12-11T12:50:13.314629
swenable_cpuintensive_w6_2.json,2025-12-26T07:49:15.071496
swenable_memoryintensive_w6_1.json,2025-12-26T07:34:43.443916
baseline_log_memoryintensive2.json,2025-08-05T19:26:14.308093
baseline_log_cpuintensive3.json,2025-08-08T08:24:56.688518
mlp.json,2025-11-22T09:55:23.603858
mlp.json,2025-11-22T10:12:33.593595
dvfs_log_cpuintensive3.json,2025-08-08T08:21:13.865716
swenable_memoryintensive_w14_1.json,2025-12-28T21:05:18.454038
mlp.json,2025-11-22T10:18:35.883645
SWenable_cpuintensive8.json,2025-12-11T21:29:07.946061
mlp.json,2025-11-22T09:43:39.184045
baseline_log_cpuintensive.json,2025-07-31T22:57:47.364714
swenable_cpuintensive_w4_1.json,2025-12-24T07:00:18.799093
mlpdisable_memoryintensive3.json,2026-02-16T23:50:02.526713
baseline_log_cpuintensive.json,2025-07-31T23:00:47.313242
dvfs_log_memoryintensive2.json,2025-08-05T19:35:42.827377
baseline_log_cpuintensive3.json,2025-08-08T08:29:11.292074
dvfs_log_cpuintensive3.json,2025-08-08T08:19:28.965059
swenable_cpuintensive_w6_1.json,2025-12-26T06:59:30.680915
SWdisable_memoryintensive3.json,2025-12-11T06:02:09.100752
SWenable_memoryintensive2.json,2025-11-25T08:03:56.180225
swenable_cpuintensive_w4_1.json,2025-12-24T06:57:03.906636
swenable_memoryintensive_w6_3.json,2025-12-26T09:05:06.137611
mlp.json,2025-11-22T10:18:40.543279
mlpdisable_memoryintensive.json,2025-11-22T23:11:36.996445
swenable_memoryintensive_w12_2.json,2025-12-28T14:31:41.416308
SWenable_cpuintensive8.json,2025-12-11T21:29:47.771265
mlp.json,2025-11-22T10:12:47.415252
swenable_mixed_w6_1.json,2026-01-03T09:22:11.124620
dvfs_log_cpuintensive3.json,2025-08-08T08:17:34.224867
mlenable_memoryintensive2.json,2026-02-16T23:07:52.477066
mlp.json,2025-11-22T09:42:34.104321
mlp.json,2025-11-22T10:23:35.633271
mlp.json,2025-11-22T09:55:09.581919
swenable_mixed_w6_2.json,2026-01-06T21:27:05.539592
swenable_memoryintensive_w4_2.json,2025-12-25T08:42:22.069658
SWenable_memoryintensive2.json,2025-11-25T08:04:11.541852
swenable_memoryintensive_w4_1.json,2025-12-25T08:26:33.981140
baseline_log_cpuintensive.json,2025-07-31T23:02:04.622543
swenable_memoryintensive_w12_3.json,2025-12-28T15:21:19.087321
swenable_memoryintensive7.json,2025-12-11T20:50:22.113636
SWdisable_memoryintensive4.json,2025-12-11T09:10:22.907759
swenable_memoryintensive_w4_1.json,2025-12-25T08:28:14.255636
mlp.json,2025-11-22T09:56:19.705689
swenable_memoryintensive_w12_3.json,2025-12-28T15:19:13.409405
swenable_memoryintensive5.json,2025-12-11T12:53:03.133555
mlp.json,2025-11-22T10:09:26.893530
swenable_memoryintensive_w14_1.json,2025-12-28T21:05:57.782997
mlp.json,2025-11-22T09:44:52.724416
dvfs_log_cpuintensive2.json,2025-08-05T20:26:18.693298
SWdisable_memoryintensive8.json,2025-12-11T21:49:25.592505
mlpenable_mixed2.json,2026-02-17T00:14:51.260583
SWdisable_memoryintensive7.json,2025-12-11T20:58:21.346716
dvfs_log_memoryintensive2.json,2025-08-05T19:35:04.101476
baseline_log_memoryintensive.json,2025-08-05T17:11:00.985486
SWdisable_memoryintensive.json,2025-11-25T02:25:42.626061
SWdisable_memoryintensive7.json,2025-12-11T20:59:44.550993
swenable_memoryintensive_w4_3.json,2025-12-25T09:07:19.760884
mlpenable_mixed2.json,2026-02-17T00:17:06.118955
SWdisable_memoryintensive8.json,2025-12-11T21:51:31.464893
SWdisable_memoryintensive3.json,2025-12-11T06:01:10.734910
dvfs_log_memoryintensive.json,2025-08-05T16:53:04.473957
mlpdisable_mixed1.json,2026-02-16T23:34:44.888802
SW-enable_cpuintensive3.json,2025-12-10T23:08:48.601221
swenable_cpuintensive5.json,2025-12-11T11:42:12.215340
swenable_memoryintensive_w10_2.json,2025-12-28T08:28:01.292440
swenable_mixed_w12_2.json,2026-01-03T19:11:36.403682
swenable_mixed_w4_1.json,2026-01-03T07:56:06.312887
dvfs_log_memoryintensive3.json,2025-08-08T08:49:54.570900
baseline_log_memoryintensive3.json,2025-08-08T08:42:50.042388
mlpenable_memoryintensive3.json,2026-02-17T00:08:09.802971
swenable_memoryintensive5.json,2025-12-11T12:51:16.443111
swenable_mixed_w8_2.json,2026-01-03T10:44:29.971062
mlpenable_mixed1.json,2026-02-16T23:13:09.241408
swenable_memoryintensive_w12_1.json,2025-12-28T13:33:40.753169
swenable_cpuintensive_w10_2.json,2025-12-28T08:22:31.521122
baseline_log_memoryintensive3.json,2025-08-08T08:41:42.716935
SWenable_memoryintensive4.json,2025-12-11T08:57:10.054291
swenable_memoryintensive_w6_1.json,2025-12-26T07:35:31.263604
SWdisable_memoryintensive4.json,2025-12-11T09:10:08.033874
SWdisable_cpuintensive4.json,2025-12-11T07:09:09.742138
mlpenable_mixed1.json,2026-02-16T23:14:50.607658
mlp.json,2025-11-22T09:58:47.025932
swenable_memoryintensive7.json,2025-12-11T20:51:30.211550
dvfs_log_memoryintensive3.json,2025-08-08T08:51:06.131040
mlpdisable_cpuintensive3.json,2026-02-16T23:46:05.149537
swenable_memoryintensive_w4_2.json,2025-12-25T08:39:08.871205
mlpenable_cpuintensive2.json,2026-02-16T22:55:44.154281
SWdisable_memoryintensive7.json,2025-12-11T20:58:31.255391
swenable_memoryintensive_w4_2.json,2025-12-25T08:41:51.310523
swenable_cpuintensive_w10_1.json,2025-12-28T08:38:47.335353
SWdisable_memoryintensive7.json,2025-12-11T21:00:08.712381
swenable_memoryintensive_w14_2.json,2025-12-28T19:59:01.181753
mlpdisable_memoryintensive.json,2025-11-22T23:12:42.726871
swenable_cpuintensive_w12_1.json,2025-12-28T13:27:17.010834
mlp.json,2025-11-22T09:51:21.937954
mlpdisable_memoryintensive.json,2025-11-22T23:12:51.804314
swenable_mixed_w14_1.json,2026-01-03T20:41:29.643364
swenable_memoryintensive_w6_3.json,2025-12-26T09:07:08.913759
swenable_cpuintensive5.json,2025-12-11T11:37:52.580319
swenable_memoryintensive_w10_2.json,2025-12-28T08:30:27.672618
swenable_memoryintensive_w14_2.json,2025-12-28T20:01:32.013909
mlp.json,2025-11-22T09:38:32.844505
swenable_mixed_w8_1.json,2026-01-06T21:14:09.781162
mlp.json,2025-11-22T10:00:28.453891
swenable_memoryintensive_w6_2.json,2025-12-26T07:55:51.666638
SWdisable_memoryintensive2.json,2025-11-25T07:53:56.322772
SWenable_memoryintensive2.json,2025-11-25T08:01:34.672772
dvfs_log_memoryintensive.json,2025-08-05T16:51:46.807955
SWdisable_memoryintensive2.json,2025-11-25T07:52:52.529718
swenable_cpuintensive_w10_3.json,2025-12-28T07:11:29.196699
swenable_cpuintensive_w6_1.json,2025-12-26T06:57:19.045756
swenable_memoryintensive_w4_3.json,2025-12-25T09:09:29.870314
swenable_memoryintensive_w4_3.json,2025-12-25T09:06:22.426940
mlpenable_mixed1.json,2026-02-16T23:14:55.551675
swenable_mixed_w8_2.json,2026-01-03T10:41:01.907756
mlpenable_mixed1.json,2026-02-16T23:13:28.164220
baseline_log_cpuintensive2.json,2025-08-05T20:14:02.942582
dvfs_log_memoryintensive3.json,2025-08-08T08:49:51.155612
mlp.json,2025-11-22T09:50:21.574265
swenable_memoryintensive_w12_2.json,2025-12-28T14:32:34.764807
baseline_log_memoryintensive.json,2025-08-05T17:12:02.187928
mlp.json,2025-11-22T09:37:05.584366
swenable_mixed_w12_1.json,2026-01-03T20:18:35.079285
swenable_mixed_w10_1.json,2026-01-03T18:21:55.247767
mlpenable_mixed2.json,2026-02-17T00:16:05.853098
swenable_cpuintensive_w10_1.json,2025-12-28T08:42:09.626184
mlp.json,2025-11-22T09:41:29.495531
swenable_cpuintensive_w4_2.json,2025-12-24T07:21:14.319758
swenable_memoryintensive7.json,2025-12-11T20:48:38.305626
swenable_mixed_w6_1.json,2026-01-03T09:20:44.917719
baseline_log_cpuintensive2.json,2025-08-05T20:17:36.477886
mlpdisable_mixed2.json,2026-02-16T23:55:54.797743
swenable_cpuintensive6.json,2025-12-11T15:07:02.844603
swenable_cpuintensive_w12_3.json,2025-12-28T15:14:25.463332
dvfs_log_memoryintensive2.json,2025-08-05T19:36:15.091114
baseline_log_memoryintensive2.json,2025-08-05T19:24:43.767901
mlp.json,2025-11-22T10:15:30.848225
swenable_mixed_w10_1.json,2026-01-03T18:19:41.099108
mlpenable_memoryintensive3.json,2026-02-17T00:08:19.071409
swenable_memoryintensive7.json,2025-12-11T20:49:54.804181
swenable_cpuintensive_w14_1.json,2025-12-28T21:00:54.041812
swenable_memoryintensive_w14_2.json,2025-12-28T19:58:51.335616
mlpenable_memoryintensive3.json,2026-02-17T00:09:23.921819
baseline_log_memoryintensive2.json,2025-08-05T19:26:59.805909
SWenable_memoryintensive2.json,2025-11-25T08:03:25.337638
mlp.json,2025-11-22T09:45:24.873109
mlp.json,2025-11-22T10:12:10.403422
swenable_cpuintensive_w10_2.json,2025-12-28T08:20:26.693634
swenable_memoryintensive_w4_3.json,2025-12-25T09:08:14.230078
baseline_log_cpuintensive3.json,2025-08-08T08:27:43.360546
swenable_cpuintensive_w10_2.json,2025-12-28T08:22:49.083959
SWenable_memoryintensive2.json,2025-11-25T08:00:34.146059
swenable_memoryintensive_w4_2.json,2025-12-25T08:38:35.424611
SWdisable_memoryintensive7.json,2025-12-11T20:59:15.230526
SWdisable_cpuintensive4.json,2025-12-11T07:11:25.781128
swenable_cpuintensive5.json,2025-12-11T11:39:47.747106
dvfs_log_cpuIntensive.json,2025-07-31T23:57:26.964740
dvfs_log_memoryintensive2.json,2025-08-05T19:36:57.215265
mlpdisable_mixed1.json,2026-02-16T23:37:47.899605
swenable_cpuintensive_w12_2.json,2025-12-28T14:23:24.253910
SWenable_memoryintensive3.json,2025-12-11T06:07:49.818845
SWdisable_memoryintensive8.json,2025-12-11T21:51:07.243670
swenable_cpuintensive_w6_1.json,2025-12-26T07:01:01.562406
swenable_cpuintensive_w12_2.json,2025-12-28T14:26:50.676710
dvfs_log_memoryintensive2.json,2025-08-05T19:34:48.051740
SWdisable_cpuintensive4.json,2025-12-11T07:08:02.363102
swenable_memoryintensive_w4_2.json,2025-12-25T08:37:40.427651
swenable_memoryintensive_w6_2.json,2025-12-26T07:59:15.298607
swenable_mixed_w10_1.json,2026-01-03T18:20:22.051715
swenable_cpuintensive_w12_2.json,2025-12-28T14:23:47.751829
SWdisable_memoryintensive8.json,2025-12-11T21:49:59.313103
SWenable_memoryintensive2.json,2025-11-25T08:03:30.451735
baseline_log_memoryintensive2.json,2025-08-05T19:25:12.773707
mlpdisable_cpuintensive3.json,2026-02-16T23:43:48.631243
swenable_memoryintensive_w6_1.json,2025-12-26T07:33:32.153511
SWdisable_memoryintensive7.json,2025-12-11T20:56:29.973405
swenable_memoryintensive5.json,2025-12-11T12:53:43.805470
swenable_mixed_w10_2.json,2026-01-03T19:01:12.626940
swenable_memoryintensive_w14_3.json,2025-12-28T15:49:55.843398
mlpenable_memoryintensive3.json,2026-02-17T00:10:10.520334
swenable_mixed_w8_1.json,2026-01-06T21:13:55.704950
swenable_cpuintensive_w10_3.json,2025-12-28T07:13:34.383678
mlpenable_cpuintensive2.json,2026-02-16T22:56:32.576607
dvfs_log_memoryintensive.json,2025-08-05T16:50:08.862516
swenable_cpuintensive_w12_2.json,2025-12-28T14:23:33.601442
swenable_memoryintensive_w12_3.json,2025-12-28T15:22:20.618847
mlpdisable_cpuintensive.json,2025-11-22T15:29:21.092623
dvfs_log_memoryintensive.json,2025-08-05T16:50:42.525651
mlp.json,2025-11-22T10:13:24.673696
mlpenable_cpuintensive.json,2025-11-22T15:10:57.440156
swenable_mixed_w12_1.json,2026-01-03T20:18:55.242867
SWdisable_memoryintensive8.json,2025-12-11T21:51:50.708206
swenable_cpuintensive_w14_2.json,2025-12-28T19:50:59.565994
baseline_log_cpuintensive.json,2025-07-31T22:57:40.953332
mlpenable_cpuintensive.json,2025-11-22T15:09:33.480391
swenable_mixed_w6_2.json,2026-01-06T21:27:40.931255
SWdisable_memoryintensive8.json,2025-12-11T21:51:36.205455
mlpenable_cpuintensive.json,2025-11-22T15:06:50.930081
swenable_memoryintensive_w14_1.json,2025-12-28T21:04:54.519243
mlpenable_mixed1.json,2026-02-16T23:13:32.989843
swenable_memoryintensive7.json,2025-12-11T20:49:45.624116
mlp.json,2025-11-22T09:46:15.454361
swenable_memoryintensive_w12_2.json,2025-12-28T14:30:51.973800
mlpdisable_memoryintensive3.json,2026-02-16T23:48:10.430414
swenable_memoryintensive_w10_1.json,2025-12-28T08:45:56.695111
dvfs_log_memoryintensive3.json,2025-08-08T08:51:26.610610
dvfs_log_memoryintensive2.json,2025-08-05T19:36:21.599605
dvfs_log_memoryintensive2.json,2025-08-05T19:33:49.781149
swenable_cpuintensive7.json,2025-12-11T17:42:20.236023
baseline_log_memoryintensive.json,2025-08-05T17:13:57.973427
swenable_mixed_w12_2.json,2026-01-03T19:11:21.369349
SWenable_memoryintensive3.json,2025-12-11T06:09:12.825277
swenable_mixed_w14_2.json,2026-01-03T21:05:18.641608
SWdisable_memoryintensive7.json,2025-12-11T20:56:25.278294
baseline_log_memoryintensive2.json,2025-08-05T19:26:10.890750
mlp.json,2025-11-22T10:24:35.613404
mlp.json,2025-11-22T10:09:36.333480
dvfs_log_memoryintensive.json,2025-08-05T16:52:54.259955
swenable_memoryintensive_w10_3.json,2025-12-28T07:27:59.213819
mlp.json,2025-11-22T10:20:58.966805
dvfs_log_memoryintensive3.json,2025-08-08T08:47:36.367651
swenable_memoryintensive_w12_3.json,2025-12-28T15:20:23.305813
mlp.json,2025-11-22T09:45:43.246433
dvfs_log_memoryintensive.json,2025-08-05T16:52:03.751511
swenable_mixed_w6_1.json,2026-01-03T09:19:45.253317
dvfs_log_cpuIntensive.json,2025-07-31T23:57:30.270834
SWenable_memoryintensive4.json,2025-12-11T08:57:45.308749
swenable_mixed_w4_2.json,2026-01-03T08:31:08.743597
dvfs_log_memoryintensive3.json,2025-08-08T08:51:30.046261
swenable_memoryintensive_w4_3.json,2025-12-25T09:09:55.240349
swenable_memoryintensive8.json,2025-12-11T21:43:40.561214
swenable_mixed_w10_1.json,2026-01-03T18:20:17.263908
swenable_mixed_w8_2.json,2026-01-03T10:41:06.747117
SWenable_memoryintensive2.json,2025-11-25T08:00:14.168792
mlpenable_cpuintensive3.json,2026-02-17T00:02:33.927068
SWdisable_memoryintensive8.json,2025-12-11T21:48:42.506404
mlp.json,2025-11-22T09:36:42.679707
swenable_cpuintensive_w10_1.json,2025-12-28T08:39:44.620546
swenable_mixed_w12_2.json,2026-01-03T19:14:11.465839
mlp.json,2025-11-22T09:35:44.036274
swenable_memoryintensive_w4_2.json,2025-12-25T08:40:36.011593
dvfs_log_cpuIntensive.json,2025-07-31T23:54:08.415047
swenable_mixed_w14_1.json,2026-01-03T20:40:57.566534
SWdisable_memoryintensive2.json,2025-11-25T07:55:10.866362
dvfs_log_memoryintensive2.json,2025-08-05T19:36:44.073707
baseline_log_cpuintensive.json,2025-07-31T23:00:56.967128
dvfs_log_cpuintensive3.json,2025-08-08T08:19:02.015665
swenable_mixed_w4_2.json,2026-01-03T08:31:02.743252
baseline_log_cpuintensive3.json,2025-08-08T08:29:31.550326
swenable_memoryintensive_w14_2.json,2025-12-28T20:00:10.887187
swenable_memoryintensive5.json,2025-12-11T12:49:53.854185
swenable_mixed_w4_1.json,2026-01-03T07:54:38.355881
dvfs_log_memoryintensive.json,2025-08-05T16:49:17.955977
swenable_memoryintensive_w4_1.json,2025-12-25T08:25:23.766740
baseline_log_cpuintensive.json,2025-07-31T22:58:13.147661
swenable_cpuintensive7.json,2025-12-11T17:41:46.298464
SWenable_memoryintensive4.json,2025-12-11T08:57:35.253508
baseline_log_memoryintensive.json,2025-08-05T17:11:29.978971
swenable_mixed_w14_1.json,2026-01-03T20:41:59.903976
SWdisable_memoryintensive4.json,2025-12-11T09:05:50.232459
mlp.json,2025-11-22T10:25:03.503527
swenable_memoryintensive7.json,2025-12-11T20:48:57.436933
dvfs_log_cpuIntensive.json,2025-07-31T23:58:00.759082
swenable_mixed_w12_2.json,2026-01-03T19:13:43.607375
swenable_memoryintensive_w4_2.json,2025-12-25T08:38:00.425030
mlp.json,2025-11-22T10:03:15.254111
baseline_log_cpuintensive3.json,2025-08-08T08:25:13.225634
swenable_cpuintensive_w12_2.json,2025-12-28T14:23:28.934635
SWdisable_cpuintensive4.json,2025-12-11T07:09:38.769172
baseline_log_memoryintensive.json,2025-08-05T17:14:01.217242
SWenable_cpuintensive4.json,2025-12-11T07:02:36.696931
swenable_mixed_w14_1.json,2026-01-03T20:42:29.412587
swenable_memoryintensive_w10_1.json,2025-12-28T08:47:46.346610
swenable_cpuintensive_w12_1.json,2025-12-28T13:25:36.263735
swenable_memoryintensive_w6_2.json,2025-12-26T07:58:08.517859
SWenable_memoryintensive2.json,2025-11-25T08:02:49.861942
mlpdisable_cpuintensive3.json,2026-02-16T23:43:53.474873
baseline_log_cpuintensive2.json,2025-08-05T20:15:56.018098
SWenable_memoryintensive4.json,2025-12-11T09:00:01.674457
baseline_log_memoryintensive.json,2025-08-05T17:12:05.395251
SWdisable_memoryintensive7.json,2025-12-11T20:56:00.369909
baseline_log_cpuintensive.json,2025-07-31T23:02:30.458750
baseline_log_cpuintensive2.json,2025-08-05T20:15:30.192305
swenable_mixed_w6_1.json,2026-01-03T09:21:09.035804
swenable_cpuintensive_w14_2.json,2025-12-28T19:52:23.337661
mlp.json,2025-11-22T09:42:25.004091
swenable_mixed_w12_2.json,2026-01-03T19:11:41.389198
mlpenable_cpuintensive.json,2025-11-22T15:11:25.420444
swenable_cpuintensive_w6_2.json,2025-12-26T07:47:47.791068
mlpdisable_cpuintensive3.json,2026-02-16T23:42:55.790832
SW-disable_cpuintensive3.json,2025-12-10T23:21:05.619302
mlpdisable_mixed1.json,2026-02-16T23:38:16.799835
mlp.json,2025-11-22T09:38:23.438222
dvfs_log_memoryintensive2.json,2025-08-05T19:32:51.259322
swenable_cpuintensive_w14_3.json,2025-12-28T15:40:18.812550
swenable_memoryintensive7.json,2025-12-11T20:50:05.228621
swenable_mixed_w8_1.json,2026-01-06T21:14:14.399969
swenable_cpuintensive_w10_3.json,2025-12-28T07:14:51.963612
mlp.json,2025-11-22T10:25:17.333255
swenable_memoryintensive_w10_2.json,2025-12-28T08:28:20.935144
swenable_memoryintensive_w4_3.json,2025-12-25T09:08:19.132753
swenable_cpuintensive_w6_3.json,2025-12-26T08:56:43.028858
baseline_log_cpuintensive.json,2025-07-31T23:01:22.804981
swenable_memoryintensive8.json,2025-12-11T21:39:30.234969
swenable_mixed_w12_1.json,2026-01-03T20:18:50.165853
swenable_memoryintensive_w4_1.json,2025-12-25T08:28:39.515327
swenable_cpuintensive5.json,2025-12-11T11:39:41.840634
mlpenable_memoryintensive3.json,2026-02-17T00:08:00.605483
swenable_mixed_w4_1.json,2026-01-03T07:56:40.172372
swenable_cpuintensive_w14_1.json,2025-12-28T21:00:18.356639
swenable_memoryintensive_w4_1.json,2025-12-25T08:27:59.542031
mlp.json,2025-11-22T10:11:09.513784
swenable_memoryintensive_w6_3.json,2025-12-26T09:03:19.938627
swenable_cpuintensive_w12_2.json,2025-12-28T14:24:20.337251
mlpdisable_memoryintensive2.json,2026-02-16T23:28:34.338824
SWenable_memoryintensive3.json,2025-12-11T06:10:55.264467
baseline_log_cpuintensive.json,2025-07-31T23:01:29.219575
SWdisable_cpuintensive4.json,2025-12-11T07:10:03.117452
dvfs_log_cpuintensive3.json,2025-08-08T08:20:09.572649
swenable_cpuintensive_w4_2.json,2025-12-24T07:22:27.599640
dvfs_log_memoryintensive3.json,2025-08-08T08:50:49.107074
mlp.json,2025-11-22T09:41:43.394138
mlp.json,2025-11-22T09:57:24.224085
swenable_mixed_w6_2.json,2026-01-06T21:28:19.554288
dvfs_log_memoryintensive3.json,2025-08-08T08:47:19.616055
swenable_memoryintensive_w12_2.json,2025-12-28T14:32:39.399966
baseline_log_memoryintensive3.json,2025-08-08T08:40:18.901656
swenable_cpuintensive5.json,2025-12-11T11:41:05.178278
swenable_memoryintensive_w4_1.json,2025-12-25T08:26:04.265686
swenable_memoryintensive_w4_2.json,2025-12-25T08:42:11.509653
SWdisable_cpuintensive7.json,2025-12-11T17:33:58.162305
baseline_log_cpuintensive.json,2025-07-31T22:57:53.777402
mlp.json,2025-11-22T10:07:30.857791
dvfs_log_memoryintensive2.json,2025-08-05T19:32:22.161610
swenable_cpuintensive_w4_3.json,2025-12-24T08:00:22.858594
swenable_mixed_w10_1.json,2026-01-03T18:19:53.275001
baseline_log_memoryintensive2.json,2025-08-05T19:23:45.415660
swenable_memoryintensive_w4_2.json,2025-12-25T08:42:06.618510
mlp.json,2025-11-22T09:36:19.974159
SWenable_cpuintensive4.json,2025-12-11T06:58:58.366351
baseline_log_cpuintensive2.json,2025-08-05T20:15:04.352370
mlpdisable_mixed2.json,2026-02-16T23:56:33.028323
swenable_cpuintensive7.json,2025-12-11T17:41:41.643543
dvfs_log_cpuintensive3.json,2025-08-08T08:19:11.982211
swenable_memoryintensive_w6_1.json,2025-12-26T07:34:07.000407
mlp.json,2025-11-22T10:11:28.433565
mlpenable_cpuintensive3.json,2026-02-17T00:04:01.643239
baseline_log_cpuintensive.json,2025-07-31T22:59:10.839393
mlp.json,2025-11-22T09:42:15.687180
swenable_cpuintensive_w14_2.json,2025-12-28T19:55:01.592711
swenable_mixed_w8_1.json,2026-01-06T21:14:48.705483
SWdisable_cpuintensive8.json,2025-12-11T21:13:05.160046
mlp.json,2025-11-22T10:12:38.293399
mlp.json,2025-11-22T09:44:11.564395
swenable_memoryintensive_w4_3.json,2025-12-25T09:07:10.264370
mlp.json,2025-11-22T10:04:43.713818
mlenable_memoryintensive2.json,2026-02-16T23:10:29.217517
mlpdisable_memoryintensive2.json,2026-02-16T23:32:16.837739
swenable_memoryintensive_w14_2.json,2025-12-28T19:59:35.647002
swenable_cpuintensive_w10_1.json,2025-12-28T08:42:03.803972
baseline_log_memoryintensive2.json,2025-08-05T19:25:03.138110
swenable_cpuintensive_w6_1.json,2025-12-26T06:58:38.000975
mlp.json,2025-11-22T10:02:38.073866
swenable_cpuintensive_w12_2.json,2025-12-28T14:27:33.030916
swenable_memoryintensive6.json,2025-12-11T15:30:34.095854
SWdisable_memoryintensive3.json,2025-12-11T06:02:18.592475
swenable_memoryintensive_w12_3.json,2025-12-28T15:20:01.073216
baseline_log_cpuintensive3.json,2025-08-08T08:29:34.857567
mlpenable_mixed2.json,2026-02-17T00:15:19.075431
SWdisable_memoryintensive2.json,2025-11-25T07:52:09.852575
swenable_memoryintensive_w12_2.json,2025-12-28T14:33:23.816782
swenable_memoryintensive_w6_3.json,2025-12-26T09:05:16.079459
mlp.json,2025-11-22T09:58:01.162095
SW-disable_cpuintensive3.json,2025-12-10T23:18:04.561422
dvfs_log_memoryintensive3.json,2025-08-08T08:49:44.275134
dvfs_log_cpuintensive2.json,2025-08-05T20:22:20.386148
SWenable_cpuintensive4.json,2025-12-11T06:59:24.801718
swenable_cpuintensive_w6_3.json,2025-12-26T08:56:47.837860
mlp.json,2025-11-22T10:19:54.513228
baseline_log_memoryintensive.json,2025-08-05T17:14:10.838097
swenable_memoryintensive_w6_1.json,2025-12-26T07:35:43.895007
mlp.json,2025-11-22T09:58:37.864125
mlpenable_mixed2.json,2026-02-17T00:17:24.669016
mlp.json,2025-11-22T09:47:34.614050
SWdisable_memoryintensive3.json,2025-12-11T06:03:16.501338
swenable_cpuintensive_w10_3.json,2025-12-28T07:14:27.982043
baseline_log_memoryintensive3.json,2025-08-08T08:39:58.551716
mlpenable_mixed1.json,2026-02-16T23:15:34.121674
SWdisable_cpuintensive8.json,2025-12-11T21:10:34.214432
mlpenable_memoryintensive.json,2025-11-22T23:38:31.105636
swenable_cpuintensive_w4_3.json,2025-12-24T07:58:38.425075
mlp.json,2025-11-22T10:07:21.393352
baseline_log_memoryintensive.json,2025-08-05T17:13:45.038488
swenable_cpuintensive_w14_3.json,2025-12-28T15:38:59.265012
SWdisable_memoryintensive8.json,2025-12-11T21:48:22.411916
swenable_memoryintensive_w12_3.json,2025-12-28T15:19:51.198420
swenable_mixed_w8_2.json,2026-01-03T10:40:47.096561
swenable_mixed_w14_2.json,2026-01-03T21:01:34.650288
swenable_cpuintensive_w14_1.json,2025-12-28T20:58:15.904003
mlpenable_cpuintensive3.json,2026-02-17T00:02:19.258821
swenable_memoryintensive_w6_2.json,2025-12-26T07:58:54.634353
mlpdisable_cpuintensive3.json,2026-02-16T23:45:11.058866
swenable_memoryintensive_w6_3.json,2025-12-26T09:03:36.084547
mlp.json,2025-11-22T10:04:29.747567
swenable_memoryintensive_w12_2.json,2025-12-28T14:32:25.196802
swenable_memoryintensive_w10_1.json,2025-12-28T08:46:52.889249
swenable_cpuintensive_w10_3.json,2025-12-28T07:13:08.207131
swenable_cpuintensive_w10_2.json,2025-12-28T08:21:14.764013
swenable_mixed_w6_1.json,2026-01-03T09:19:22.861842
SWenable_cpuintensive.json,2025-11-25T02:57:52.957698
swenable_cpuintensive_w12_2.json,2025-12-28T14:24:34.418794
mlpdisable_mixed1.json,2026-02-16T23:36:59.402357
swenable_memoryintensive_w12_3.json,2025-12-28T15:18:10.951022
swenable_cpuintensive_w10_3.json,2025-12-28T07:14:33.613828
mlpdisable_cpuintensive.json,2025-11-22T15:27:53.470727
mlpenable_mixed1.json,2026-02-16T23:17:05.504706
swenable_cpuintensive_w10_3.json,2025-12-28T07:10:53.600604
mlp.json,2025-11-22T09:40:15.084940
swenable_memoryintensive5.json,2025-12-11T12:49:23.720171
mlp.json,2025-11-22T09:47:11.265658
SWdisable_memoryintensive4.json,2025-12-11T09:09:33.782408
SWdisable_memoryintensive4.json,2025-12-11T09:09:38.715686
swenable_memoryintensive_w10_2.json,2025-12-28T08:31:27.210101
swenable_memoryintensive_w12_2.json,2025-12-28T14:32:59.512769
swenable_memoryintensive_w12_2.json,2025-12-28T14:32:44.037338
swenable_memoryintensive7.json,2025-12-11T20:51:16.133603
SWenable_cpuintensive8.json,2025-12-11T21:29:42.455230
swenable_memoryintensive_w10_3.json,2025-12-28T07:25:48.472330
swenable_cpuintensive_w14_3.json,2025-12-28T15:42:28.697064
SWdisable_memoryintensive8.json,2025-12-11T21:52:44.186359
swenable_mixed_w14_2.json,2026-01-03T21:03:21.021965
mlp.json,2025-11-22T09:37:37.024400
SWdisable_memoryintensive2.json,2025-11-25T07:52:47.834555
SWdisable_memoryintensive2.json,2025-11-25T07:53:26.686785
mlp.json,2025-11-22T09:39:10.127579
swenable_memoryintensive8.json,2025-12-11T21:41:49.195781
dvfs_log_cpuIntensive.json,2025-07-31T23:55:52.255574
swenable_mixed_w10_1.json,2026-01-03T18:19:47.303254
mlpenable_memoryintensive3.json,2026-02-17T00:11:36.715219
SWenable_memoryintensive4.json,2025-12-11T08:56:54.573304
swenable_mixed_w10_1.json,2026-01-03T18:21:17.118495
swenable_mixed_w14_1.json,2026-01-03T20:41:41.812776
swenable_memoryintensive8.json,2025-12-11T21:42:21.330873
SWdisable_memoryintensive2.json,2025-11-25T07:51:59.687132
swenable_cpuintensive6.json,2025-12-11T15:07:43.489393
swenable_cpuintensive_w14_2.json,2025-12-28T19:54:51.748402
baseline_log_cpuintensive3.json,2025-08-08T08:27:26.538691
swenable_cpuintensive_w4_2.json,2025-12-24T07:25:51.000299
mlpenable_mixed1.json,2026-02-16T23:16:50.987041
swenable_memoryintensive_w4_1.json,2025-12-25T08:24:33.725425
mlp.json,2025-11-22T10:06:16.503796
mlpenable_cpuintensive2.json,2026-02-16T22:55:34.990309
dvfs_log_memoryintensive3.json,2025-08-08T08:48:06.642965
SWenable_cpuintensive8.json,2025-12-11T21:29:03.227545
swenable_mixed_w12_1.json,2026-01-03T20:19:30.493570
mlpenable_memoryintensive.json,2025-11-22T23:40:27.599261
swenable_mixed_w14_2.json,2026-01-03T21:03:50.561758
swenable_mixed_w10_2.json,2026-01-03T19:04:13.933856
dvfs_log_cpuintensive2.json,2025-08-05T20:23:27.974271
SWdisable_memoryintensive2.json,2025-11-25T07:52:29.007226
swenable_cpuintensive_w14_1.json,2025-12-28T21:00:49.062180
swenable_cpuintensive_w12_3.json,2025-12-28T15:12:11.464950
SWdisable_cpuintensive.json,2025-11-25T02:52:26.575043
swenable_memoryintensive_w6_1.json,2025-12-26T07:34:37.712963
mlpdisable_memoryintensive2.json,2026-02-16T23:28:20.077437
swenable_memoryintensive_w12_3.json,2025-12-28T15:20:12.191576
SWdisable_memoryintensive2.json,2025-11-25T07:55:55.187155
swenable_mixed_w12_2.json,2026-01-03T19:10:54.813892
mlpenable_cpuintensive3.json,2026-02-17T00:01:20.164887
swenable_cpuintensive_w12_2.json,2025-12-28T14:25:02.339364
mlpenable_memoryintensive.json,2025-11-22T23:41:32.966038
mlpdisable_mixed2.json,2026-02-16T23:55:40.554868
baseline_log_cpuintensive.json,2025-07-31T22:58:51.606438
swenable_memoryintensive_w6_2.json,2025-12-26T07:58:02.886057
SWenable_memoryintensive2.json,2025-11-25T08:01:49.172818
swenable_cpuintensive_w10_1.json,2025-12-28T08:38:14.907740
SW-enable_cpuintensive3.json,2025-12-10T23:07:07.829518
mlp.json,2025-11-22T09:41:34.035937
swenable_mixed_w12_1.json,2026-01-03T20:17:35.365368
swenable_mixed_w10_2.json,2026-01-03T19:03:42.287944
swenable_mixed_w4_2.json,2026-01-03T08:30:51.393916
swenable_cpuintensive_w4_1.json,2025-12-24T07:00:03.904933
SWenable_cpuintensive8.json,2025-12-11T21:30:23.342803
mlp.json,2025-11-22T09:44:02.226164
swenable_cpuintensive_w12_1.json,2025-12-28T13:22:52.387620
swenable_cpuintensive7.json,2025-12-11T17:41:50.955767
swenable_cpuintensive_w12_3.json,2025-12-28T15:14:37.366011
swenable_memoryintensive_w14_2.json,2025-12-28T19:59:15.752163
mlpenable_memoryintensive3.json,2026-02-17T00:11:31.873634
swenable_memoryintensive7.json,2025-12-11T20:47:53.487200
SWdisable_memoryintensive3.json,2025-12-11T06:00:22.658119
SWdisable_memoryintensive2.json,2025-11-25T07:54:40.020333
swenable_memoryintensive6.json,2025-12-11T15:34:56.006643
swenable_mixed_w14_2.json,2026-01-03T21:02:27.085212
swenable_cpuintensive_w12_2.json,2025-12-28T14:26:44.117364
mlp.json,2025-11-22T10:14:25.233689
swenable_mixed_w12_1.json,2026-01-03T20:17:00.546691
swenable_cpuintensive_w14_3.json,2025-12-28T15:41:19.779987
mlpenable_cpuintensive3.json,2026-02-17T00:04:20.998726
baseline_log_memoryintensive2.json,2025-08-05T19:26:43.505469
swenable_mixed_w14_2.json,2026-01-03T21:04:49.721167
swenable_cpuintensive_w14_2.json,2025-12-28T19:51:49.601691
swenable_cpuintensive6.json,2025-12-11T15:07:24.578462
swenable_memoryintensive_w10_2.json,2025-12-28T08:27:25.239436
swenable_mixed_w4_1.json,2026-01-03T07:56:01.529453
mlp.json,2025-11-22T09:49:53.643798
mlp.json,2025-11-22T09:56:38.143858
swenable_memoryintensive_w10_2.json,2025-12-28T08:29:32.890815
SWdisable_memoryintensive3.json,2025-12-11T06:03:35.819025
SWdisable_cpuintensive4.json,2025-12-11T07:08:07.143518
swenable_memoryintensive_w4_3.json,2025-12-25T09:07:38.901268
swenable_mixed_w4_2.json,2026-01-03T08:29:44.572226
swenable_mixed_w8_1.json,2026-01-06T21:16:43.438641
dvfs_log_memoryintensive2.json,2025-08-05T19:36:40.861631
mlpdisable_memoryintensive2.json,2026-02-16T23:28:00.848967
SWenable_memoryintensive3.json,2025-12-11T06:07:24.399952
swenable_memoryintensive_w10_3.json,2025-12-28T07:24:52.425370
mlp.json,2025-11-22T09:45:06.480651
mlpenable_mixed2.json,2026-02-17T00:14:28.045598
swenable_memoryintensive_w14_2.json,2025-12-28T19:58:46.268219
dvfs_log_cpuintensive3.json,2025-08-08T08:18:25.422116
baseline_log_memoryintensive3.json,2025-08-08T08:43:30.539968
mlpdisable_memoryintensive.json,2025-11-22T23:10:08.440660
swenable_memoryintensive7.json,2025-12-11T20:51:34.828558
dvfs_log_memoryintensive3.json,2025-08-08T08:48:29.974937
SWenable_cpuintensive8.json,2025-12-11T21:28:38.287411
baseline_log_memoryintensive3.json,2025-08-08T08:41:12.386184
swenable_mixed_w6_1.json,2026-01-03T09:22:46.699546
swenable_cpuintensive_w12_3.json,2025-12-28T15:10:30.980565
swenable_memoryintensive_w14_2.json,2025-12-28T19:59:30.314450
swenable_memoryintensive7.json,2025-12-11T20:51:03.578790
mlpdisable_mixed2.json,2026-02-16T23:57:21.049795
SWenable_memoryintensive.json,2025-11-25T02:29:35.275114
baseline_log_memoryintensive2.json,2025-08-05T19:23:42.207408
baseline_log_memoryintensive2.json,2025-08-05T19:22:34.202671
mlenable_memoryintensive2.json,2026-02-16T23:09:35.919649
dvfs_log_cpuIntensive.json,2025-07-31T23:57:16.795262
swenable_mixed_w4_2.json,2026-01-03T08:31:40.448108
SWdisable_memoryintensive2.json,2025-11-25T07:55:15.786463
SWenable_memoryintensive2.json,2025-11-25T08:04:06.234150
mlpenable_memoryintensive.json,2025-11-22T23:40:41.505945
swenable_memoryintensive_w6_3.json,2025-12-26T09:05:56.105932
baseline_log_cpuintensive2.json,2025-08-05T20:18:02.283212
swenable_cpuintensive_w12_3.json,2025-12-28T15:12:36.483720
swenable_cpuintensive_w4_1.json,2025-12-24T06:57:08.949627
mlenable_memoryintensive2.json,2026-02-16T23:08:11.121046
SWdisable_memoryintensive3.json,2025-12-11T06:02:57.193608
dvfs_log_memoryintensive2.json,2025-08-05T19:33:30.310307
SWenable_cpuintensive.json,2025-11-25T02:58:14.449213
swenable_mixed_w8_2.json,2026-01-03T10:44:47.973495
dvfs_log_memoryintensive2.json,2025-08-05T19:33:39.965072
mlp.json,2025-11-22T10:17:22.426314
swenable_mixed_w12_2.json,2026-01-03T19:14:52.100209
swenable_memoryintensive_w4_3.json,2025-12-25T09:08:59.749582
dvfs_log_memoryintensive.json,2025-08-05T16:52:00.409570
swenable_memoryintensive7.json,2025-12-11T20:50:16.215154
mlp.json,2025-11-22T10:00:37.673853
mlpdisable_memoryintensive.json,2025-11-22T23:10:40.641782
mlpenable_memoryintensive3.json,2026-02-17T00:09:19.346609
SWenable_memoryintensive2.json,2025-11-25T08:00:58.878641
SWdisable_memoryintensive7.json,2025-12-11T20:56:05.321113
mlpenable_mixed2.json,2026-02-17T00:15:05.148914
swenable_cpuintensive_w12_2.json,2025-12-28T14:25:26.051589
mlpenable_mixed1.json,2026-02-16T23:15:38.760840
swenable_memoryintensive_w12_1.json,2025-12-28T13:35:18.560363
swenable_memoryintensive_w14_1.json,2025-12-28T21:04:59.380970
swenable_memoryintensive_w10_2.json,2025-12-28T08:29:27.327780
mlpdisable_cpuintensive3.json,2026-02-16T23:43:05.384914
mlp.json,2025-11-22T10:03:19.953708
baseline_log_cpuintensive.json,2025-07-31T22:59:46.270203
dvfs_log_memoryintensive2.json,2025-08-05T19:34:02.632039
mlp.json,2025-11-22T10:03:24.537149
swenable_memoryintensive5.json,2025-12-11T12:52:42.607613
SWdisable_cpuintensive7.json,2025-12-11T17:34:49.876834
baseline_log_cpuintensive2.json,2025-08-05T20:15:33.441874
swenable_memoryintensive_w14_2.json,2025-12-28T19:57:32.239221
swenable_cpuintensive_w12_3.json,2025-12-28T15:13:56.524388
swenable_memoryintensive5.json,2025-12-11T12:54:13.663819
swenable_memoryintensive7.json,2025-12-11T20:49:16.002762
mlpdisable_cpuintensive3.json,2026-02-16T23:44:12.480482
swenable_memoryintensive_w12_1.json,2025-12-28T13:31:29.704369
swenable_cpuintensive_w14_3.json,2025-12-28T15:41:05.801782
swenable_cpuintensive7.json,2025-12-11T17:43:42.789514
mlpdisable_memoryintensive3.json,2026-02-16T23:47:36.198399
swenable_memoryintensive_w6_3.json,2025-12-26T09:05:11.282121
swenable_cpuintensive_w10_3.json,2025-12-28T07:13:43.639828
swenable_memoryintensive_w4_2.json,2025-12-25T08:40:30.602577
mlpdisable_mixed1.json,2026-02-16T23:35:52.025070
dvfs_log_cpuintensive3.json,2025-08-08T08:21:54.527910
SWdisable_memoryintensive7.json,2025-12-11T21:00:13.717405
mlp.json,2025-11-22T10:18:31.275311
swenable_cpuintensive_w12_1.json,2025-12-28T13:26:21.596414
SWdisable_memoryintensive7.json,2025-12-11T20:57:32.943418
swenable_memoryintensive_w4_2.json,2025-12-25T08:41:41.528379
SWdisable_cpuintensive7.json,2025-12-11T17:35:18.444731
swenable_memoryintensive_w4_2.json,2025-12-25T08:41:26.190277
SWdisable_memoryintensive2.json,2025-11-25T07:55:45.455336
baseline_log_memoryintensive2.json,2025-08-05T19:25:48.393799
SWdisable_cpuintensive7.json,2025-12-11T17:36:46.487533
swenable_mixed_w10_2.json,2026-01-03T19:03:01.977791
dvfs_log_cpuintensive2.json,2025-08-05T20:24:16.218070
dvfs_log_cpuintensive2.json,2025-08-05T20:26:12.271050
mlp.json,2025-11-22T10:00:46.944897
swenable_cpuintensive_w14_3.json,2025-12-28T15:39:31.780934
SWdisable_memoryintensive.json,2025-11-25T02:25:27.496901
swenable_cpuintensive_w4_3.json,2025-12-24T07:55:56.211115
dvfs_log_cpuIntensive.json,2025-07-31T23:55:12.103418
mlpenable_mixed2.json,2026-02-17T00:15:09.775416
swenable_mixed_w8_1.json,2026-01-06T21:15:59.745290
mlp.json,2025-11-22T10:23:07.798922
baseline_log_memoryintensive3.json,2025-08-08T08:42:02.876271
swenable_memoryintensive6.json,2025-12-11T15:34:07.259854
swenable_memoryintensive_w6_2.json,2025-12-26T07:59:44.794749
swenable_mixed_w12_2.json,2026-01-03T19:12:44.671043
dvfs_log_cpuintensive3.json,2025-08-08T08:18:32.074238
swenable_cpuintensive_w10_3.json,2025-12-28T07:10:35.944191
swenable_memoryintensive_w10_3.json,2025-12-28T07:29:21.901816
swenable_memoryintensive_w12_3.json,2025-12-28T15:18:42.366416
swenable_mixed_w14_1.json,2026-01-03T20:39:48.464890
SWdisable_memoryintensive2.json,2025-11-25T07:52:19.520275
swenable_mixed_w8_1.json,2026-01-06T21:15:11.514726
swenable_mixed_w10_2.json,2026-01-03T19:00:28.220564
swenable_mixed_w6_1.json,2026-01-03T09:23:13.432475
swenable_mixed_w12_2.json,2026-01-03T19:11:00.552995
mlp.json,2025-11-22T10:05:53.393796
swenable_memoryintensive7.json,2025-12-11T20:47:20.844369
swenable_mixed_w12_1.json,2026-01-03T20:18:15.215880
mlpdisable_memoryintensive2.json,2026-02-16T23:27:56.062612
swenable_mixed_w12_1.json,2026-01-03T20:20:41.751064
dvfs_log_memoryintensive3.json,2025-08-08T08:51:47.347036
SWdisable_memoryintensive8.json,2025-12-11T21:51:12.054890
mlp.json,2025-11-22T10:00:33.113773
mlp.json,2025-11-22T10:13:52.557666
swenable_mixed_w14_2.json,2026-01-03T21:02:49.390022
swenable_memoryintensive_w4_2.json,2025-12-25T08:40:55.712563
swenable_cpuintensive_w6_1.json,2025-12-26T06:58:47.887438
mlp.json,2025-11-22T09:48:16.157448
swenable_memoryintensive_w10_1.json,2025-12-28T08:46:27.141538
mlpenable_memoryintensive3.json,2026-02-17T00:10:33.546205
swenable_cpuintensive6.json,2025-12-11T15:11:50.233316
swenable_cpuintensive_w14_3.json,2025-12-28T15:43:34.910574
swenable_cpuintensive_w12_3.json,2025-12-28T15:09:51.122167
baseline_log_memoryintensive3.json,2025-08-08T08:40:25.654807
mlp.json,2025-11-22T09:53:27.183864
swenable_cpuintensive6.json,2025-12-11T15:11:00.124509
baseline_log_cpuintensive3.json,2025-08-08T08:26:39.515500
mlp.json,2025-11-22T10:13:34.063403
mlp.json,2025-11-22T10:25:35.805106
swenable_mixed_w10_2.json,2026-01-03T19:03:56.465236
swenable_memoryintensive_w12_1.json,2025-12-28T13:32:46.380863
swenable_cpuintensive_w12_2.json,2025-12-28T14:22:46.275901
swenable_mixed_w6_1.json,2026-01-03T09:23:44.930281
mlpdisable_memoryintensive.json,2025-11-22T23:12:37.768310
swenable_memoryintensive_w4_2.json,2025-12-25T08:38:15.736388
swenable_mixed_w8_1.json,2026-01-06T21:15:17.828407
dvfs_log_cpuintensive2.json,2025-08-05T20:26:44.487083
mlpdisable_cpuintensive.json,2025-11-22T15:26:50.161371
swenable_memoryintensive8.json,2025-12-11T21:42:57.861315
swenable_mixed_w4_1.json,2026-01-03T07:54:28.217875
mlp.json,2025-11-22T09:59:10.063840
mlp.json,2025-11-22T10:06:02.543960
swenable_memoryintensive_w14_3.json,2025-12-28T15:50:01.584416
swenable_memoryintensive_w10_1.json,2025-12-28T08:50:25.480137
SWenable_cpuintensive4.json,2025-12-11T06:59:49.957677
mlpdisable_memoryintensive.json,2025-11-22T23:11:27.592078
swenable_mixed_w8_2.json,2026-01-03T10:43:14.902737
swenable_memoryintensive8.json,2025-12-11T21:43:34.606951
SW-enable_cpuintensive3.json,2025-12-10T23:06:37.361512
swenable_mixed_w14_1.json,2026-01-03T20:40:02.848994
baseline_log_cpuintensive2.json,2025-08-05T20:18:37.978655
mlp.json,2025-11-22T10:08:54.408636
baseline_log_cpuintensive2.json,2025-08-05T20:15:07.560147
baseline_log_cpuintensive3.json,2025-08-08T08:27:09.731218
swenable_memoryintensive_w6_3.json,2025-12-26T09:07:30.152435
swenable_memoryintensive_w14_1.json,2025-12-28T21:08:54.652034
mlpenable_cpuintensive.json,2025-11-22T15:08:23.330408
swenable_cpuintensive_w10_2.json,2025-12-28T08:23:00.045055
dvfs_log_cpuIntensive.json,2025-07-31T23:53:51.824617
swenable_cpuintensive7.json,2025-12-11T17:42:35.914917
mlpenable_mixed2.json,2026-02-17T00:15:28.271152
swenable_cpuintensive_w14_2.json,2025-12-28T19:53:04.182243
baseline_log_memoryintensive.json,2025-08-05T17:12:24.638075
swenable_mixed_w8_2.json,2026-01-03T10:43:26.620023
SWdisable_memoryintensive3.json,2025-12-11T06:01:39.747548
baseline_log_cpuintensive.json,2025-07-31T23:02:33.663830
mlp.json,2025-11-22T10:11:42.433538
swenable_mixed_w6_2.json,2026-01-06T21:29:37.079503
SWdisable_memoryintensive8.json,2025-12-11T21:52:34.612171
baseline_log_memoryintensive3.json,2025-08-08T08:43:20.487550
swenable_memoryintensive8.json,2025-12-11T21:41:39.251362
swenable_memoryintensive8.json,2025-12-11T21:43:28.461060
mlpdisable_cpuintensive.json,2025-11-22T15:29:02.142588
mlpenable_cpuintensive3.json,2026-02-17T00:05:09.155996
swenable_cpuintensive_w6_2.json,2025-12-26T07:48:56.498502
SWdisable_memoryintensive8.json,2025-12-11T21:51:02.506178
baseline_log_cpuintensive3.json,2025-08-08T08:27:36.690527
swenable_cpuintensive_w4_1.json,2025-12-24T06:58:17.568210
SWdisable_memoryintensive4.json,2025-12-11T09:06:24.148274
dvfs_log_cpuIntensive.json,2025-07-31T23:54:15.037785
baseline_log_memoryintensive2.json,2025-08-05T19:26:53.385513
mlpdisable_memoryintensive.json,2025-11-22T23:10:59.769162
swenable_mixed_w8_2.json,2026-01-03T10:42:56.647036
mlpdisable_mixed2.json,2026-02-16T23:55:49.954672
mlpenable_mixed1.json,2026-02-16T23:15:57.764096
swenable_cpuintensive_w12_1.json,2025-12-28T13:27:02.284669
swenable_cpuintensive_w4_3.json,2025-12-24T08:00:30.267410
mlpdisable_mixed1.json,2026-02-16T23:35:33.170125
baseline_log_cpuintensive.json,2025-07-31T23:01:03.473737
mlp.json,2025-11-22T10:11:14.408132
dvfs_log_cpuintensive2.json,2025-08-05T20:22:42.964644
mlp.json,2025-11-22T09:55:19.014032
swenable_memoryintensive_w14_3.json,2025-12-28T15:50:39.129161
mlpdisable_memoryintensive2.json,2026-02-16T23:29:03.225707
swenable_cpuintensive_w10_1.json,2025-12-28T08:42:56.896700
swenable_memoryintensive_w6_3.json,2025-12-26T09:06:59.436983
swenable_mixed_w4_1.json,2026-01-03T07:54:22.381013
swenable_cpuintensive_w6_1.json,2025-12-26T06:59:51.035001
swenable_memoryintensive_w12_1.json,2025-12-28T13:32:03.254178
baseline_log_memoryintensive2.json,2025-08-05T19:23:58.347019
dvfs_log_memoryintensive.json,2025-08-05T16:49:48.405160
dvfs_log_cpuintensive3.json,2025-08-08T08:20:19.966506
swenable_cpuintensive_w10_1.json,2025-12-28T08:41:04.822301
baseline_log_memoryintensive3.json,2025-08-08T08:39:21.774831
SW-disable_cpuintensive3.json,2025-12-10T23:19:08.153017
SWdisable_memoryintensive3.json,2025-12-11T06:01:59.395878
mlp.json,2025-11-22T09:50:12.219174
mlpenable_mixed1.json,2026-02-16T23:13:37.741376
mlpdisable_memoryintensive3.json,2026-02-16T23:50:55.196799
baseline_log_memoryintensive.json,2025-08-05T17:09:21.254423
swenable_memoryintensive6.json,2025-12-11T15:31:53.641197
swenable_cpuintensive_w14_3.json,2025-12-28T15:43:22.150439
mlpenable_cpuintensive2.json,2026-02-16T22:55:03.024341
mlenable_memoryintensive2.json,2026-02-16T23:08:43.938986
mlp.json,2025-11-22T10:11:37.635822
swenable_cpuintensive_w10_2.json,2025-12-28T08:23:38.017077
swenable_mixed_w4_2.json,2026-01-03T08:34:12.223631
dvfs_log_cpuintensive2.json,2025-08-05T20:23:50.427425
swenable_cpuintensive_w6_3.json,2025-12-26T08:59:28.788116
dvfs_log_cpuintensive2.json,2025-08-05T20:24:25.908966
swenable_memoryintensive5.json,2025-12-11T12:53:53.530263
swenable_memoryintensive_w12_1.json,2025-12-28T13:34:06.187030
mlpenable_memoryintensive3.json,2026-02-17T00:11:51.357131
SWdisable_memoryintensive2.json,2025-11-25T07:53:02.068800
swenable_memoryintensive_w10_1.json,2025-12-28T08:47:27.355924
SWdisable_cpuintensive.json,2025-11-25T02:51:52.570369
swenable_cpuintensive_w14_3.json,2025-12-28T15:40:56.539723
swenable_mixed_w14_1.json,2026-01-03T20:37:59.229750
swenable_memoryintensive_w14_1.json,2025-12-28T21:07:07.506400
SWenable_cpuintensive4.json,2025-12-11T07:00:25.527576
mlpdisable_memoryintensive3.json,2026-02-16T23:51:38.756356
swenable_memoryintensive_w6_2.json,2025-12-26T07:57:05.432799
swenable_cpuintensive_w14_3.json,2025-12-28T15:41:57.239604
swenable_cpuintensive_w4_3.json,2025-12-24T07:57:27.479987
SWdisable_memoryintensive2.json,2025-11-25T07:55:50.248831
SW-disable_cpuintensive3.json,2025-12-10T23:17:55.127330
SWenable_memoryintensive4.json,2025-12-11T09:00:38.001701
mlp.json,2025-11-22T09:54:13.696634
mlp.json,2025-11-22T10:04:34.273591
mlp.json,2025-11-22T09:52:36.543908
swenable_memoryintensive_w12_3.json,2025-12-28T15:21:41.335908
SW-disable_cpuintensive3.json,2025-12-10T23:19:42.437319
mlpdisable_cpuintensive.json,2025-11-22T15:27:21.677888
mlpenable_cpuintensive.json,2025-11-22T15:09:56.995078
mlpdisable_memoryintensive.json,2025-11-22T23:09:36.151242
mlpenable_cpuintensive.json,2025-11-22T15:09:24.053902
swenable_cpuintensive_w14_3.json,2025-12-28T15:39:22.418386
SW-disable_cpuintensive3.json,2025-12-10T23:17:11.159271
baseline_log_cpuintensive2.json,2025-08-05T20:17:55.739560
dvfs_log_memoryintensive2.json,2025-08-05T19:33:20.608055
mlp.json,2025-11-22T10:01:10.003831
mlpdisable_cpuintensive.json,2025-11-22T15:29:53.041616
swenable_cpuintensive6.json,2025-12-11T15:10:06.242745
baseline_log_cpuintensive.json,2025-07-31T22:58:35.581891
swenable_cpuintensive6.json,2025-12-11T15:08:33.160351
mlpdisable_cpuintensive3.json,2026-02-16T23:45:06.068794
SWenable_memoryintensive4.json,2025-12-11T08:56:49.327111
mlpdisable_cpuintensive2.json,2026-02-16T23:21:43.434792
mlpdisable_memoryintensive.json,2025-11-22T23:09:03.946867
mlpenable_cpuintensive.json,2025-11-22T15:07:23.064440
swenable_cpuintensive_w6_1.json,2025-12-26T06:57:13.791690
SWenable_cpuintensive4.json,2025-12-11T07:02:14.678469
swenable_cpuintensive_w14_3.json,2025-12-28T15:39:27.160492
baseline_log_memoryintensive2.json,2025-08-05T19:25:41.888983
mlpdisable_cpuintensive.json,2025-11-22T15:30:49.443896
swenable_cpuintensive_w10_2.json,2025-12-28T08:21:04.442944
SWenable_memoryintensive3.json,2025-12-11T06:08:46.933248
swenable_memoryintensive_w14_2.json,2025-12-28T20:01:26.963762
swenable_cpuintensive_w10_3.json,2025-12-28T07:15:10.152154
swenable_mixed_w12_2.json,2026-01-03T19:11:11.845266
swenable_mixed_w8_1.json,2026-01-06T21:13:22.050472
mlp.json,2025-11-22T10:22:07.984449
dvfs_log_cpuIntensive.json,2025-07-31T23:56:30.098379
swenable_memoryintensive_w12_1.json,2025-12-28T13:32:12.897415
SWenable_memoryintensive.json,2025-11-25T02:29:45.986029
baseline_log_memoryintensive.json,2025-08-05T17:13:41.832469
mlpenable_mixed2.json,2026-02-17T00:14:09.502074
swenable_mixed_w10_1.json,2026-01-03T18:20:32.534118
SWenable_memoryintensive2.json,2025-11-25T08:01:24.459541
SWenable_memoryintensive4.json,2025-12-11T09:00:17.229588
swenable_memoryintensive6.json,2025-12-11T15:33:13.295523
swenable_cpuintensive_w12_1.json,2025-12-28T13:24:25.385863
dvfs_log_cpuIntensive.json,2025-07-31T23:57:13.500763
dvfs_log_cpuintensive2.json,2025-08-05T20:23:05.420404
mlpdisable_memoryintensive3.json,2026-02-16T23:50:26.182988
swenable_memoryintensive8.json,2025-12-11T21:41:59.322879
baseline_log_memoryintensive.json,2025-08-05T17:12:37.529562
swenable_memoryintensive_w6_2.json,2025-12-26T08:00:01.905940
mlpdisable_mixed1.json,2026-02-16T23:35:56.763106
swenable_memoryintensive_w6_3.json,2025-12-26T09:06:42.487932
swenable_memoryintensive_w10_1.json,2025-12-28T08:47:36.589879
mlpdisable_mixed1.json,2026-02-16T23:36:06.546238
swenable_memoryintensive_w14_1.json,2025-12-28T21:05:04.163783
SWenable_cpuintensive4.json,2025-12-11T06:59:29.920910
swenable_memoryintensive_w12_1.json,2025-12-28T13:34:31.605253
mlpdisable_mixed2.json,2026-02-16T23:57:16.277347
mlpenable_mixed1.json,2026-02-16T23:15:10.096682
mlp.json,2025-11-22T09:53:59.644143
baseline_log_memoryintensive.json,2025-08-05T17:11:33.185608
swenable_mixed_w12_2.json,2026-01-03T19:15:24.826923
swenable_mixed_w10_2.json,2026-01-03T19:00:23.192791
swenable_cpuintensive_w14_3.json,2025-12-28T15:42:52.922957
swenable_memoryintensive_w14_2.json,2025-12-28T20:02:02.699881
SWenable_memoryintensive4.json,2025-12-11T08:59:00.884118
swenable_mixed_w10_2.json,2026-01-03T19:00:18.184406
swenable_memoryintensive_w4_2.json,2025-12-25T08:41:11.515452
swenable_memoryintensive_w14_2.json,2025-12-28T19:58:02.098877
swenable_cpuintensive_w10_3.json,2025-12-28T07:11:38.653446
mlpenable_cpuintensive3.json,2026-02-17T00:03:42.318765
mlp.json,2025-11-22T09:59:05.443884
swenable_cpuintensive6.json,2025-12-11T15:10:54.022094
baseline_log_cpuintensive3.json,2025-08-08T08:24:46.666912
swenable_cpuintensive_w12_2.json,2025-12-28T14:24:57.686189
baseline_log_memoryintensive3.json,2025-08-08T08:41:46.072385
dvfs_log_cpuintensive3.json,2025-08-08T08:20:23.232727
baseline_log_cpuintensive.json,2025-07-31T22:57:57.007014
SWdisable_cpuintensive.json,2025-11-25T02:50:53.395555
baseline_log_memoryintensive.json,2025-08-05T17:13:32.211304
swenable_mixed_w12_1.json,2026-01-03T20:17:50.561905
swenable_cpuintensive_w4_1.json,2025-12-24T06:57:23.030995
SWenable_memoryintensive2.json,2025-11-25T08:04:52.070707
mlp.json,2025-11-22T10:23:44.903200
swenable_memoryintensive_w14_3.json,2025-12-28T15:48:36.199213
swenable_cpuintensive_w14_3.json,2025-12-28T15:39:41.239877
swenable_mixed_w4_1.json,2026-01-03T07:56:15.798448
swenable_memoryintensive_w4_2.json,2025-12-25T08:39:50.325806
mlpdisable_mixed1.json,2026-02-16T23:37:28.534109
baseline_log_cpuintensive3.json,2025-08-08T08:25:19.752688
swenable_cpuintensive6.json,2025-12-11T15:10:23.708369
swenable_mixed_w10_1.json,2026-01-03T18:20:02.992512
swenable_cpuintensive_w10_3.json,2025-12-28T07:13:02.213609
swenable_mixed_w14_1.json,2026-01-03T20:40:13.386129
baseline_log_cpuintensive3.json,2025-08-08T08:27:03.086597
mlp.json,2025-11-22T09:44:48.114211
mlp.json,2025-11-22T10:19:40.663467
SWdisable_cpuintensive8.json,2025-12-11T21:09:59.720923
swenable_cpuintensive_w4_3.json,2025-12-24T07:57:13.209786
baseline_log_cpuintensive.json,2025-07-31T22:59:04.426208
baseline_log_cpuintensive3.json,2025-08-08T08:26:29.357065
baseline_log_cpuintensive.json,2025-07-31T22:57:37.713707
swenable_cpuintensive5.json,2025-12-11T11:42:29.435882
mlp.json,2025-11-22T10:03:33.770767
swenable_cpuintensive_w14_1.json,2025-12-28T21:00:08.651963
baseline_log_cpuintensive.json,2025-07-31T23:00:18.450764
swenable_memoryintensive_w10_2.json,2025-12-28T08:31:21.278201
SWdisable_cpuintensive8.json,2025-12-11T21:10:29.204853
baseline_log_cpuintensive.json,2025-07-31T22:59:30.240852
baseline_log_memoryintensive.json,2025-08-05T17:10:57.749862
SWenable_memoryintensive4.json,2025-12-11T08:57:25.119959
mlp.json,2025-11-22T09:51:54.631459
swenable_memoryintensive_w12_1.json,2025-12-28T13:35:03.123180
dvfs_log_memoryintensive2.json,2025-08-05T19:32:54.569335
swenable_cpuintensive_w6_2.json,2025-12-26T07:47:30.673837
baseline_log_cpuintensive3.json,2025-08-08T08:29:01.143874
SWdisable_memoryintensive8.json,2025-12-11T21:50:09.127294
swenable_memoryintensive7.json,2025-12-11T20:48:33.242121
dvfs_log_cpuintensive2.json,2025-08-05T20:27:07.209818
baseline_log_memoryintensive2.json,2025-08-05T19:22:59.998371
swenable_mixed_w6_1.json,2026-01-03T09:21:19.548563
dvfs_log_cpuIntensive.json,2025-07-31T23:53:58.500151
dvfs_log_cpuintensive2.json,2025-08-05T20:22:26.803329
mlpenable_memoryintensive.json,2025-11-22T23:40:55.465874
mlp.json,2025-11-22T09:49:39.834325
mlp.json,2025-11-22T09:38:51.194567
swenable_mixed_w8_2.json,2026-01-03T10:41:31.299100
mlpdisable_memoryintensive3.json,2026-02-16T23:50:50.342287
mlpdisable_memoryintensive3.json,2026-02-16T23:51:58.050037
baseline_log_memoryintensive.json,2025-08-05T17:10:28.865369
SWdisable_memoryintensive7.json,2025-12-11T20:58:45.867480
mlp.json,2025-11-22T09:50:17.003885
baseline_log_cpuintensive3.json,2025-08-08T08:29:21.449084
swenable_mixed_w8_1.json,2026-01-06T21:12:53.384124
swenable_memoryintensive_w14_2.json,2025-12-28T19:57:47.122937
dvfs_log_memoryintensive2.json,2025-08-05T19:35:49.327167
mlp.json,2025-11-22T10:11:51.613478
SWdisable_cpuintensive8.json,2025-12-11T21:09:31.307076
SWdisable_memoryintensive8.json,2025-12-11T21:50:57.742884
swenable_memoryintensive6.json,2025-12-11T15:31:49.070642
mlpdisable_memoryintensive2.json,2026-02-16T23:27:46.623622
mlpenable_cpuintensive3.json,2026-02-17T00:02:09.547758
swenable_memoryintensive_w6_1.json,2025-12-26T07:31:31.777624
swenable_cpuintensive_w14_3.json,2025-12-28T15:39:08.461850
swenable_cpuintensive_w10_2.json,2025-12-28T08:24:17.836002
swenable_mixed_w14_2.json,2026-01-03T21:04:30.854736
dvfs_log_memoryintensive3.json,2025-08-08T08:48:36.448368
swenable_cpuintensive_w14_2.json,2025-12-28T19:52:53.923340
swenable_memoryintensive_w10_3.json,2025-12-28T07:26:42.919784
mlenable_memoryintensive2.json,2026-02-16T23:06:51.215046
SW-disable_cpuintensive3.json,2025-12-10T23:18:29.238513
dvfs_log_memoryintensive3.json,2025-08-08T08:48:16.465788
swenable_cpuintensive_w10_1.json,2025-12-28T08:38:29.064422
swenable_mixed_w10_1.json,2026-01-03T18:23:36.062687
mlpdisable_mixed1.json,2026-02-16T23:34:49.693418
swenable_cpuintensive5.json,2025-12-11T11:41:11.036045
SWdisable_cpuintensive.json,2025-11-25T02:50:58.706095
swenable_memoryintensive6.json,2025-12-11T15:32:03.206598
swenable_mixed_w6_2.json,2026-01-06T21:30:41.220415
swenable_cpuintensive_w4_3.json,2025-12-24T07:58:26.703922
SW-disable_cpuintensive3.json,2025-12-10T23:17:20.644710
swenable_memoryintensive_w4_2.json,2025-12-25T08:39:55.250776
swenable_cpuintensive_w4_1.json,2025-12-24T06:57:52.174093
baseline_log_memoryintensive3.json,2025-08-08T08:42:09.618612
mlp.json,2025-11-22T09:50:40.164425
swenable_cpuintensive_w6_1.json,2025-12-26T06:58:22.808769
mlpdisable_memoryintensive.json,2025-11-22T23:11:55.606554
swenable_cpuintensive_w10_2.json,2025-12-28T08:22:42.813763
mlp.json,2025-11-22T09:48:44.195030
SWdisable_memoryintensive2.json,2025-11-25T07:53:12.013483
swenable_memoryintensive_w12_1.json,2025-12-28T13:31:05.579513
swenable_memoryintensive_w6_3.json,2025-12-26T09:03:45.902340
SWenable_memoryintensive3.json,2025-12-11T06:10:49.664855
swenable_mixed_w4_1.json,2026-01-03T07:59:06.161561
swenable_cpuintensive_w4_3.json,2025-12-24T07:56:12.045263
mlenable_memoryintensive2.json,2026-02-16T23:09:31.188223
mlpenable_memoryintensive3.json,2026-02-17T00:08:23.715245
swenable_mixed_w10_2.json,2026-01-03T19:00:37.776684
swenable_mixed_w6_1.json,2026-01-03T09:21:38.714583
mlpenable_memoryintensive3.json,2026-02-17T00:10:51.961399
SWdisable_memoryintensive4.json,2025-12-11T09:10:12.993111
mlpenable_mixed2.json,2026-02-17T00:14:18.730845
baseline_log_cpuintensive3.json,2025-08-08T08:28:44.304716
swenable_cpuintensive_w14_1.json,2025-12-28T20:59:10.010047
baseline_log_memoryintensive2.json,2025-08-05T19:23:12.946680
swenable_cpuintensive_w10_2.json,2025-12-28T08:23:04.673578
swenable_cpuintensive_w14_3.json,2025-12-28T15:38:40.001548
dvfs_log_cpuintensive3.json,2025-08-08T08:20:16.604918
mlpdisable_cpuintensive3.json,2026-02-16T23:44:17.270934
baseline_log_memoryintensive2.json,2025-08-05T19:25:45.116799
swenable_memoryintensive7.json,2025-12-11T20:47:47.778930
swenable_mixed_w6_1.json,2026-01-03T09:24:14.775396
swenable_cpuintensive5.json,2025-12-11T11:40:53.186191
baseline_log_cpuintensive3.json,2025-08-08T08:28:57.765863
swenable_cpuintensive_w6_2.json,2025-12-26T07:46:29.111011
dvfs_log_cpuintensive2.json,2025-08-05T20:25:30.281716
SWenable_memoryintensive4.json,2025-12-11T08:56:18.815065
swenable_memoryintensive6.json,2025-12-11T15:31:39.467535
swenable_memoryintensive_w12_1.json,2025-12-28T13:35:44.101307
swenable_memoryintensive_w6_2.json,2025-12-26T07:57:48.222177
swenable_mixed_w12_1.json,2026-01-03T20:19:04.928720
SWdisable_memoryintensive2.json,2025-11-25T07:55:35.693933
dvfs_log_memoryintensive3.json,2025-08-08T08:50:01.272313
swenable_mixed_w4_1.json,2026-01-03T07:54:52.801083
dvfs_log_memoryintensive2.json,2025-08-05T19:34:57.681413
SWdisable_cpuintensive.json,2025-11-25T02:53:19.987560
swenable_cpuintensive7.json,2025-12-11T17:41:08.548650
SWenable_memoryintensive3.json,2025-12-11T06:07:34.686289
SWdisable_memoryintensive2.json,2025-11-25T07:51:26.219265
swenable_cpuintensive_w4_2.json,2025-12-24T07:23:27.115525
swenable_cpuintensive_w12_1.json,2025-12-28T13:25:46.462185
SWenable_cpuintensive4.json,2025-12-11T07:03:58.139887
mlpdisable_cpuintensive3.json,2026-02-16T23:43:39.219780
swenable_mixed_w8_2.json,2026-01-03T10:42:04.469901
mlpdisable_cpuintensive2.json,2026-02-16T23:24:10.645102
SWdisable_cpuintensive8.json,2025-12-11T21:12:55.372981
swenable_cpuintensive_w6_1.json,2025-12-26T06:58:03.900092
SWenable_cpuintensive.json,2025-11-25T02:55:47.002758
dvfs_log_memoryintensive2.json,2025-08-05T19:35:36.387465
mlpenable_mixed1.json,2026-02-16T23:14:30.919120
SWdisable_cpuintensive8.json,2025-12-11T21:12:31.029049
mlp.json,2025-11-22T09:48:20.734469
mlp.json,2025-11-22T09:49:58.243998
mlpenable_mixed1.json,2026-02-16T23:17:29.896748
swenable_cpuintensive5.json,2025-12-11T11:40:11.666067
dvfs_log_memoryintensive2.json,2025-08-05T19:32:15.717384
mlpenable_cpuintensive2.json,2026-02-16T22:55:53.572746
SWenable_cpuintensive4.json,2025-12-11T07:03:31.598354
mlpenable_memoryintensive3.json,2026-02-17T00:12:05.566729
swenable_mixed_w6_1.json,2026-01-03T09:21:14.467431
baseline_log_cpuintensive3.json,2025-08-08T08:28:34.215275
swenable_memoryintensive8.json,2025-12-11T21:41:09.619287
swenable_memoryintensive_w6_2.json,2025-12-26T07:57:38.677867
mlpenable_memoryintensive3.json,2026-02-17T00:08:42.343959
mlenable_memoryintensive2.json,2026-02-16T23:08:29.979493
swenable_cpuintensive_w12_1.json,2025-12-28T13:24:00.424338
SWdisable_memoryintensive4.json,2025-12-11T09:08:59.398229
swenable_mixed_w12_1.json,2026-01-03T20:19:56.034559
SWdisable_memoryintensive2.json,2025-11-25T07:56:05.105568
swenable_memoryintensive6.json,2025-12-11T15:35:06.412374
swenable_mixed_w8_2.json,2026-01-03T10:42:33.546909
swenable_mixed_w8_1.json,2026-01-06T21:14:54.646829
swenable_memoryintensive_w4_3.json,2025-12-25T09:08:29.587559
SWdisable_cpuintensive4.json,2025-12-11T07:11:40.285359
SWdisable_memoryintensive3.json,2025-12-11T06:03:06.929070
dvfs_log_memoryintensive3.json,2025-08-08T08:49:03.187552
mlp.json,2025-11-22T09:55:42.603979
SWdisable_cpuintensive7.json,2025-12-11T17:35:52.236192
swenable_mixed_w10_1.json,2026-01-03T18:20:37.562300
baseline_log_cpuintensive2.json,2025-08-05T20:14:09.358697
swenable_memoryintensive_w12_3.json,2025-12-28T15:19:18.038016
dvfs_log_cpuintensive2.json,2025-08-05T20:25:33.570965
swenable_cpuintensive7.json,2025-12-11T17:42:58.966835
SWenable_cpuintensive4.json,2025-12-11T07:00:30.308679
SWdisable_memoryintensive7.json,2025-12-11T20:56:54.438578
baseline_log_memoryintensive2.json,2025-08-05T19:25:38.677593
mlp.json,2025-11-22T09:43:20.619021
mlpdisable_memoryintensive3.json,2026-02-16T23:48:05.554916
swenable_mixed_w4_1.json,2026-01-03T07:57:42.074580
dvfs_log_memoryintensive2.json,2025-08-05T19:32:09.296374
SWdisable_memoryintensive8.json,2025-12-11T21:51:21.951830
SWdisable_cpuintensive8.json,2025-12-11T21:13:19.422618
swenable_mixed_w6_2.json,2026-01-06T21:30:36.393932
SWdisable_memoryintensive3.json,2025-12-11T06:00:36.989002
swenable_memoryintensive6.json,2025-12-11T15:32:37.801977
SW-enable_cpuintensive3.json,2025-12-10T23:09:30.183615
mlpdisable_memoryintensive.json,2025-11-22T23:11:04.410409
swenable_cpuintensive_w12_3.json,2025-12-28T15:12:06.179682
mlenable_memoryintensive2.json,2026-02-16T23:11:16.358227
dvfs_log_cpuintensive2.json,2025-08-05T20:25:20.613251
SW-enable_cpuintensive3.json,2025-12-10T23:08:04.920680
mlp.json,2025-11-22T09:41:06.339737
mlpdisable_memoryintensive3.json,2026-02-16T23:50:31.053186
swenable_memoryintensive6.json,2025-12-11T15:35:21.078565
dvfs_log_memoryintensive2.json,2025-08-05T19:33:27.099022
swenable_cpuintensive_w10_3.json,2025-12-28T07:11:14.784015
mlpdisable_cpuintensive.json,2025-11-22T15:28:43.567464
SW-disable_cpuintensive3.json,2025-12-10T23:16:22.606969
swenable_cpuintensive_w14_2.json,2025-12-28T19:51:20.006987
SWenable_memoryintensive3.json,2025-12-11T06:10:27.301874
swenable_mixed_w4_2.json,2026-01-03T08:30:37.383051
mlp.json,2025-11-22T10:18:08.347390
SWdisable_memoryintensive7.json,2025-12-11T21:00:03.743702
swenable_mixed_w14_1.json,2026-01-03T20:39:08.374548
mlpdisable_cpuintensive2.json,2026-02-16T23:25:27.712718
mlp.json,2025-11-22T09:57:05.766496
dvfs_log_cpuIntensive.json,2025-07-31T23:53:48.440154
swenable_memoryintensive_w14_2.json,2025-12-28T20:01:42.488184
SWdisable_cpuintensive4.json,2025-12-11T07:12:09.646392
SWenable_cpuintensive8.json,2025-12-11T21:29:32.977845
mlpenable_cpuintensive3.json,2026-02-17T00:04:35.700147
swenable_memoryintensive_w10_3.json,2025-12-28T07:26:18.608699
dvfs_log_memoryintensive3.json,2025-08-08T08:48:26.696136
swenable_mixed_w10_2.json,2026-01-03T19:00:07.652793
dvfs_log_cpuIntensive.json,2025-07-31T23:53:18.483357
SWdisable_cpuintensive4.json,2025-12-11T07:08:16.524139
swenable_cpuintensive_w6_2.json,2025-12-26T07:46:24.527723
mlpenable_memoryintensive.json,2025-11-22T23:40:46.175369
swenable_mixed_w6_2.json,2026-01-06T21:31:30.197717
swenable_mixed_w4_1.json,2026-01-03T07:55:18.443111
dvfs_log_memoryintensive2.json,2025-08-05T19:36:53.960419
SWdisable_cpuintensive8.json,2025-12-11T21:09:50.229646
swenable_cpuintensive6.json,2025-12-11T15:09:36.878876
swenable_cpuintensive_w12_2.json,2025-12-28T14:23:52.328899
swenable_memoryintensive_w12_1.json,2025-12-28T13:35:08.731691
swenable_cpuintensive5.json,2025-12-11T11:38:41.270672
SWdisable_memoryintensive2.json,2025-11-25T07:54:49.485594
SWdisable_memoryintensive7.json,2025-12-11T20:59:24.868474
swenable_mixed_w8_2.json,2026-01-03T10:43:08.745052
swenable_mixed_w12_2.json,2026-01-03T19:13:09.253803
swenable_mixed_w4_1.json,2026-01-03T07:58:34.204531
SWdisable_memoryintensive4.json,2025-12-11T09:09:29.021810
dvfs_log_cpuintensive3.json,2025-08-08T08:18:22.120539
dvfs_log_memoryintensive.json,2025-08-05T16:51:29.675227
swenable_cpuintensive_w10_1.json,2025-12-28T08:41:51.635518
mlpenable_cpuintensive.json,2025-11-22T15:07:51.110222
mlp.json,2025-11-22T09:42:01.867551
mlpdisable_mixed1.json,2026-02-16T23:35:28.335488
SWdisable_memoryintensive4.json,2025-12-11T09:09:58.516334
mlpdisable_cpuintensive2.json,2026-02-16T23:26:15.144094
swenable_cpuintensive_w4_1.json,2025-12-24T06:57:37.150836
swenable_cpuintensive7.json,2025-12-11T17:42:00.700770
SWenable_cpuintensive.json,2025-11-25T02:58:31.080694
swenable_mixed_w14_2.json,2026-01-03T21:03:16.225916
swenable_cpuintensive_w14_3.json,2025-12-28T15:43:16.325817
mlpenable_memoryintensive3.json,2026-02-17T00:11:41.745715
baseline_log_cpuintensive.json,2025-07-31T22:59:52.684319
SWdisable_memoryintensive7.json,2025-12-11T20:59:58.965030
SWdisable_memoryintensive4.json,2025-12-11T09:09:24.285495
mlpenable_cpuintensive.json,2025-11-22T15:10:38.890435
mlpenable_mixed1.json,2026-02-16T23:15:24.370975
swenable_memoryintensive_w14_1.json,2025-12-28T21:08:19.295364
dvfs_log_cpuIntensive.json,2025-07-31T23:55:32.010703
mlpenable_memoryintensive3.json,2026-02-17T00:09:51.943763
swenable_mixed_w4_1.json,2026-01-03T07:58:46.518522
dvfs_log_cpuintensive3.json,2025-08-08T08:20:56.909487
SWenable_cpuintensive8.json,2025-12-11T21:30:40.687702
SWenable_cpuintensive8.json,2025-12-11T21:30:46.328535
swenable_memoryintensive_w14_1.json,2025-12-28T21:07:27.935306
dvfs_log_memoryintensive.json,2025-08-05T16:50:22.356839
dvfs_log_memoryintensive2.json,2025-08-05T19:35:07.318441
mlpdisable_mixed1.json,2026-02-16T23:36:11.241475
mlpenable_memoryintensive3.json,2026-02-17T00:08:56.269811
SWenable_memoryintensive3.json,2025-12-11T06:10:16.966038
swenable_cpuintensive_w10_1.json,2025-12-28T08:41:39.635853
swenable_memoryintensive6.json,2025-12-11T15:33:25.511613
swenable_mixed_w12_2.json,2026-01-03T19:13:59.769004
swenable_cpuintensive_w12_2.json,2025-12-28T14:24:48.379770
swenable_cpuintensive_w10_2.json,2025-12-28T08:24:36.652454
swenable_cpuintensive_w12_1.json,2025-12-28T13:24:34.948071
SWenable_memoryintensive4.json,2025-12-11T08:59:11.921017
swenable_memoryintensive_w10_1.json,2025-12-28T08:49:17.973436
mlpenable_cpuintensive2.json,2026-02-16T22:57:56.352993
swenable_mixed_w10_2.json,2026-01-03T19:03:51.511253
swenable_cpuintensive5.json,2025-12-11T11:37:47.258322
swenable_memoryintensive_w14_3.json,2025-12-28T15:48:12.847753
mlpdisable_memoryintensive2.json,2026-02-16T23:28:43.738625
mlpdisable_memoryintensive3.json,2026-02-16T23:48:58.819664
mlpdisable_mixed1.json,2026-02-16T23:33:37.550644
swenable_memoryintensive_w12_2.json,2025-12-28T14:34:13.858737
baseline_log_cpuintensive.json,2025-07-31T23:02:27.253403
swenable_mixed_w8_1.json,2026-01-06T21:12:03.471031
mlpdisable_cpuintensive.json,2025-11-22T15:28:24.959719
SWenable_memoryintensive2.json,2025-11-25T08:04:27.078223
swenable_mixed_w8_1.json,2026-01-06T21:13:46.349127
swenable_memoryintensive_w10_2.json,2025-12-28T08:28:25.857928
SWdisable_memoryintensive4.json,2025-12-11T09:09:04.221204
swenable_mixed_w12_1.json,2026-01-03T20:21:42.409300
swenable_memoryintensive5.json,2025-12-11T12:52:58.240984
baseline_log_memoryintensive2.json,2025-08-05T19:26:24.096690
mlpenable_memoryintensive.json,2025-11-22T23:39:45.557187
mlpenable_memoryintensive3.json,2026-02-17T00:09:47.263783
swenable_cpuintensive_w6_1.json,2025-12-26T06:59:56.996665
mlp.json,2025-11-22T10:01:33.123483
mlpdisable_cpuintensive3.json,2026-02-16T23:45:30.925986
swenable_cpuintensive_w10_2.json,2025-12-28T08:22:08.549021
swenable_mixed_w6_2.json,2026-01-06T21:29:25.497314
SWenable_memoryintensive3.json,2025-12-11T06:07:54.962518
SW-disable_cpuintensive3.json,2025-12-10T23:18:34.048524
mlp.json,2025-11-22T10:01:37.653617
mlp.json,2025-11-22T09:55:33.274912
SWenable_cpuintensive8.json,2025-12-11T21:28:14.473930
mlpenable_mixed2.json,2026-02-17T00:16:52.252658
swenable_memoryintensive5.json,2025-12-11T12:51:06.917784
SWdisable_cpuintensive8.json,2025-12-11T21:10:43.890992
SWenable_cpuintensive.json,2025-11-25T02:57:58.322472
swenable_mixed_w12_2.json,2026-01-03T19:11:30.814569
mlp.json,2025-11-22T09:49:44.424143
swenable_memoryintensive_w12_2.json,2025-12-28T14:32:54.444060
swenable_memoryintensive_w4_2.json,2025-12-25T08:40:45.970614
SW-disable_cpuintensive3.json,2025-12-10T23:17:59.846337
mlp.json,2025-11-22T10:20:35.953491
SWenable_memoryintensive2.json,2025-11-25T08:04:21.733293
SWenable_memoryintensive3.json,2025-12-11T06:08:51.879462
baseline_log_cpuintensive.json,2025-07-31T22:59:20.528073
swenable_memoryintensive_w12_1.json,2025-12-28T13:32:27.304656
baseline_log_cpuintensive3.json,2025-08-08T08:28:30.853241
swenable_cpuintensive_w4_3.json,2025-12-24T07:56:41.204990
swenable_memoryintensive_w4_3.json,2025-12-25T09:07:59.837185
SWdisable_cpuintensive8.json,2025-12-11T21:10:09.189101
dvfs_log_memoryintensive3.json,2025-08-08T08:50:45.792457
baseline_log_cpuintensive3.json,2025-08-08T08:27:23.180387
mlp.json,2025-11-22T09:51:59.183924
SWdisable_memoryintensive7.json,2025-12-11T20:58:26.247251
baseline_log_memoryintensive2.json,2025-08-05T19:25:25.837153
swenable_cpuintensive7.json,2025-12-11T17:42:15.471655
baseline_log_cpuintensive3.json,2025-08-08T08:27:29.935088
swenable_cpuintensive_w6_2.json,2025-12-26T07:44:32.075361
mlpenable_memoryintensive.json,2025-11-22T23:37:40.375833
mlp.json,2025-11-22T10:02:10.273625
SWenable_memoryintensive4.json,2025-12-11T09:00:53.292355
swenable_cpuintensive_w6_3.json,2025-12-26T08:58:51.368711
swenable_cpuintensive_w4_2.json,2025-12-24T07:23:42.547513
swenable_memoryintensive7.json,2025-12-11T20:50:45.521655
swenable_memoryintensive_w4_3.json,2025-12-25T09:08:24.046568
dvfs_log_memoryintensive3.json,2025-08-08T08:49:37.301910
swenable_memoryintensive_w10_3.json,2025-12-28T07:29:07.320630
dvfs_log_cpuintensive2.json,2025-08-05T20:24:19.453614
swenable_memoryintensive_w4_3.json,2025-12-25T09:06:41.522072
dvfs_log_memoryintensive2.json,2025-08-05T19:35:23.548624
SWdisable_cpuintensive8.json,2025-12-11T21:11:32.254345
baseline_log_memoryintensive3.json,2025-08-08T08:43:23.841871
dvfs_log_memoryintensive2.json,2025-08-05T19:36:50.666086
SWdisable_memoryintensive7.json,2025-12-11T20:59:49.415852
mlpenable_cpuintensive.json,2025-11-22T15:06:41.924317
mlp.json,2025-11-22T09:53:36.494033
mlenable_memoryintensive2.json,2026-02-16T23:08:06.443948
swenable_cpuintensive_w10_2.json,2025-12-28T08:22:03.989129
swenable_mixed_w4_2.json,2026-01-03T08:33:41.483454
mlpenable_mixed2.json,2026-02-17T00:16:24.606464
mlpenable_cpuintensive3.json,2026-02-17T00:05:33.790109
mlp.json,2025-11-22T10:18:03.755352
swenable_cpuintensive_w4_2.json,2025-12-24T07:21:52.630976
swenable_mixed_w10_2.json,2026-01-03T19:02:15.252364
swenable_mixed_w10_2.json,2026-01-03T19:02:55.815016
SWdisable_memoryintensive7.json,2025-12-11T20:57:13.247578
swenable_memoryintensive5.json,2025-12-11T12:49:49.002787
mlp.json,2025-11-22T09:58:42.476487
mlpenable_mixed2.json,2026-02-17T00:16:10.623617
swenable_cpuintensive_w14_1.json,2025-12-28T20:59:34.182929
swenable_memoryintensive_w14_1.json,2025-12-28T21:07:53.524653
dvfs_log_cpuintensive2.json,2025-08-05T20:25:43.252195
mlp.json,2025-11-22T10:09:08.393321
swenable_memoryintensive_w14_1.json,2025-12-28T21:08:49.717146
dvfs_log_cpuintensive2.json,2025-08-05T20:25:04.559272
mlenable_memoryintensive2.json,2026-02-16T23:08:53.296640
mlpdisable_mixed1.json,2026-02-16T23:36:39.998919
mlp.json,2025-11-22T09:52:03.748023
swenable_cpuintensive_w14_1.json,2025-12-28T21:01:39.413839
baseline_log_memoryintensive.json,2025-08-05T17:09:17.999566
swenable_mixed_w14_2.json,2026-01-03T21:03:11.472387
swenable_mixed_w12_1.json,2026-01-03T20:19:50.954607
swenable_cpuintensive_w10_1.json,2025-12-28T08:38:41.440272
swenable_memoryintensive_w12_3.json,2025-12-28T15:22:37.043860
dvfs_log_cpuIntensive.json,2025-07-31T23:54:38.358696
swenable_memoryintensive_w6_2.json,2025-12-26T07:58:44.899925
mlenable_memoryintensive2.json,2026-02-16T23:10:43.418678
mlp.json,2025-11-22T09:53:03.798362
SWdisable_cpuintensive8.json,2025-12-11T21:13:24.225427
swenable_mixed_w10_1.json,2026-01-03T18:19:58.177655
mlpdisable_memoryintensive2.json,2026-02-16T23:30:10.482378
swenable_memoryintensive_w12_1.json,2025-12-28T13:35:39.174415
swenable_cpuintensive_w10_3.json,2025-12-28T07:10:30.910231
SWenable_cpuintensive8.json,2025-12-11T21:31:02.804423
mlpdisable_memoryintensive.json,2025-11-22T23:09:26.963473
dvfs_log_cpuintensive2.json,2025-08-05T20:25:27.034534
mlpenable_cpuintensive.json,2025-11-22T15:11:11.360028
SW-disable_cpuintensive3.json,2025-12-10T23:19:12.950664
swenable_cpuintensive_w4_2.json,2025-12-24T07:24:13.708064
SWenable_memoryintensive3.json,2025-12-11T06:08:31.092137
swenable_cpuintensive_w10_1.json,2025-12-28T08:42:33.058943
swenable_cpuintensive_w12_1.json,2025-12-28T13:26:01.783355
SWenable_memoryintensive4.json,2025-12-11T08:57:55.152178
SWenable_memoryintensive4.json,2025-12-11T08:58:44.318570
swenable_memoryintensive_w12_3.json,2025-12-28T15:22:42.488895
baseline_log_memoryintensive2.json,2025-08-05T19:24:30.866013
baseline_log_memoryintensive3.json,2025-08-08T08:44:07.950573
swenable_cpuintensive_w12_1.json,2025-12-28T13:26:11.807796
swenable_memoryintensive_w4_3.json,2025-12-25T09:06:12.919181
swenable_cpuintensive_w12_3.json,2025-12-28T15:14:31.259457
baseline_log_memoryintensive.json,2025-08-05T17:13:03.213672
swenable_mixed_w14_2.json,2026-01-03T21:05:01.486811
SWenable_memoryintensive4.json,2025-12-11T08:59:06.304442
mlp.json,2025-11-22T10:15:12.255409
dvfs_log_cpuIntensive.json,2025-07-31T23:57:23.449411
baseline_log_memoryintensive.json,2025-08-05T17:09:34.170049
mlpenable_mixed1.json,2026-02-16T23:15:48.210556
baseline_log_memoryintensive2.json,2025-08-05T19:22:27.783093
dvfs_log_memoryintensive2.json,2025-08-05T19:32:35.124521
swenable_cpuintensive_w6_1.json,2025-12-26T07:00:56.927868
swenable_mixed_w4_2.json,2026-01-03T08:29:15.618040
mlpdisable_memoryintensive3.json,2026-02-16T23:49:23.122938
dvfs_log_memoryintensive3.json,2025-08-08T08:47:42.961490
SWenable_memoryintensive2.json,2025-11-25T08:04:57.108915
swenable_memoryintensive6.json,2025-12-11T15:32:49.674251
swenable_cpuintensive_w10_3.json,2025-12-28T07:13:24.163936
swenable_cpuintensive_w12_3.json,2025-12-28T15:13:32.026094
SW-disable_cpuintensive3.json,2025-12-10T23:16:27.319367
mlenable_memoryintensive2.json,2026-02-16T23:06:32.226841
SWenable_memoryintensive2.json,2025-11-25T08:01:19.289133
mlp.json,2025-11-22T10:19:26.783312
mlp.json,2025-11-22T09:58:28.676815
dvfs_log_memoryintensive.json,2025-08-05T16:53:41.485782
dvfs_log_cpuIntensive.json,2025-07-31T23:54:55.055981
dvfs_log_memoryintensive.json,2025-08-05T16:53:38.092687
swenable_mixed_w14_2.json,2026-01-03T21:01:20.731114
mlp.json,2025-11-22T10:19:22.228671
SWenable_cpuintensive4.json,2025-12-11T07:01:26.573608
SW-disable_cpuintensive3.json,2025-12-10T23:20:35.961176
dvfs_log_cpuintensive3.json,2025-08-08T08:20:13.015609
swenable_cpuintensive6.json,2025-12-11T15:08:14.290274
mlp.json,2025-11-22T10:05:11.623849
mlp.json,2025-11-22T10:24:17.043026
SWenable_memoryintensive3.json,2025-12-11T06:10:32.796875
swenable_mixed_w4_1.json,2026-01-03T07:58:11.644591
SWenable_memoryintensive.json,2025-11-25T02:30:01.542754
swenable_cpuintensive_w14_1.json,2025-12-28T21:02:29.821820
mlpenable_cpuintensive2.json,2026-02-16T22:53:52.702838
baseline_log_memoryintensive2.json,2025-08-05T19:22:56.789431
mlpenable_memoryintensive.json,2025-11-22T23:40:36.895712
SWenable_memoryintensive2.json,2025-11-25T08:04:16.696942
swenable_memoryintensive6.json,2025-12-11T15:31:58.237973
dvfs_log_memoryintensive.json,2025-08-05T16:51:06.236437
SW-disable_cpuintensive3.json,2025-12-10T23:17:06.412752
mlpenable_cpuintensive2.json,2026-02-16T22:54:58.439003
baseline_log_memoryintensive2.json,2025-08-05T19:26:56.595612
SWenable_cpuintensive8.json,2025-12-11T21:31:59.772711
swenable_memoryintensive_w12_3.json,2025-12-28T15:21:52.755959
swenable_memoryintensive_w10_3.json,2025-12-28T07:27:11.704332
swenable_cpuintensive_w10_3.json,2025-12-28T07:13:18.988527
mlenable_memoryintensive2.json,2026-02-16T23:06:27.454771
swenable_memoryintensive_w4_1.json,2025-12-25T08:24:29.064550
swenable_mixed_w8_1.json,2026-01-06T21:16:37.564270
mlp.json,2025-11-22T09:40:33.754065
SWenable_memoryintensive4.json,2025-12-11T08:56:59.779633
swenable_cpuintensive_w4_1.json,2025-12-24T06:59:23.480788
mlp.json,2025-11-22T10:11:18.973659
SWenable_cpuintensive4.json,2025-12-11T06:59:34.792454
SWdisable_memoryintensive3.json,2025-12-11T06:00:56.106148
swenable_cpuintensive_w14_2.json,2025-12-28T19:55:37.400611
SWdisable_cpuintensive.json,2025-11-25T02:52:16.553515
dvfs_log_memoryintensive3.json,2025-08-08T08:47:53.269632
swenable_memoryintensive_w14_3.json,2025-12-28T15:48:19.145553
baseline_log_cpuintensive2.json,2025-08-05T20:17:17.018269
mlpenable_cpuintensive3.json,2026-02-17T00:04:54.808988
dvfs_log_memoryintensive3.json,2025-08-08T08:48:49.849785
mlpenable_mixed2.json,2026-02-17T00:17:52.451889
mlp.json,2025-11-22T10:10:41.623869
swenable_cpuintensive_w4_1.json,2025-12-24T06:58:32.602534
swenable_cpuintensive_w14_3.json,2025-12-28T15:42:22.757580
swenable_memoryintensive_w12_1.json,2025-12-28T13:34:16.693070
swenable_memoryintensive_w10_2.json,2025-12-28T08:28:10.776734
swenable_cpuintensive_w14_2.json,2025-12-28T19:53:19.084716
mlp.json,2025-11-22T09:55:14.469032
baseline_log_cpuintensive3.json,2025-08-08T08:28:20.762655
dvfs_log_cpuintensive3.json,2025-08-08T08:18:48.692147
mlpenable_cpuintensive3.json,2026-02-17T00:05:48.455475
SWdisable_cpuintensive8.json,2025-12-11T21:09:40.785281
swenable_memoryintensive5.json,2025-12-11T12:49:33.264721
swenable_mixed_w8_2.json,2026-01-03T10:42:18.628203
SWdisable_cpuintensive7.json,2025-12-11T17:35:23.442838
swenable_mixed_w6_1.json,2026-01-03T09:21:29.237355
swenable_cpuintensive_w4_3.json,2025-12-24T07:56:06.642057
dvfs_log_memoryintensive3.json,2025-08-08T08:47:49.763676
swenable_mixed_w12_1.json,2026-01-03T20:21:01.468132
swenable_memoryintensive_w10_3.json,2025-12-28T07:29:26.970763
SWenable_cpuintensive8.json,2025-12-11T21:32:38.086000
swenable_cpuintensive5.json,2025-12-11T11:40:47.476098
swenable_memoryintensive_w12_3.json,2025-12-28T15:19:46.451890
dvfs_log_cpuintensive3.json,2025-08-08T08:20:40.058690
swenable_memoryintensive_w4_1.json,2025-12-25T08:27:24.097829
swenable_cpuintensive_w14_2.json,2025-12-28T19:52:04.409295
mlp.json,2025-11-22T09:58:05.764124
SWdisable_memoryintensive7.json,2025-12-11T20:56:20.563862
mlpdisable_mixed1.json,2026-02-16T23:36:49.684289
SWenable_cpuintensive4.json,2025-12-11T07:02:31.232402
SWdisable_cpuintensive8.json,2025-12-11T21:12:50.403397
mlpenable_memoryintensive.json,2025-11-22T23:37:16.966016
baseline_log_cpuintensive2.json,2025-08-05T20:15:26.926866
swenable_mixed_w8_1.json,2026-01-06T21:12:33.822046
swenable_cpuintensive_w12_1.json,2025-12-28T13:24:10.864565
mlp.json,2025-11-22T10:21:54.181965
SWenable_memoryintensive3.json,2025-12-11T06:09:07.569174
mlpenable_memoryintensive3.json,2026-02-17T00:08:05.241581
swenable_cpuintensive_w10_1.json,2025-12-28T08:41:16.591161
SW-disable_cpuintensive3.json,2025-12-10T23:19:22.467789
swenable_cpuintensive_w4_1.json,2025-12-24T06:56:31.042511
swenable_cpuintensive_w14_1.json,2025-12-28T20:58:54.493275
mlpdisable_cpuintensive3.json,2026-02-16T23:44:36.787245
swenable_mixed_w8_2.json,2026-01-03T10:43:38.401018
mlp.json,2025-11-22T10:14:02.056619
mlpdisable_mixed1.json,2026-02-16T23:35:23.331743
baseline_log_cpuintensive2.json,2025-08-05T20:18:11.967414
SWdisable_memoryintensive8.json,2025-12-11T21:49:45.201538
swenable_mixed_w6_2.json,2026-01-06T21:30:46.034588
baseline_log_memoryintensive2.json,2025-08-05T19:27:06.226571
swenable_cpuintensive_w4_1.json,2025-12-24T06:59:38.880607
mlpdisable_memoryintensive.json,2025-11-22T23:11:09.036654
SWenable_memoryintensive3.json,2025-12-11T06:10:22.082591
mlp.json,2025-11-22T09:54:51.043988
swenable_memoryintensive_w10_2.json,2025-12-28T08:27:31.109238
swenable_mixed_w10_1.json,2026-01-03T18:22:36.438201
swenable_memoryintensive_w12_3.json,2025-12-28T15:18:47.459604
swenable_memoryintensive5.json,2025-12-11T12:52:02.115098
SWenable_memoryintensive.json,2025-11-25T02:30:11.974889
baseline_log_memoryintensive3.json,2025-08-08T08:41:56.182599
mlpdisable_cpuintensive2.json,2026-02-16T23:24:58.343188
swenable_cpuintensive_w12_3.json,2025-12-28T15:11:32.274520
SWdisable_memoryintensive8.json,2025-12-11T21:50:52.937463
swenable_cpuintensive_w14_3.json,2025-12-28T15:41:51.331877
swenable_cpuintensive6.json,2025-12-11T15:09:00.239640
SWdisable_memoryintensive2.json,2025-11-25T07:54:30.327573
swenable_cpuintensive_w14_2.json,2025-12-28T19:51:59.542711
swenable_mixed_w6_2.json,2026-01-06T21:26:30.727012
swenable_cpuintensive_w10_2.json,2025-12-28T08:21:24.827277
SWdisable_memoryintensive2.json,2025-11-25T07:55:21.205014
swenable_memoryintensive5.json,2025-12-11T12:50:43.009299
swenable_memoryintensive_w12_2.json,2025-12-28T14:34:46.446857
mlpenable_cpuintensive.json,2025-11-22T15:09:00.791687
SW-disable_cpuintensive3.json,2025-12-10T23:20:01.580449
swenable_mixed_w4_2.json,2026-01-03T08:30:06.369911
swenable_mixed_w8_1.json,2026-01-06T21:12:58.145941
mlpenable_memoryintensive3.json,2026-02-17T00:12:24.152391
mlpenable_mixed2.json,2026-02-17T00:15:14.386899
swenable_mixed_w6_1.json,2026-01-03T09:21:48.240739
mlp.json,2025-11-22T09:55:00.478819
dvfs_log_cpuintensive3.json,2025-08-08T08:17:37.554479
swenable_mixed_w6_1.json,2026-01-03T09:19:33.433804
swenable_mixed_w12_1.json,2026-01-03T20:17:30.364209
swenable_cpuintensive_w10_3.json,2025-12-28T07:12:43.747555
SWdisable_memoryintensive.json,2025-11-25T02:25:18.047350
SWdisable_cpuintensive4.json,2025-12-11T07:12:19.187584
mlpenable_mixed1.json,2026-02-16T23:14:21.206240
baseline_log_memoryintensive.json,2025-08-05T17:12:18.224246
swenable_mixed_w12_1.json,2026-01-03T20:16:55.742360
swenable_cpuintensive7.json,2025-12-11T17:41:36.933153
mlpenable_memoryintensive3.json,2026-02-17T00:12:14.843394
SWdisable_memoryintensive.json,2025-11-25T02:24:33.988689
swenable_memoryintensive_w10_3.json,2025-12-28T07:27:26.686176
mlpdisable_cpuintensive3.json,2026-02-16T23:46:19.505757
swenable_mixed_w4_1.json,2026-01-03T07:57:48.006949
mlpdisable_memoryintensive2.json,2026-02-16T23:30:29.874044
swenable_mixed_w6_1.json,2026-01-03T09:19:51.843230
mlp.json,2025-11-22T09:47:20.774306
swenable_cpuintensive_w12_2.json,2025-12-28T14:26:27.268964
mlpenable_memoryintensive.json,2025-11-22T23:39:26.715949
baseline_log_memoryintensive2.json,2025-08-05T19:26:40.268946
SWdisable_cpuintensive4.json,2025-12-11T07:08:45.516541
swenable_cpuintensive_w12_2.json,2025-12-28T14:27:03.009479
swenable_memoryintensive_w14_3.json,2025-12-28T15:47:08.345175
mlpenable_memoryintensive.json,2025-11-22T23:41:00.393590
swenable_cpuintensive_w12_3.json,2025-12-28T15:11:03.961527
swenable_memoryintensive_w10_3.json,2025-12-28T07:26:32.884003
swenable_memoryintensive_w12_3.json,2025-12-28T15:22:09.615286
swenable_memoryintensive_w14_1.json,2025-12-28T21:08:14.270679
SWenable_memoryintensive3.json,2025-12-11T06:10:43.964593
SW-disable_cpuintensive3.json,2025-12-10T23:21:10.382347
baseline_log_cpuintensive3.json,2025-08-08T08:27:06.379578
swenable_memoryintensive_w10_2.json,2025-12-28T08:32:06.193403
swenable_memoryintensive_w14_3.json,2025-12-28T15:46:14.782362
mlenable_memoryintensive2.json,2026-02-16T23:07:24.360400
baseline_log_memoryintensive3.json,2025-08-08T08:42:06.260456
SWdisable_cpuintensive.json,2025-11-25T02:52:55.472982
SWdisable_memoryintensive4.json,2025-12-11T09:06:19.211161
swenable_cpuintensive_w4_1.json,2025-12-24T06:56:35.656197
swenable_cpuintensive7.json,2025-12-11T17:43:48.705980
dvfs_log_cpuintensive3.json,2025-08-08T08:18:18.699205
SWenable_cpuintensive4.json,2025-12-11T07:03:36.703440
dvfs_log_cpuintensive3.json,2025-08-08T08:19:35.763115
swenable_cpuintensive_w4_1.json,2025-12-24T06:59:58.986531
swenable_memoryintensive6.json,2025-12-11T15:30:49.282229
mlp.json,2025-11-22T10:17:26.993642
swenable_memoryintensive_w12_2.json,2025-12-28T14:34:56.887187
swenable_cpuintensive_w12_2.json,2025-12-28T14:26:00.768599
baseline_log_memoryintensive.json,2025-08-05T17:11:52.567894
swenable_memoryintensive_w6_3.json,2025-12-26T09:03:55.821240
mlpdisable_cpuintensive.json,2025-11-22T15:29:11.372291
SWdisable_cpuintensive4.json,2025-12-11T07:09:58.021409
baseline_log_cpuintensive2.json,2025-08-05T20:15:43.065873
dvfs_log_memoryintensive3.json,2025-08-08T08:49:16.750255
swenable_memoryintensive_w14_3.json,2025-12-28T15:47:17.903916
SWdisable_cpuintensive.json,2025-11-25T02:52:31.493918
swenable_cpuintensive_w12_1.json,2025-12-28T13:25:15.914095
swenable_memoryintensive6.json,2025-12-11T15:34:00.896212
mlpenable_cpuintensive.json,2025-11-22T15:09:19.420191
swenable_cpuintensive_w6_3.json,2025-12-26T09:00:34.718048
mlpdisable_cpuintensive.json,2025-11-22T15:30:07.155786
swenable_cpuintensive5.json,2025-12-11T11:37:37.336988
baseline_log_memoryintensive2.json,2025-08-05T19:22:47.119384
swenable_mixed_w14_2.json,2026-01-03T21:03:00.619487
swenable_memoryintensive_w14_2.json,2025-12-28T19:57:37.000887
mlpenable_memoryintensive3.json,2026-02-17T00:11:22.431482
swenable_mixed_w14_1.json,2026-01-03T20:39:03.583876
swenable_memoryintensive5.json,2025-12-11T12:49:58.799799
mlpdisable_memoryintensive.json,2025-11-22T23:10:03.929313
mlpdisable_cpuintensive3.json,2026-02-16T23:43:29.518568
swenable_memoryintensive_w4_3.json,2025-12-25T09:09:50.139021
dvfs_log_cpuintensive2.json,2025-08-05T20:25:17.401749
mlpdisable_cpuintensive3.json,2026-02-16T23:42:12.966296
SWdisable_memoryintensive3.json,2025-12-11T06:02:47.638852
SWdisable_memoryintensive8.json,2025-12-11T21:49:20.866930
swenable_cpuintensive_w12_3.json,2025-12-28T15:14:20.038570
swenable_memoryintensive5.json,2025-12-11T12:52:22.667730
swenable_mixed_w6_1.json,2026-01-03T09:21:43.485154
dvfs_log_memoryintensive3.json,2025-08-08T08:50:11.611081
swenable_cpuintensive_w10_3.json,2025-12-28T07:11:52.889332
swenable_memoryintensive_w12_3.json,2025-12-28T15:20:17.789049
dvfs_log_cpuIntensive.json,2025-07-31T23:56:23.268694
swenable_cpuintensive_w6_2.json,2025-12-26T07:44:42.735316
swenable_mixed_w4_2.json,2026-01-03T08:29:49.185093
SW-disable_cpuintensive3.json,2025-12-10T23:19:32.416316
dvfs_log_memoryintensive3.json,2025-08-08T08:51:02.643733
swenable_cpuintensive_w10_1.json,2025-12-28T08:38:04.808211
mlp.json,2025-11-22T09:36:01.999975
SW-enable_cpuintensive3.json,2025-12-10T23:06:47.764891
swenable_memoryintensive_w12_2.json,2025-12-28T14:30:30.445309
swenable_mixed_w8_1.json,2026-01-06T21:13:36.687348
mlp.json,2025-11-22T10:13:15.263353
mlpdisable_memoryintensive3.json,2026-02-16T23:50:59.964970
dvfs_log_memoryintensive3.json,2025-08-08T08:50:18.274810
SWdisable_memoryintensive3.json,2025-12-11T06:01:44.489168
dvfs_log_memoryintensive3.json,2025-08-08T08:48:53.276488
mlp.json,2025-11-22T10:04:15.685762
baseline_log_memoryintensive.json,2025-08-05T17:10:09.491692
mlpenable_cpuintensive2.json,2026-02-16T22:56:08.681576
baseline_log_memoryintensive.json,2025-08-05T17:10:19.175342
SWdisable_cpuintensive7.json,2025-12-11T17:34:45.148459
swenable_memoryintensive_w14_2.json,2025-12-28T20:00:51.993759
mlp.json,2025-11-22T10:08:45.107860
swenable_cpuintensive_w4_3.json,2025-12-24T08:00:04.713980
mlp.json,2025-11-22T10:06:44.333709
mlpdisable_mixed2.json,2026-02-16T23:56:23.296712
mlpdisable_memoryintensive3.json,2026-02-16T23:51:29.028577
swenable_cpuintensive_w10_1.json,2025-12-28T08:40:41.298007
mlp.json,2025-11-22T10:21:49.653325
swenable_memoryintensive5.json,2025-12-11T12:52:48.018660
swenable_cpuintensive_w12_3.json,2025-12-28T15:10:49.722167
mlenable_memoryintensive2.json,2026-02-16T23:06:17.833943
mlp.json,2025-11-22T10:14:58.173160
mlp.json,2025-11-22T10:21:17.313133
swenable_cpuintensive_w6_2.json,2025-12-26T07:45:07.059427
baseline_log_memoryintensive2.json,2025-08-05T19:22:50.371210
swenable_mixed_w14_1.json,2026-01-03T20:41:53.921107
swenable_mixed_w10_1.json,2026-01-03T18:24:05.084687
swenable_mixed_w4_2.json,2026-01-03T08:33:28.874826
swenable_memoryintensive8.json,2025-12-11T21:42:15.506277
baseline_log_cpuintensive3.json,2025-08-08T08:29:17.996223
swenable_mixed_w12_1.json,2026-01-03T20:21:06.498191
swenable_mixed_w6_2.json,2026-01-06T21:29:30.884405
baseline_log_memoryintensive3.json,2025-08-08T08:43:51.026557
swenable_mixed_w10_1.json,2026-01-03T18:23:40.775891
mlpdisable_memoryintensive3.json,2026-02-16T23:51:48.333294
swenable_cpuintensive_w4_2.json,2025-12-24T07:25:40.658928
swenable_memoryintensive5.json,2025-12-11T12:50:22.778101
swenable_mixed_w14_1.json,2026-01-03T20:41:23.737276
swenable_memoryintensive5.json,2025-12-11T12:53:38.856630
mlpenable_memoryintensive3.json,2026-02-17T00:08:37.718943
dvfs_log_memoryintensive.json,2025-08-05T16:54:01.693976
SWdisable_memoryintensive4.json,2025-12-11T09:08:54.641844
swenable_cpuintensive_w12_2.json,2025-12-28T14:24:39.132045
baseline_log_memoryintensive.json,2025-08-05T17:10:32.070995
SWenable_memoryintensive3.json,2025-12-11T06:08:36.599966
mlpenable_cpuintensive2.json,2026-02-16T22:57:51.767273
