source_file,timestamp
SWdisable_cpuintensive.json,2025-11-19T08:38:18.813564
SWdisable_cpuintensive.json,2025-11-19T08:21:45.202472
SWdisable_cpuintensive.json,2025-11-19T08:05:21.400360
SWdisable_cpuintensive.json,2025-11-19T07:19:57.049316
SWdisable_cpuintensive.json,2025-11-19T08:23:01.782729
SWdisable_cpuintensive.json,2025-11-19T06:45:04.622702
SWdisable_cpuintensive.json,2025-11-19T07:27:54.677495
SWdisable_cpuintensive.json,2025-11-19T07:50:55.971002
monitoring_log_20251118_031154.json,2025-11-18T03:36:39.061250
SWdisable_cpuintensive.json,2025-11-19T07:04:09.478751
SWdisable_cpuintensive.json,2025-11-19T09:01:30.516368
SWdisable_cpuintensive.json,2025-11-19T06:39:50.373113
monitoring_log_20251118_031154.json,2025-11-18T06:27:26.957759
SWdisable_cpuintensive.json,2025-11-19T07:57:52.175725
monitoring_log_20251118_031154.json,2025-11-18T06:50:57.511266
SWdisable_cpuintensive.json,2025-11-19T08:07:45.137902
SWdisable_cpuintensive.json,2025-11-19T07:33:30.442347
monitoring_log_20251118_031154.json,2025-11-18T08:08:22.887505
SWdisable_cpuintensive.json,2025-11-19T07:42:09.963679
SWdisable_cpuintensive.json,2025-11-19T07:31:48.281545
monitoring_log_20251118_031154.json,2025-11-18T06:35:43.059028
SWdisable_cpuintensive.json,2025-11-19T06:31:00.499678
monitoring_log_20251117_224220.json,2025-11-17T23:15:00.733983
SWdisable_cpuintensive.json,2025-11-19T08:28:32.870843
baseline_log_cpuintensive.json,2025-07-31T23:00:18.450764
monitoring_log_20251117_224220.json,2025-11-17T22:55:06.102877
SWdisable_cpuintensive.json,2025-11-19T05:56:23.459109
monitoring_log_20251118_031154.json,2025-11-18T03:26:07.600671
SWdisable_cpuintensive.json,2025-11-19T06:15:01.551563
SWdisable_cpuintensive.json,2025-11-19T07:58:09.108788
monitoring_log_20251118_031154.json,2025-11-18T07:28:51.589155
monitoring_log_20251117_224220.json,2025-11-17T23:42:45.067025
SWdisable_cpuintensive.json,2025-11-19T07:33:13.342243
monitoring_log_20251118_031154.json,2025-11-18T07:37:32.377333
monitoring_log_20251117_224220.json,2025-11-17T23:30:40.810780
monitoring_log_20251118_031154.json,2025-11-18T07:21:35.810303
monitoring_log_20251117_224220.json,2025-11-17T23:12:50.263559
SWdisable_cpuintensive.json,2025-11-19T06:35:23.483591
SWdisable_cpuintensive.json,2025-11-19T08:01:40.950496
SWdisable_cpuintensive.json,2025-11-19T06:13:28.878373
SWdisable_cpuintensive.json,2025-11-19T06:09:15.049553
monitoring_log_20251117_224220.json,2025-11-17T23:37:31.674894
SWdisable_cpuintensive.json,2025-11-19T06:26:03.596321
monitoring_log_20251118_031154.json,2025-11-18T06:43:16.151090
SWdisable_cpuintensive.json,2025-11-19T06:18:59.161700
SWdisable_cpuintensive.json,2025-11-19T06:01:37.517010
monitoring_log_20251117_224220.json,2025-11-17T23:46:22.091605
SWdisable_cpuintensive.json,2025-11-19T06:29:02.125403
baseline_log_cpuintensive.json,2025-07-31T22:59:49.477036
SWdisable_cpuintensive.json,2025-11-19T06:42:06.184830
SWdisable_cpuintensive.json,2025-11-19T06:46:04.566240
SWdisable_cpuintensive.json,2025-11-19T06:04:35.727077
monitoring_log_20251117_224220.json,2025-11-17T23:08:57.068698
monitoring_log_20251118_031154.json,2025-11-18T03:16:58.936131
SWdisable_cpuintensive.json,2025-11-19T08:45:40.127239
monitoring_log_20251118_031154.json,2025-11-18T08:09:40.154859
SWdisable_cpuintensive.json,2025-11-19T06:30:01.415641
monitoring_log_20251118_031154.json,2025-11-18T07:27:00.429780
SWdisable_cpuintensive.json,2025-11-19T06:51:34.096986
SWdisable_cpuintensive.json,2025-11-19T07:48:23.221730
monitoring_log_20251117_224220.json,2025-11-17T23:26:30.584072
SWdisable_cpuintensive.json,2025-11-19T07:42:35.779178
SWdisable_cpuintensive.json,2025-11-19T05:50:01.774539
monitoring_log_20251118_031154.json,2025-11-18T08:11:14.102187
SWdisable_cpuintensive.json,2025-11-19T06:57:13.630538
monitoring_log_20251118_031154.json,2025-11-18T07:30:16.545270
SWdisable_cpuintensive.json,2025-11-19T08:21:36.797918
SWdisable_cpuintensive.json,2025-11-19T08:14:49.352498
SWdisable_cpuintensive.json,2025-11-19T06:56:56.529369
monitoring_log_20251117_224220.json,2025-11-17T22:56:41.527020
SWdisable_cpuintensive.json,2025-11-19T06:52:24.965014
SWdisable_cpuintensive.json,2025-11-19T05:27:09.987363
monitoring_log_20251117_224220.json,2025-11-17T23:43:36.447259
monitoring_log_20251118_031154.json,2025-11-18T08:09:31.613513
SWdisable_cpuintensive.json,2025-11-19T06:27:03.519070
baseline_log_cpuintensive.json,2025-07-31T22:59:01.221489
SWdisable_cpuintensive.json,2025-11-19T05:51:09.438574
monitoring_log_20251117_224220.json,2025-11-17T23:14:43.078142
monitoring_log_20251117_224220.json,2025-11-17T23:01:53.380198
SWdisable_cpuintensive.json,2025-11-19T06:38:50.541803
SWdisable_cpuintensive.json,2025-11-19T07:47:24.196837
monitoring_log_20251118_031154.json,2025-11-18T07:14:19.720213
SWdisable_cpuintensive.json,2025-11-19T05:36:35.866456
monitoring_log_20251118_031154.json,2025-11-18T03:20:42.444482
monitoring_log_20251118_031154.json,2025-11-18T07:25:26.508805
monitoring_log_20251118_031154.json,2025-11-18T03:28:23.476184
SWdisable_cpuintensive.json,2025-11-19T08:55:42.567370
SWdisable_cpuintensive.json,2025-11-19T08:41:25.314531
SWdisable_cpuintensive.json,2025-11-19T06:33:24.565307
SWdisable_cpuintensive.json,2025-11-19T08:06:29.045337
monitoring_log_20251117_224220.json,2025-11-17T23:17:27.818714
SWdisable_cpuintensive.json,2025-11-19T08:26:25.954362
SWdisable_cpuintensive.json,2025-11-19T07:36:11.500107
monitoring_log_20251118_031154.json,2025-11-18T08:05:23.795784
monitoring_log_20251118_031154.json,2025-11-18T06:54:05.472258
SWdisable_cpuintensive.json,2025-11-19T07:29:28.653737
SWdisable_cpuintensive.json,2025-11-19T06:28:02.506976
SWdisable_cpuintensive.json,2025-11-19T05:54:41.925840
SWdisable_cpuintensive.json,2025-11-19T07:01:11.971360
SWdisable_cpuintensive.json,2025-11-19T05:48:11.580269
SWdisable_cpuintensive.json,2025-11-19T07:37:53.680251
monitoring_log_20251118_031154.json,2025-11-18T07:18:10.826006
monitoring_log_20251118_031154.json,2025-11-18T03:16:50.362368
monitoring_log_20251117_224220.json,2025-11-17T23:35:23.192394
SWdisable_cpuintensive.json,2025-11-19T06:25:29.762937
SWdisable_cpuintensive.json,2025-11-19T06:25:04.284923
SWdisable_cpuintensive.json,2025-11-19T07:23:02.833128
monitoring_log_20251117_224220.json,2025-11-17T23:28:48.914913
monitoring_log_20251118_031154.json,2025-11-18T06:54:31.152311
monitoring_log_20251117_224220.json,2025-11-17T23:48:12.981467
SWdisable_cpuintensive.json,2025-11-19T07:38:27.387026
baseline_log_cpuintensive.json,2025-07-31T22:59:27.035576
SWdisable_cpuintensive.json,2025-11-19T05:32:31.835244
SWdisable_cpuintensive.json,2025-11-19T05:57:14.900420
monitoring_log_20251117_224220.json,2025-11-17T23:12:24.526557
SWdisable_cpuintensive.json,2025-11-19T05:28:51.578342
SWdisable_cpuintensive.json,2025-11-19T05:30:33.317462
SWdisable_cpuintensive.json,2025-11-19T07:37:45.232764
SWdisable_cpuintensive.json,2025-11-19T08:52:09.919855
monitoring_log_20251118_031154.json,2025-11-18T06:52:39.871306
monitoring_log_20251118_031154.json,2025-11-18T07:37:23.851742
SWdisable_cpuintensive.json,2025-11-19T05:32:57.346432
SWdisable_cpuintensive.json,2025-11-19T06:08:49.756529
monitoring_log_20251117_224220.json,2025-11-17T23:39:07.395349
SWdisable_cpuintensive.json,2025-11-19T08:56:08.290159
monitoring_log_20251118_031154.json,2025-11-18T06:32:34.877354
monitoring_log_20251117_224220.json,2025-11-17T23:05:47.453407
SWdisable_cpuintensive.json,2025-11-19T09:02:12.983057
SWdisable_cpuintensive.json,2025-11-19T08:08:02.118386
SWdisable_cpuintensive.json,2025-11-19T07:37:11.129910
SWdisable_cpuintensive.json,2025-11-19T08:59:48.598334
SWdisable_cpuintensive.json,2025-11-19T06:59:55.248387
SWdisable_cpuintensive.json,2025-11-19T05:40:58.745924
monitoring_log_20251118_031154.json,2025-11-18T08:13:13.906847
monitoring_log_20251118_031154.json,2025-11-18T07:31:25.157922
SWdisable_cpuintensive.json,2025-11-19T07:13:19.215037
monitoring_log_20251118_031154.json,2025-11-18T08:04:41.052903
SWdisable_cpuintensive.json,2025-11-19T08:04:05.217398
monitoring_log_20251117_224220.json,2025-11-17T23:17:01.888514
monitoring_log_20251117_224220.json,2025-11-17T23:07:56.198531
SWdisable_cpuintensive.json,2025-11-19T05:43:23.125984
SWdisable_cpuintensive.json,2025-11-19T08:28:24.418242
SWdisable_cpuintensive.json,2025-11-19T08:17:04.954098
monitoring_log_20251118_031154.json,2025-11-18T03:29:57.846585
monitoring_log_20251118_031154.json,2025-11-18T07:38:32.626414
SWdisable_cpuintensive.json,2025-11-19T07:32:30.619741
monitoring_log_20251117_224220.json,2025-11-17T23:29:49.292932
monitoring_log_20251117_224220.json,2025-11-17T23:05:21.820346
SWdisable_cpuintensive.json,2025-11-19T08:35:03.541269
SWdisable_cpuintensive.json,2025-11-19T05:50:52.457707
monitoring_log_20251117_224220.json,2025-11-17T23:04:03.829844
SWdisable_cpuintensive.json,2025-11-19T06:28:28.001555
monitoring_log_20251117_224220.json,2025-11-17T23:41:04.213708
monitoring_log_20251117_224220.json,2025-11-17T23:47:21.881506
SWdisable_cpuintensive.json,2025-11-19T06:40:49.858698
monitoring_log_20251118_031154.json,2025-11-18T03:18:07.166891
monitoring_log_20251118_031154.json,2025-11-18T06:27:09.951576
SWdisable_cpuintensive.json,2025-11-19T08:06:20.632607
SWdisable_cpuintensive.json,2025-11-19T05:31:32.606988
SWdisable_cpuintensive.json,2025-11-19T07:19:40.142322
monitoring_log_20251117_224220.json,2025-11-17T23:01:36.182220
SWdisable_cpuintensive.json,2025-11-19T08:22:10.520273
monitoring_log_20251117_224220.json,2025-11-17T22:45:53.155386
SWdisable_cpuintensive.json,2025-11-19T08:23:52.823874
monitoring_log_20251117_224220.json,2025-11-17T23:19:36.372900
SWdisable_cpuintensive.json,2025-11-19T08:36:19.923323
monitoring_log_20251118_031154.json,2025-11-18T06:38:51.078503
monitoring_log_20251118_031154.json,2025-11-18T07:12:37.038396
monitoring_log_20251117_224220.json,2025-11-17T23:18:27.817513
SWdisable_cpuintensive.json,2025-11-19T06:05:17.866479
SWdisable_cpuintensive.json,2025-11-19T06:23:05.491308
monitoring_log_20251118_031154.json,2025-11-18T03:14:42.434350
SWdisable_cpuintensive.json,2025-11-19T08:27:16.730068
SWdisable_cpuintensive.json,2025-11-19T07:59:25.472098
SWdisable_cpuintensive.json,2025-11-19T08:02:14.877152
SWdisable_cpuintensive.json,2025-11-19T05:26:44.618194
monitoring_log_20251117_224220.json,2025-11-17T23:23:11.685282
monitoring_log_20251117_224220.json,2025-11-17T22:48:53.495134
SWdisable_cpuintensive.json,2025-11-19T07:22:20.676287
monitoring_log_20251118_031154.json,2025-11-18T06:54:56.793222
monitoring_log_20251117_224220.json,2025-11-17T23:35:40.236902
SWdisable_cpuintensive.json,2025-11-19T06:47:21.189156
SWdisable_cpuintensive.json,2025-11-19T07:19:31.616488
SWdisable_cpuintensive.json,2025-11-19T05:47:29.179570
SWdisable_cpuintensive.json,2025-11-19T07:16:50.695573
SWdisable_cpuintensive.json,2025-11-19T05:28:43.042205
SWdisable_cpuintensive.json,2025-11-19T05:35:45.115400
monitoring_log_20251117_224220.json,2025-11-17T22:53:56.539229
monitoring_log_20251118_031154.json,2025-11-18T07:23:18.226654
monitoring_log_20251118_031154.json,2025-11-18T07:14:45.256226
monitoring_log_20251117_224220.json,2025-11-17T23:12:41.765824
SWdisable_cpuintensive.json,2025-11-19T06:33:50.018982
SWdisable_cpuintensive.json,2025-11-19T06:10:23.109470
monitoring_log_20251118_031154.json,2025-11-18T07:29:59.609940
SWdisable_cpuintensive.json,2025-11-19T06:24:13.538312
SWdisable_cpuintensive.json,2025-11-19T08:30:06.258502
SWdisable_cpuintensive.json,2025-11-19T07:43:09.664599
monitoring_log_20251118_031154.json,2025-11-18T08:03:49.792967
SWdisable_cpuintensive.json,2025-11-19T07:06:49.933003
SWdisable_cpuintensive.json,2025-11-19T05:44:30.695828
SWdisable_cpuintensive.json,2025-11-19T06:35:06.395503
SWdisable_cpuintensive.json,2025-11-19T07:40:36.103152
SWdisable_cpuintensive.json,2025-11-19T05:42:23.588333
SWdisable_cpuintensive.json,2025-11-19T08:11:42.418328
SWdisable_cpuintensive.json,2025-11-19T05:29:00.007385
monitoring_log_20251118_031154.json,2025-11-18T06:34:26.049232
monitoring_log_20251117_224220.json,2025-11-17T23:06:30.552020
SWdisable_cpuintensive.json,2025-11-19T08:05:55.219784
SWdisable_cpuintensive.json,2025-11-19T07:17:58.660559
monitoring_log_20251118_031154.json,2025-11-18T07:28:34.538623
baseline_log_cpuintensive.json,2025-07-31T22:58:38.787067
SWdisable_cpuintensive.json,2025-11-19T07:10:55.389947
monitoring_log_20251117_224220.json,2025-11-17T23:47:30.407866
baseline_log_cpuintensive.json,2025-07-31T22:59:43.063483
monitoring_log_20251118_031154.json,2025-11-18T06:30:09.218028
monitoring_log_20251118_031154.json,2025-11-18T06:40:33.727513
SWdisable_cpuintensive.json,2025-11-19T07:42:27.177646
monitoring_log_20251118_031154.json,2025-11-18T06:28:01.099904
SWdisable_cpuintensive.json,2025-11-19T06:21:57.843287
SWdisable_cpuintensive.json,2025-11-19T06:50:17.412471
SWdisable_cpuintensive.json,2025-11-19T05:47:54.674333
SWdisable_cpuintensive.json,2025-11-19T05:48:36.935899
SWdisable_cpuintensive.json,2025-11-19T07:41:52.732296
monitoring_log_20251117_224220.json,2025-11-17T23:15:35.298281
monitoring_log_20251118_031154.json,2025-11-18T06:31:43.421487
SWdisable_cpuintensive.json,2025-11-19T05:53:17.190382
SWdisable_cpuintensive.json,2025-11-19T08:43:24.315614
monitoring_log_20251118_031154.json,2025-11-18T07:32:58.967208
monitoring_log_20251117_224220.json,2025-11-17T23:19:19.344806
SWdisable_cpuintensive.json,2025-11-19T06:18:08.003634
SWdisable_cpuintensive.json,2025-11-19T08:27:42.136576
SWdisable_cpuintensive.json,2025-11-19T08:04:13.788927
SWdisable_cpuintensive.json,2025-11-19T07:16:25.225333
baseline_log_cpuintensive.json,2025-07-31T23:02:20.707932
SWdisable_cpuintensive.json,2025-11-19T05:44:56.160110
monitoring_log_20251118_031154.json,2025-11-18T07:36:32.955455
monitoring_log_20251118_031154.json,2025-11-18T07:16:11.090357
SWdisable_cpuintensive.json,2025-11-19T08:30:48.762915
SWdisable_cpuintensive.json,2025-11-19T08:48:29.785593
SWdisable_cpuintensive.json,2025-11-19T07:15:42.930346
monitoring_log_20251117_224220.json,2025-11-17T22:52:12.862763
monitoring_log_20251117_224220.json,2025-11-17T22:54:57.502878
SWdisable_cpuintensive.json,2025-11-19T07:55:10.598926
monitoring_log_20251117_224220.json,2025-11-17T22:53:47.889632
monitoring_log_20251117_224220.json,2025-11-17T23:30:15.016672
SWdisable_cpuintensive.json,2025-11-19T07:34:38.118772
baseline_log_cpuintensive.json,2025-07-31T22:59:10.839393
SWdisable_cpuintensive.json,2025-11-19T08:57:41.565755
monitoring_log_20251118_031154.json,2025-11-18T06:32:09.065641
SWdisable_cpuintensive.json,2025-11-19T06:32:08.101746
SWdisable_cpuintensive.json,2025-11-19T06:20:15.865662
SWdisable_cpuintensive.json,2025-11-19T06:21:32.087242
monitoring_log_20251118_031154.json,2025-11-18T07:13:53.888842
monitoring_log_20251117_224220.json,2025-11-17T23:28:05.781362
SWdisable_cpuintensive.json,2025-11-19T06:03:19.305217
monitoring_log_20251118_031154.json,2025-11-18T07:34:33.450540
monitoring_log_20251118_031154.json,2025-11-18T06:41:16.349681
SWdisable_cpuintensive.json,2025-11-19T06:34:57.913598
monitoring_log_20251118_031154.json,2025-11-18T06:52:31.334225
SWdisable_cpuintensive.json,2025-11-19T05:59:21.893318
monitoring_log_20251117_224220.json,2025-11-17T23:12:59.001193
SWdisable_cpuintensive.json,2025-11-19T07:12:28.625038
SWdisable_cpuintensive.json,2025-11-19T07:20:55.929334
SWdisable_cpuintensive.json,2025-11-19T05:47:12.314225
SWdisable_cpuintensive.json,2025-11-19T06:08:24.268504
monitoring_log_20251118_031154.json,2025-11-18T06:27:35.449408
SWdisable_cpuintensive.json,2025-11-19T07:20:39.118316
monitoring_log_20251117_224220.json,2025-11-17T23:31:23.576192
SWdisable_cpuintensive.json,2025-11-19T05:42:32.149925
SWdisable_cpuintensive.json,2025-11-19T08:22:44.637102
monitoring_log_20251117_224220.json,2025-11-17T23:20:36.066895
monitoring_log_20251118_031154.json,2025-11-18T06:34:43.256936
SWdisable_cpuintensive.json,2025-11-19T08:16:48.045092
monitoring_log_20251118_031154.json,2025-11-18T03:21:25.473025
monitoring_log_20251117_224220.json,2025-11-17T22:46:52.849859
SWdisable_cpuintensive.json,2025-11-19T07:18:32.537822
SWdisable_cpuintensive.json,2025-11-19T07:46:58.668308
SWdisable_cpuintensive.json,2025-11-19T08:33:47.078834
monitoring_log_20251118_031154.json,2025-11-18T03:17:15.972931
SWdisable_cpuintensive.json,2025-11-19T05:53:08.725241
monitoring_log_20251117_224220.json,2025-11-17T23:09:31.293809
monitoring_log_20251117_224220.json,2025-11-17T22:56:23.789610
SWdisable_cpuintensive.json,2025-11-19T07:40:44.746547
SWdisable_cpuintensive.json,2025-11-19T08:59:14.824062
monitoring_log_20251118_031154.json,2025-11-18T03:31:23.157999
monitoring_log_20251118_031154.json,2025-11-18T06:42:24.701066
SWdisable_cpuintensive.json,2025-11-19T07:48:57.226843
SWdisable_cpuintensive.json,2025-11-19T07:55:27.522582
monitoring_log_20251117_224220.json,2025-11-17T23:22:36.719436
SWdisable_cpuintensive.json,2025-11-19T06:21:23.671852
SWdisable_cpuintensive.json,2025-11-19T08:22:36.088346
SWdisable_cpuintensive.json,2025-11-19T06:05:34.748674
SWdisable_cpuintensive.json,2025-11-19T08:43:49.727327
monitoring_log_20251118_031154.json,2025-11-18T07:35:07.614010
monitoring_log_20251118_031154.json,2025-11-18T06:39:33.715418
SWdisable_cpuintensive.json,2025-11-19T07:55:02.070953
monitoring_log_20251117_224220.json,2025-11-17T23:37:22.759600
monitoring_log_20251118_031154.json,2025-11-18T08:03:15.671106
SWdisable_cpuintensive.json,2025-11-19T05:51:34.820388
SWdisable_cpuintensive.json,2025-11-19T07:54:28.077675
monitoring_log_20251117_224220.json,2025-11-17T23:16:01.308384
SWdisable_cpuintensive.json,2025-11-19T06:04:18.753121
SWdisable_cpuintensive.json,2025-11-19T05:58:14.089872
monitoring_log_20251118_031154.json,2025-11-18T03:17:50.104038
SWdisable_cpuintensive.json,2025-11-19T08:57:50.067406
SWdisable_cpuintensive.json,2025-11-19T07:05:08.869538
baseline_log_cpuintensive.json,2025-07-31T22:59:36.650880
monitoring_log_20251117_224220.json,2025-11-17T22:55:14.871096
SWdisable_cpuintensive.json,2025-11-19T08:41:50.792912
SWdisable_cpuintensive.json,2025-11-19T06:52:50.289163
SWdisable_cpuintensive.json,2025-11-19T08:04:22.292374
monitoring_log_20251117_224220.json,2025-11-17T23:31:40.718655
SWdisable_cpuintensive.json,2025-11-19T06:20:58.221860
monitoring_log_20251117_224220.json,2025-11-17T23:20:10.457582
SWdisable_cpuintensive.json,2025-11-19T07:11:54.905623
monitoring_log_20251118_031154.json,2025-11-18T06:51:48.756320
monitoring_log_20251118_031154.json,2025-11-18T03:18:58.513335
monitoring_log_20251118_031154.json,2025-11-18T06:31:09.341588
SWdisable_cpuintensive.json,2025-11-19T05:38:09.075018
monitoring_log_20251117_224220.json,2025-11-17T23:10:41.163132
SWdisable_cpuintensive.json,2025-11-19T08:08:19.045064
monitoring_log_20251117_224220.json,2025-11-17T23:19:10.867151
SWdisable_cpuintensive.json,2025-11-19T06:31:08.914305
SWdisable_cpuintensive.json,2025-11-19T07:53:37.380758
monitoring_log_20251118_031154.json,2025-11-18T06:52:48.468817
SWdisable_cpuintensive.json,2025-11-19T05:55:24.354575
SWdisable_cpuintensive.json,2025-11-19T05:56:06.568772
monitoring_log_20251117_224220.json,2025-11-17T23:25:30.009690
monitoring_log_20251118_031154.json,2025-11-18T03:19:42.220004
SWdisable_cpuintensive.json,2025-11-19T05:39:08.402309
SWdisable_cpuintensive.json,2025-11-19T05:29:50.851760
SWdisable_cpuintensive.json,2025-11-19T08:50:03.072818
monitoring_log_20251117_224220.json,2025-11-17T23:17:45.224122
SWdisable_cpuintensive.json,2025-11-19T07:17:24.796796
baseline_log_cpuintensive.json,2025-07-31T23:01:22.804981
monitoring_log_20251118_031154.json,2025-11-18T07:20:27.460147
monitoring_log_20251118_031154.json,2025-11-18T07:18:27.964762
SWdisable_cpuintensive.json,2025-11-19T08:28:49.735040
SWdisable_cpuintensive.json,2025-11-19T06:15:26.896324
SWdisable_cpuintensive.json,2025-11-19T08:32:30.835756
monitoring_log_20251118_031154.json,2025-11-18T07:15:28.235446
monitoring_log_20251118_031154.json,2025-11-18T03:32:14.187184
SWdisable_cpuintensive.json,2025-11-19T08:11:25.440534
SWdisable_cpuintensive.json,2025-11-19T07:55:36.033492
monitoring_log_20251118_031154.json,2025-11-18T06:42:59.019157
SWdisable_cpuintensive.json,2025-11-19T06:39:41.854656
monitoring_log_20251117_224220.json,2025-11-17T23:21:02.072632
SWdisable_cpuintensive.json,2025-11-19T05:53:25.628272
monitoring_log_20251117_224220.json,2025-11-17T23:41:30.947737
SWdisable_cpuintensive.json,2025-11-19T07:03:10.318544
SWdisable_cpuintensive.json,2025-11-19T07:44:51.548637
monitoring_log_20251118_031154.json,2025-11-18T08:06:57.589303
SWdisable_cpuintensive.json,2025-11-19T07:22:37.516257
monitoring_log_20251118_031154.json,2025-11-18T08:06:49.068925
SWdisable_cpuintensive.json,2025-11-19T06:43:31.220733
monitoring_log_20251117_224220.json,2025-11-17T23:13:59.975634
SWdisable_cpuintensive.json,2025-11-19T05:54:16.222231
SWdisable_cpuintensive.json,2025-11-19T06:15:18.489900
SWdisable_cpuintensive.json,2025-11-19T08:37:02.357907
monitoring_log_20251118_031154.json,2025-11-18T06:36:34.709689
SWdisable_cpuintensive.json,2025-11-19T07:42:01.392438
SWdisable_cpuintensive.json,2025-11-19T07:27:12.258558
monitoring_log_20251117_224220.json,2025-11-17T23:16:52.918739
SWdisable_cpuintensive.json,2025-11-19T06:22:48.582752
monitoring_log_20251118_031154.json,2025-11-18T06:40:16.503637
monitoring_log_20251117_224220.json,2025-11-17T23:14:52.049905
monitoring_log_20251118_031154.json,2025-11-18T07:33:50.597289
SWdisable_cpuintensive.json,2025-11-19T08:20:03.308002
SWdisable_cpuintensive.json,2025-11-19T08:12:50.397704
SWdisable_cpuintensive.json,2025-11-19T06:41:57.735644
baseline_log_cpuintensive.json,2025-07-31T23:00:34.485596
SWdisable_cpuintensive.json,2025-11-19T06:28:53.557413
SWdisable_cpuintensive.json,2025-11-19T08:20:11.732864
monitoring_log_20251118_031154.json,2025-11-18T06:33:34.780606
SWdisable_cpuintensive.json,2025-11-19T08:27:08.266824
monitoring_log_20251117_224220.json,2025-11-17T23:11:24.199249
SWdisable_cpuintensive.json,2025-11-19T07:12:45.465567
SWdisable_cpuintensive.json,2025-11-19T08:17:13.421450
SWdisable_cpuintensive.json,2025-11-19T07:16:42.164192
SWdisable_cpuintensive.json,2025-11-19T06:01:54.555251
SWdisable_cpuintensive.json,2025-11-19T08:14:23.826615
SWdisable_cpuintensive.json,2025-11-19T07:51:04.509156
monitoring_log_20251117_224220.json,2025-11-17T23:45:39.022469
SWdisable_cpuintensive.json,2025-11-19T06:00:04.104598
SWdisable_cpuintensive.json,2025-11-19T05:37:01.311464
SWdisable_cpuintensive.json,2025-11-19T05:58:56.449095
monitoring_log_20251118_031154.json,2025-11-18T03:17:58.654051
SWdisable_cpuintensive.json,2025-11-19T09:02:21.416183
monitoring_log_20251118_031154.json,2025-11-18T06:28:52.219580
monitoring_log_20251117_224220.json,2025-11-17T23:47:38.988862
SWdisable_cpuintensive.json,2025-11-19T08:48:46.652069
monitoring_log_20251118_031154.json,2025-11-18T07:35:50.084617
SWdisable_cpuintensive.json,2025-11-19T06:51:25.552661
monitoring_log_20251118_031154.json,2025-11-18T07:13:11.142324
monitoring_log_20251118_031154.json,2025-11-18T07:32:07.776912
monitoring_log_20251117_224220.json,2025-11-17T23:49:38.180726
monitoring_log_20251117_224220.json,2025-11-17T23:29:40.784379
SWdisable_cpuintensive.json,2025-11-19T08:46:39.331409
SWdisable_cpuintensive.json,2025-11-19T07:13:36.088879
monitoring_log_20251118_031154.json,2025-11-18T07:26:00.908569
monitoring_log_20251118_031154.json,2025-11-18T03:25:16.154524
SWdisable_cpuintensive.json,2025-11-19T06:21:06.717262
SWdisable_cpuintensive.json,2025-11-19T08:38:01.739026
SWdisable_cpuintensive.json,2025-11-19T07:00:54.940142
monitoring_log_20251117_224220.json,2025-11-17T23:02:28.198712
SWdisable_cpuintensive.json,2025-11-19T06:43:56.911634
SWdisable_cpuintensive.json,2025-11-19T07:34:46.632090
SWdisable_cpuintensive.json,2025-11-19T06:49:52.059340
monitoring_log_20251117_224220.json,2025-11-17T23:11:06.931909
monitoring_log_20251118_031154.json,2025-11-18T06:40:42.283502
monitoring_log_20251118_031154.json,2025-11-18T08:11:57.084897
monitoring_log_20251118_031154.json,2025-11-18T06:43:24.682292
monitoring_log_20251118_031154.json,2025-11-18T07:15:02.245590
baseline_log_cpuintensive.json,2025-07-31T22:59:23.784279
SWdisable_cpuintensive.json,2025-11-19T06:31:59.680732
SWdisable_cpuintensive.json,2025-11-19T06:49:26.652054
SWdisable_cpuintensive.json,2025-11-19T08:54:42.549119
SWdisable_cpuintensive.json,2025-11-19T06:57:05.054133
SWdisable_cpuintensive.json,2025-11-19T05:26:53.063489
SWdisable_cpuintensive.json,2025-11-19T06:24:30.525110
monitoring_log_20251117_224220.json,2025-11-17T22:42:35.246720
monitoring_log_20251118_031154.json,2025-11-18T06:51:31.678748
SWdisable_cpuintensive.json,2025-11-19T08:50:45.313682
SWdisable_cpuintensive.json,2025-11-19T06:45:21.699846
SWdisable_cpuintensive.json,2025-11-19T08:34:38.073139
monitoring_log_20251117_224220.json,2025-11-17T23:12:15.957821
SWdisable_cpuintensive.json,2025-11-19T05:32:06.443997
monitoring_log_20251118_031154.json,2025-11-18T08:12:56.927506
SWdisable_cpuintensive.json,2025-11-19T06:24:38.937457
SWdisable_cpuintensive.json,2025-11-19T06:28:44.971210
monitoring_log_20251118_031154.json,2025-11-18T07:35:41.605226
SWdisable_cpuintensive.json,2025-11-19T06:58:04.850632
monitoring_log_20251117_224220.json,2025-11-17T23:00:35.974542
monitoring_log_20251118_031154.json,2025-11-18T07:30:08.087701
SWdisable_cpuintensive.json,2025-11-19T08:34:04.063564
SWdisable_cpuintensive.json,2025-11-19T08:15:40.294868
SWdisable_cpuintensive.json,2025-11-19T07:59:00.012180
monitoring_log_20251118_031154.json,2025-11-18T03:20:16.544049
SWdisable_cpuintensive.json,2025-11-19T07:29:37.139346
SWdisable_cpuintensive.json,2025-11-19T05:56:57.811282
SWdisable_cpuintensive.json,2025-11-19T08:09:26.637933
SWdisable_cpuintensive.json,2025-11-19T09:00:14.029210
SWdisable_cpuintensive.json,2025-11-19T05:38:51.467811
monitoring_log_20251118_031154.json,2025-11-18T03:28:06.354495
monitoring_log_20251118_031154.json,2025-11-18T07:23:26.987536
monitoring_log_20251118_031154.json,2025-11-18T06:29:35.052210
SWdisable_cpuintensive.json,2025-11-19T05:46:29.691654
monitoring_log_20251118_031154.json,2025-11-18T07:12:11.410997
SWdisable_cpuintensive.json,2025-11-19T06:07:08.080679
SWdisable_cpuintensive.json,2025-11-19T05:59:04.958512
monitoring_log_20251117_224220.json,2025-11-17T23:37:57.643743
SWdisable_cpuintensive.json,2025-11-19T07:01:03.472910
SWdisable_cpuintensive.json,2025-11-19T08:40:51.485947
SWdisable_cpuintensive.json,2025-11-19T08:26:59.826365
monitoring_log_20251117_224220.json,2025-11-17T23:53:56.515069
SWdisable_cpuintensive.json,2025-11-19T07:15:34.532091
monitoring_log_20251117_224220.json,2025-11-17T23:06:39.095572
SWdisable_cpuintensive.json,2025-11-19T09:00:47.891053
SWdisable_cpuintensive.json,2025-11-19T07:39:52.551092
baseline_log_cpuintensive.json,2025-07-31T23:01:29.219575
monitoring_log_20251118_031154.json,2025-11-18T08:06:14.721059
SWdisable_cpuintensive.json,2025-11-19T07:27:20.707362
monitoring_log_20251117_224220.json,2025-11-17T23:50:46.532494
SWdisable_cpuintensive.json,2025-11-19T06:57:47.788094
monitoring_log_20251118_031154.json,2025-11-18T07:26:26.411329
monitoring_log_20251118_031154.json,2025-11-18T03:35:38.956500
SWdisable_cpuintensive.json,2025-11-19T06:24:55.770324
monitoring_log_20251118_031154.json,2025-11-18T03:15:50.568774
monitoring_log_20251118_031154.json,2025-11-18T06:51:06.018153
SWdisable_cpuintensive.json,2025-11-19T06:45:30.263784
monitoring_log_20251118_031154.json,2025-11-18T03:18:50.008294
SWdisable_cpuintensive.json,2025-11-19T06:28:36.500827
monitoring_log_20251118_031154.json,2025-11-18T03:19:51.012853
SWdisable_cpuintensive.json,2025-11-19T08:04:30.809081
SWdisable_cpuintensive.json,2025-11-19T05:45:38.653490
monitoring_log_20251117_224220.json,2025-11-17T23:34:48.895536
baseline_log_cpuintensive.json,2025-07-31T22:58:58.016324
SWdisable_cpuintensive.json,2025-11-19T08:11:00.123402
monitoring_log_20251118_031154.json,2025-11-18T07:14:02.417517
monitoring_log_20251117_224220.json,2025-11-17T23:44:30.709926
SWdisable_cpuintensive.json,2025-11-19T06:50:42.905822
monitoring_log_20251117_224220.json,2025-11-17T23:33:57.374980
SWdisable_cpuintensive.json,2025-11-19T06:40:24.402736
baseline_log_cpuintensive.json,2025-07-31T23:01:51.799436
SWdisable_cpuintensive.json,2025-11-19T05:37:35.116994
SWdisable_cpuintensive.json,2025-11-19T06:07:58.836595
monitoring_log_20251117_224220.json,2025-11-17T22:57:42.453197
monitoring_log_20251118_031154.json,2025-11-18T07:12:54.031420
SWdisable_cpuintensive.json,2025-11-19T06:58:47.299305
SWdisable_cpuintensive.json,2025-11-19T06:36:39.684905
SWdisable_cpuintensive.json,2025-11-19T07:39:27.057604
SWdisable_cpuintensive.json,2025-11-19T06:00:21.276545
SWdisable_cpuintensive.json,2025-11-19T08:04:56.121672
baseline_log_cpuintensive.json,2025-07-31T23:02:17.459742
monitoring_log_20251117_224220.json,2025-11-17T22:54:05.176980
SWdisable_cpuintensive.json,2025-11-19T07:16:08.390382
SWdisable_cpuintensive.json,2025-11-19T08:38:10.283797
monitoring_log_20251118_031154.json,2025-11-18T03:19:59.493209
SWdisable_cpuintensive.json,2025-11-19T05:48:45.344462
SWdisable_cpuintensive.json,2025-11-19T06:08:58.160667
monitoring_log_20251118_031154.json,2025-11-18T07:34:59.101329
SWdisable_cpuintensive.json,2025-11-19T07:26:55.049232
SWdisable_cpuintensive.json,2025-11-19T06:27:54.126265
monitoring_log_20251117_224220.json,2025-11-17T23:32:57.470133
baseline_log_cpuintensive.json,2025-07-31T23:01:35.633117
SWdisable_cpuintensive.json,2025-11-19T05:59:47.156834
SWdisable_cpuintensive.json,2025-11-19T07:16:33.654149
SWdisable_cpuintensive.json,2025-11-19T07:07:58.081667
monitoring_log_20251117_224220.json,2025-11-17T23:17:36.436308
monitoring_log_20251117_224220.json,2025-11-17T23:03:46.612996
SWdisable_cpuintensive.json,2025-11-19T07:09:56.113801
SWdisable_cpuintensive.json,2025-11-19T07:13:10.810773
SWdisable_cpuintensive.json,2025-11-19T06:31:17.456688
SWdisable_cpuintensive.json,2025-11-19T07:00:46.458410
monitoring_log_20251118_031154.json,2025-11-18T07:16:54.111841
SWdisable_cpuintensive.json,2025-11-19T07:30:15.119708
monitoring_log_20251117_224220.json,2025-11-17T23:39:41.393924
monitoring_log_20251118_031154.json,2025-11-18T03:20:50.909256
SWdisable_cpuintensive.json,2025-11-19T08:43:41.191339
monitoring_log_20251117_224220.json,2025-11-17T23:51:55.042098
monitoring_log_20251118_031154.json,2025-11-18T07:22:26.843262
baseline_log_cpuintensive.json,2025-07-31T22:58:51.606438
monitoring_log_20251117_224220.json,2025-11-17T23:07:13.119045
SWdisable_cpuintensive.json,2025-11-19T08:50:28.387419
SWdisable_cpuintensive.json,2025-11-19T05:58:22.605531
monitoring_log_20251118_031154.json,2025-11-18T06:30:52.086435
monitoring_log_20251117_224220.json,2025-11-17T22:58:08.604418
SWdisable_cpuintensive.json,2025-11-19T06:12:29.811169
monitoring_log_20251117_224220.json,2025-11-17T23:18:10.859214
monitoring_log_20251117_224220.json,2025-11-17T23:19:27.820005
monitoring_log_20251118_031154.json,2025-11-18T03:14:59.304887
monitoring_log_20251118_031154.json,2025-11-18T06:38:08.499717
SWdisable_cpuintensive.json,2025-11-19T08:57:24.629515
SWdisable_cpuintensive.json,2025-11-19T08:44:15.203068
SWdisable_cpuintensive.json,2025-11-19T06:26:20.789483
SWdisable_cpuintensive.json,2025-11-19T07:45:17.081482
SWdisable_cpuintensive.json,2025-11-19T07:10:38.368302
SWdisable_cpuintensive.json,2025-11-19T08:03:14.338779
SWdisable_cpuintensive.json,2025-11-19T07:41:27.378784
SWdisable_cpuintensive.json,2025-11-19T08:27:59.133587
monitoring_log_20251118_031154.json,2025-11-18T06:28:26.739998
SWdisable_cpuintensive.json,2025-11-19T08:51:53.009858
monitoring_log_20251118_031154.json,2025-11-18T03:31:14.584811
monitoring_log_20251117_224220.json,2025-11-17T23:20:53.063477
monitoring_log_20251118_031154.json,2025-11-18T07:29:42.665563
SWdisable_cpuintensive.json,2025-11-19T06:13:20.438609
SWdisable_cpuintensive.json,2025-11-19T05:52:51.781523
SWdisable_cpuintensive.json,2025-11-19T07:18:24.139588
monitoring_log_20251117_224220.json,2025-11-17T23:45:04.914650
monitoring_log_20251118_031154.json,2025-11-18T07:13:02.581493
SWdisable_cpuintensive.json,2025-11-19T08:21:28.359482
SWdisable_cpuintensive.json,2025-11-19T05:30:41.765935
monitoring_log_20251117_224220.json,2025-11-17T22:49:02.014973
monitoring_log_20251117_224220.json,2025-11-17T23:22:53.850248
SWdisable_cpuintensive.json,2025-11-19T05:55:49.724886
monitoring_log_20251117_224220.json,2025-11-17T23:21:19.123791
monitoring_log_20251118_031154.json,2025-11-18T07:30:50.915095
monitoring_log_20251118_031154.json,2025-11-18T08:08:14.402853
monitoring_log_20251118_031154.json,2025-11-18T07:21:18.839937
SWdisable_cpuintensive.json,2025-11-19T07:31:31.312195
monitoring_log_20251117_224220.json,2025-11-17T23:37:40.539016
SWdisable_cpuintensive.json,2025-11-19T05:32:23.390617
SWdisable_cpuintensive.json,2025-11-19T06:44:56.168496
monitoring_log_20251118_031154.json,2025-11-18T07:23:44.144852
monitoring_log_20251117_224220.json,2025-11-17T23:04:55.383605
monitoring_log_20251117_224220.json,2025-11-17T23:18:02.347092
SWdisable_cpuintensive.json,2025-11-19T08:28:41.299690
SWdisable_cpuintensive.json,2025-11-19T08:00:41.653883
monitoring_log_20251117_224220.json,2025-11-17T23:27:30.934055
SWdisable_cpuintensive.json,2025-11-19T08:55:33.950083
monitoring_log_20251117_224220.json,2025-11-17T22:59:43.929484
SWdisable_cpuintensive.json,2025-11-19T07:03:27.194326
monitoring_log_20251118_031154.json,2025-11-18T07:18:19.466518
SWdisable_cpuintensive.json,2025-11-19T06:02:53.880331
monitoring_log_20251118_031154.json,2025-11-18T07:35:16.104207
SWdisable_cpuintensive.json,2025-11-19T07:34:55.043881
SWdisable_cpuintensive.json,2025-11-19T08:37:53.219049
monitoring_log_20251117_224220.json,2025-11-17T22:57:07.679476
monitoring_log_20251117_224220.json,2025-11-17T23:32:14.820271
monitoring_log_20251117_224220.json,2025-11-17T23:09:49.005159
monitoring_log_20251118_031154.json,2025-11-18T08:04:32.457431
SWdisable_cpuintensive.json,2025-11-19T06:25:38.164179
SWdisable_cpuintensive.json,2025-11-19T06:35:14.955116
SWdisable_cpuintensive.json,2025-11-19T05:34:12.009891
SWdisable_cpuintensive.json,2025-11-19T06:38:59.488319
monitoring_log_20251117_224220.json,2025-11-17T23:39:32.898006
SWdisable_cpuintensive.json,2025-11-19T09:02:38.321896
SWdisable_cpuintensive.json,2025-11-19T08:20:28.704212
SWdisable_cpuintensive.json,2025-11-19T08:25:17.869589
SWdisable_cpuintensive.json,2025-11-19T08:22:19.163013
SWdisable_cpuintensive.json,2025-11-19T06:54:32.288592
SWdisable_cpuintensive.json,2025-11-19T06:31:34.409084
baseline_log_cpuintensive.json,2025-07-31T22:59:39.856515
monitoring_log_20251118_031154.json,2025-11-18T06:30:00.675186
monitoring_log_20251118_031154.json,2025-11-18T07:34:07.854324
SWdisable_cpuintensive.json,2025-11-19T06:25:21.301185
SWdisable_cpuintensive.json,2025-11-19T08:55:51.125548
baseline_log_cpuintensive.json,2025-07-31T23:02:11.033267
SWdisable_cpuintensive.json,2025-11-19T05:46:55.313579
SWdisable_cpuintensive.json,2025-11-19T05:30:58.779388
SWdisable_cpuintensive.json,2025-11-19T06:40:07.431959
SWdisable_cpuintensive.json,2025-11-19T05:29:33.891189
SWdisable_cpuintensive.json,2025-11-19T08:18:38.164320
baseline_log_cpuintensive.json,2025-07-31T22:59:07.631226
SWdisable_cpuintensive.json,2025-11-19T08:09:09.661868
SWdisable_cpuintensive.json,2025-11-19T05:29:25.428210
SWdisable_cpuintensive.json,2025-11-19T08:24:26.770870
monitoring_log_20251117_224220.json,2025-11-17T23:23:38.054220
SWdisable_cpuintensive.json,2025-11-19T07:58:26.111024
monitoring_log_20251117_224220.json,2025-11-17T23:09:22.722282
monitoring_log_20251118_031154.json,2025-11-18T07:25:00.985855
SWdisable_cpuintensive.json,2025-11-19T05:26:10.494627
SWdisable_cpuintensive.json,2025-11-19T07:57:00.998024
monitoring_log_20251117_224220.json,2025-11-17T23:18:36.543166
monitoring_log_20251118_031154.json,2025-11-18T06:39:08.050862
monitoring_log_20251118_031154.json,2025-11-18T03:21:33.923596
monitoring_log_20251117_224220.json,2025-11-17T23:10:23.484251
SWdisable_cpuintensive.json,2025-11-19T06:14:27.893369
SWdisable_cpuintensive.json,2025-11-19T08:25:51.719047
SWdisable_cpuintensive.json,2025-11-19T08:40:09.093393
monitoring_log_20251117_224220.json,2025-11-17T23:50:55.210340
monitoring_log_20251117_224220.json,2025-11-17T23:24:21.086876
monitoring_log_20251118_031154.json,2025-11-18T03:21:07.846601
monitoring_log_20251118_031154.json,2025-11-18T06:38:33.985369
SWdisable_cpuintensive.json,2025-11-19T07:52:46.640555
SWdisable_cpuintensive.json,2025-11-19T09:02:04.494965
SWdisable_cpuintensive.json,2025-11-19T05:57:23.386398
baseline_log_cpuintensive.json,2025-07-31T22:57:50.572024
SWdisable_cpuintensive.json,2025-11-19T06:47:29.599254
SWdisable_cpuintensive.json,2025-11-19T07:47:15.575045
SWdisable_cpuintensive.json,2025-11-19T07:14:18.533623
monitoring_log_20251117_224220.json,2025-11-17T22:45:18.882810
monitoring_log_20251118_031154.json,2025-11-18T07:28:08.731684
SWdisable_cpuintensive.json,2025-11-19T06:12:55.092549
monitoring_log_20251118_031154.json,2025-11-18T07:17:11.146795
baseline_log_cpuintensive.json,2025-07-31T23:00:11.972106
monitoring_log_20251117_224220.json,2025-11-17T23:17:10.543060
SWdisable_cpuintensive.json,2025-11-19T08:54:08.544341
SWdisable_cpuintensive.json,2025-11-19T07:50:30.502719
monitoring_log_20251117_224220.json,2025-11-17T23:48:47.092297
monitoring_log_20251118_031154.json,2025-11-18T07:17:02.644963
SWdisable_cpuintensive.json,2025-11-19T07:44:26.142465
monitoring_log_20251118_031154.json,2025-11-18T07:22:35.408799
monitoring_log_20251118_031154.json,2025-11-18T03:27:40.685849
SWdisable_cpuintensive.json,2025-11-19T07:50:22.070750
SWdisable_cpuintensive.json,2025-11-19T08:47:47.283682
SWdisable_cpuintensive.json,2025-11-19T06:41:15.295787
SWdisable_cpuintensive.json,2025-11-19T08:23:44.359779
SWdisable_cpuintensive.json,2025-11-19T08:22:53.220753
monitoring_log_20251118_031154.json,2025-11-18T03:15:25.208136
baseline_log_cpuintensive.json,2025-07-31T22:57:44.159725
monitoring_log_20251118_031154.json,2025-11-18T06:53:14.041811
monitoring_log_20251117_224220.json,2025-11-17T22:47:53.215058
SWdisable_cpuintensive.json,2025-11-19T08:18:04.336127
monitoring_log_20251117_224220.json,2025-11-17T23:06:56.067390
monitoring_log_20251118_031154.json,2025-11-18T03:21:16.764224
SWdisable_cpuintensive.json,2025-11-19T05:40:50.245805
monitoring_log_20251118_031154.json,2025-11-18T07:23:35.705044
monitoring_log_20251118_031154.json,2025-11-18T07:36:24.380732
SWdisable_cpuintensive.json,2025-11-19T06:52:33.429573
SWdisable_cpuintensive.json,2025-11-19T06:20:49.799724
monitoring_log_20251118_031154.json,2025-11-18T06:50:23.255443
SWdisable_cpuintensive.json,2025-11-19T08:44:49.058925
SWdisable_cpuintensive.json,2025-11-19T07:40:18.576417
SWdisable_cpuintensive.json,2025-11-19T06:33:41.538428
monitoring_log_20251117_224220.json,2025-11-17T23:11:50.094815
SWdisable_cpuintensive.json,2025-11-19T06:11:47.529775
monitoring_log_20251117_224220.json,2025-11-17T23:40:38.093231
SWdisable_cpuintensive.json,2025-11-19T06:05:43.174873
monitoring_log_20251118_031154.json,2025-11-18T03:35:13.295428
SWdisable_cpuintensive.json,2025-11-19T07:08:15.067263
SWdisable_cpuintensive.json,2025-11-19T07:21:12.782653
SWdisable_cpuintensive.json,2025-11-19T07:15:51.389272
monitoring_log_20251117_224220.json,2025-11-17T22:59:09.253441
SWdisable_cpuintensive.json,2025-11-19T08:42:08.029389
SWdisable_cpuintensive.json,2025-11-19T05:54:33.360444
SWdisable_cpuintensive.json,2025-11-19T08:35:12.046832
SWdisable_cpuintensive.json,2025-11-19T07:04:51.967728
SWdisable_cpuintensive.json,2025-11-19T06:26:54.853173
SWdisable_cpuintensive.json,2025-11-19T08:16:39.582561
SWdisable_cpuintensive.json,2025-11-19T05:35:19.737982
SWdisable_cpuintensive.json,2025-11-19T08:19:37.875892
SWdisable_cpuintensive.json,2025-11-19T06:52:58.736712
SWdisable_cpuintensive.json,2025-11-19T06:01:03.508883
monitoring_log_20251118_031154.json,2025-11-18T03:23:00.103539
SWdisable_cpuintensive.json,2025-11-19T06:04:27.258696
SWdisable_cpuintensive.json,2025-11-19T07:19:14.581022
SWdisable_cpuintensive.json,2025-11-19T07:57:09.549595
SWdisable_cpuintensive.json,2025-11-19T06:22:14.769851
SWdisable_cpuintensive.json,2025-11-19T06:30:09.873475
monitoring_log_20251118_031154.json,2025-11-18T07:22:52.544942
SWdisable_cpuintensive.json,2025-11-19T07:50:05.107077
monitoring_log_20251118_031154.json,2025-11-18T03:28:32.288152
monitoring_log_20251118_031154.json,2025-11-18T08:05:06.823152
SWdisable_cpuintensive.json,2025-11-19T06:57:39.237500
monitoring_log_20251117_224220.json,2025-11-17T23:33:40.285799
monitoring_log_20251118_031154.json,2025-11-18T07:29:08.670950
SWdisable_cpuintensive.json,2025-11-19T06:11:55.966974
monitoring_log_20251118_031154.json,2025-11-18T07:18:02.300707
monitoring_log_20251118_031154.json,2025-11-18T08:12:14.264613
SWdisable_cpuintensive.json,2025-11-19T08:09:18.184256
SWdisable_cpuintensive.json,2025-11-19T06:02:45.480668
SWdisable_cpuintensive.json,2025-11-19T08:02:57.423116
SWdisable_cpuintensive.json,2025-11-19T07:40:27.303388
SWdisable_cpuintensive.json,2025-11-19T08:42:24.939763
SWdisable_cpuintensive.json,2025-11-19T08:30:23.198794
SWdisable_cpuintensive.json,2025-11-19T05:25:11.290323
SWdisable_cpuintensive.json,2025-11-19T06:51:51.055610
SWdisable_cpuintensive.json,2025-11-19T06:56:05.457525
monitoring_log_20251118_031154.json,2025-11-18T07:17:28.223430
monitoring_log_20251118_031154.json,2025-11-18T03:24:08.352016
monitoring_log_20251117_224220.json,2025-11-17T23:18:53.501256
SWdisable_cpuintensive.json,2025-11-19T08:48:21.317304
monitoring_log_20251117_224220.json,2025-11-17T23:06:13.116593
monitoring_log_20251117_224220.json,2025-11-17T23:45:30.443310
monitoring_log_20251118_031154.json,2025-11-18T07:19:19.291079
monitoring_log_20251118_031154.json,2025-11-18T03:25:24.616544
SWdisable_cpuintensive.json,2025-11-19T07:51:47.022155
monitoring_log_20251117_224220.json,2025-11-17T23:02:54.197302
monitoring_log_20251118_031154.json,2025-11-18T07:33:41.966924
SWdisable_cpuintensive.json,2025-11-19T07:01:20.419492
SWdisable_cpuintensive.json,2025-11-19T07:16:16.804367
SWdisable_cpuintensive.json,2025-11-19T08:24:52.421666
baseline_log_cpuintensive.json,2025-07-31T23:01:55.005574
monitoring_log_20251118_031154.json,2025-11-18T07:17:19.710446
SWdisable_cpuintensive.json,2025-11-19T05:54:24.821305
SWdisable_cpuintensive.json,2025-11-19T06:50:08.970133
monitoring_log_20251118_031154.json,2025-11-18T03:19:24.543222
SWdisable_cpuintensive.json,2025-11-19T08:43:32.757789
SWdisable_cpuintensive.json,2025-11-19T06:06:17.025173
monitoring_log_20251117_224220.json,2025-11-17T23:41:21.701191
monitoring_log_20251117_224220.json,2025-11-17T23:36:14.535960
SWdisable_cpuintensive.json,2025-11-19T09:03:37.789031
SWdisable_cpuintensive.json,2025-11-19T08:59:40.090513
baseline_log_cpuintensive.json,2025-07-31T23:00:31.278036
SWdisable_cpuintensive.json,2025-11-19T06:12:04.438741
SWdisable_cpuintensive.json,2025-11-19T07:54:11.228676
monitoring_log_20251118_031154.json,2025-11-18T06:37:25.953565
SWdisable_cpuintensive.json,2025-11-19T06:56:39.403330
monitoring_log_20251118_031154.json,2025-11-18T06:39:25.223781
monitoring_log_20251117_224220.json,2025-11-17T23:09:14.220904
baseline_log_cpuintensive.json,2025-07-31T22:58:06.700035
monitoring_log_20251118_031154.json,2025-11-18T06:28:18.275068
baseline_log_cpuintensive.json,2025-07-31T22:58:35.581891
SWdisable_cpuintensive.json,2025-11-19T09:01:47.520773
SWdisable_cpuintensive.json,2025-11-19T08:00:24.577870
SWdisable_cpuintensive.json,2025-11-19T08:29:40.936985
SWdisable_cpuintensive.json,2025-11-19T05:50:35.610870
SWdisable_cpuintensive.json,2025-11-19T05:48:03.166160
monitoring_log_20251117_224220.json,2025-11-17T23:24:30.073775
monitoring_log_20251118_031154.json,2025-11-18T08:11:31.262753
monitoring_log_20251118_031154.json,2025-11-18T03:17:33.002383
monitoring_log_20251118_031154.json,2025-11-18T03:15:42.119731
SWdisable_cpuintensive.json,2025-11-19T07:51:55.558851
SWdisable_cpuintensive.json,2025-11-19T06:59:38.165590
SWdisable_cpuintensive.json,2025-11-19T05:41:32.659263
SWdisable_cpuintensive.json,2025-11-19T06:11:30.585185
monitoring_log_20251117_224220.json,2025-11-17T23:30:49.427943
monitoring_log_20251118_031154.json,2025-11-18T08:13:22.377884
SWdisable_cpuintensive.json,2025-11-19T08:57:33.094270
monitoring_log_20251118_031154.json,2025-11-18T03:26:32.975468
SWdisable_cpuintensive.json,2025-11-19T06:06:50.988851
SWdisable_cpuintensive.json,2025-11-19T06:55:14.613170
SWdisable_cpuintensive.json,2025-11-19T06:17:34.116944
SWdisable_cpuintensive.json,2025-11-19T08:59:06.372157
monitoring_log_20251118_031154.json,2025-11-18T07:21:10.373619
monitoring_log_20251118_031154.json,2025-11-18T06:54:48.204337
SWdisable_cpuintensive.json,2025-11-19T05:48:28.443598
SWdisable_cpuintensive.json,2025-11-19T06:23:39.398962
SWdisable_cpuintensive.json,2025-11-19T06:33:16.116571
monitoring_log_20251117_224220.json,2025-11-17T23:42:53.593987
SWdisable_cpuintensive.json,2025-11-19T08:31:22.692612
SWdisable_cpuintensive.json,2025-11-19T08:02:48.966293
SWdisable_cpuintensive.json,2025-11-19T05:49:27.555168
SWdisable_cpuintensive.json,2025-11-19T08:35:46.152872
monitoring_log_20251118_031154.json,2025-11-18T03:23:08.578731
monitoring_log_20251117_224220.json,2025-11-17T23:24:12.516592
SWdisable_cpuintensive.json,2025-11-19T07:52:21.168582
monitoring_log_20251117_224220.json,2025-11-17T22:43:26.913058
SWdisable_cpuintensive.json,2025-11-19T07:52:55.136160
SWdisable_cpuintensive.json,2025-11-19T07:58:34.579594
monitoring_log_20251118_031154.json,2025-11-18T07:27:43.168273
SWdisable_cpuintensive.json,2025-11-19T06:32:33.532996
SWdisable_cpuintensive.json,2025-11-19T08:18:29.673627
monitoring_log_20251118_031154.json,2025-11-18T03:28:49.305466
SWdisable_cpuintensive.json,2025-11-19T07:02:45.013405
monitoring_log_20251118_031154.json,2025-11-18T06:55:13.867910
monitoring_log_20251117_224220.json,2025-11-17T23:00:09.822095
SWdisable_cpuintensive.json,2025-11-19T07:12:03.303858
monitoring_log_20251118_031154.json,2025-11-18T08:11:05.344510
monitoring_log_20251117_224220.json,2025-11-17T22:57:50.977093
monitoring_log_20251117_224220.json,2025-11-17T23:27:13.853184
SWdisable_cpuintensive.json,2025-11-19T05:40:07.587443
monitoring_log_20251117_224220.json,2025-11-17T23:10:14.981681
SWdisable_cpuintensive.json,2025-11-19T06:03:10.798158
monitoring_log_20251118_031154.json,2025-11-18T06:38:16.986300
monitoring_log_20251118_031154.json,2025-11-18T03:21:59.726563
monitoring_log_20251117_224220.json,2025-11-17T23:51:03.794774
monitoring_log_20251118_031154.json,2025-11-18T07:23:52.847004
SWdisable_cpuintensive.json,2025-11-19T07:30:48.928051
SWdisable_cpuintensive.json,2025-11-19T07:45:59.378160
SWdisable_cpuintensive.json,2025-11-19T08:32:39.278038
monitoring_log_20251117_224220.json,2025-11-17T23:30:06.428657
SWdisable_cpuintensive.json,2025-11-19T06:15:10.035322
monitoring_log_20251118_031154.json,2025-11-18T08:04:23.837079
SWdisable_cpuintensive.json,2025-11-19T06:43:39.782628
monitoring_log_20251117_224220.json,2025-11-17T23:54:05.645186
SWdisable_cpuintensive.json,2025-11-19T09:01:56.031007
SWdisable_cpuintensive.json,2025-11-19T08:49:37.600850
monitoring_log_20251118_031154.json,2025-11-18T07:13:19.703549
SWdisable_cpuintensive.json,2025-11-19T05:52:08.934509
monitoring_log_20251117_224220.json,2025-11-17T23:47:56.028000
monitoring_log_20251117_224220.json,2025-11-17T23:31:57.844597
SWdisable_cpuintensive.json,2025-11-19T05:40:24.816545
SWdisable_cpuintensive.json,2025-11-19T06:03:27.832067
SWdisable_cpuintensive.json,2025-11-19T06:46:30.272000
SWdisable_cpuintensive.json,2025-11-19T09:03:29.264153
monitoring_log_20251118_031154.json,2025-11-18T06:28:43.698769
monitoring_log_20251117_224220.json,2025-11-17T22:46:35.710930
monitoring_log_20251118_031154.json,2025-11-18T03:33:22.167701
SWdisable_cpuintensive.json,2025-11-19T06:02:20.035149
monitoring_log_20251118_031154.json,2025-11-18T03:22:51.523774
SWdisable_cpuintensive.json,2025-11-19T05:59:38.704856
SWdisable_cpuintensive.json,2025-11-19T06:14:19.516538
SWdisable_cpuintensive.json,2025-11-19T08:36:28.368539
SWdisable_cpuintensive.json,2025-11-19T06:50:34.388107
SWdisable_cpuintensive.json,2025-11-19T07:53:54.351720
monitoring_log_20251117_224220.json,2025-11-17T23:03:11.656770
SWdisable_cpuintensive.json,2025-11-19T06:54:06.822802
SWdisable_cpuintensive.json,2025-11-19T08:57:07.685820
monitoring_log_20251117_224220.json,2025-11-17T23:52:03.616855
SWdisable_cpuintensive.json,2025-11-19T07:56:10.154213
SWdisable_cpuintensive.json,2025-11-19T06:03:53.327138
SWdisable_cpuintensive.json,2025-11-19T09:02:55.398069
SWdisable_cpuintensive.json,2025-11-19T08:03:39.689275
SWdisable_cpuintensive.json,2025-11-19T08:45:23.211714
SWdisable_cpuintensive.json,2025-11-19T09:01:22.015195
SWdisable_cpuintensive.json,2025-11-19T06:23:13.913821
monitoring_log_20251117_224220.json,2025-11-17T23:48:30.020871
SWdisable_cpuintensive.json,2025-11-19T08:56:33.873210
monitoring_log_20251117_224220.json,2025-11-17T23:35:31.699109
SWdisable_cpuintensive.json,2025-11-19T05:46:21.182036
SWdisable_cpuintensive.json,2025-11-19T05:31:49.521708
monitoring_log_20251117_224220.json,2025-11-17T23:25:12.915039
monitoring_log_20251117_224220.json,2025-11-17T22:59:00.768511
SWdisable_cpuintensive.json,2025-11-19T08:51:02.331323
SWdisable_cpuintensive.json,2025-11-19T07:10:04.581567
SWdisable_cpuintensive.json,2025-11-19T08:49:29.055191
SWdisable_cpuintensive.json,2025-11-19T07:45:25.548391
SWdisable_cpuintensive.json,2025-11-19T05:55:58.141590
monitoring_log_20251117_224220.json,2025-11-17T23:53:38.978535
SWdisable_cpuintensive.json,2025-11-19T07:43:35.225872
SWdisable_cpuintensive.json,2025-11-19T08:44:06.753469
SWdisable_cpuintensive.json,2025-11-19T08:04:47.708282
monitoring_log_20251117_224220.json,2025-11-17T22:46:44.181626
monitoring_log_20251118_031154.json,2025-11-18T07:17:36.853578
monitoring_log_20251118_031154.json,2025-11-18T08:07:23.269116
SWdisable_cpuintensive.json,2025-11-19T08:35:54.633419
SWdisable_cpuintensive.json,2025-11-19T07:23:19.735502
monitoring_log_20251117_224220.json,2025-11-17T22:58:51.994187
SWdisable_cpuintensive.json,2025-11-19T06:16:17.814588
monitoring_log_20251117_224220.json,2025-11-17T23:12:33.205681
monitoring_log_20251117_224220.json,2025-11-17T23:05:12.771332
monitoring_log_20251117_224220.json,2025-11-17T23:00:27.281932
SWdisable_cpuintensive.json,2025-11-19T06:05:26.318567
SWdisable_cpuintensive.json,2025-11-19T06:49:43.592320
monitoring_log_20251117_224220.json,2025-11-17T22:56:06.601463
SWdisable_cpuintensive.json,2025-11-19T07:11:20.993410
SWdisable_cpuintensive.json,2025-11-19T05:37:26.666547
monitoring_log_20251117_224220.json,2025-11-17T23:01:19.134892
SWdisable_cpuintensive.json,2025-11-19T08:46:13.948629
SWdisable_cpuintensive.json,2025-11-19T07:31:22.828313
SWdisable_cpuintensive.json,2025-11-19T07:09:14.026934
SWdisable_cpuintensive.json,2025-11-19T08:01:24.005221
monitoring_log_20251118_031154.json,2025-11-18T03:24:16.802418
SWdisable_cpuintensive.json,2025-11-19T06:39:58.932991
SWdisable_cpuintensive.json,2025-11-19T08:53:09.404939
SWdisable_cpuintensive.json,2025-11-19T08:47:38.866804
monitoring_log_20251117_224220.json,2025-11-17T23:41:12.977261
SWdisable_cpuintensive.json,2025-11-19T06:55:06.153470
monitoring_log_20251118_031154.json,2025-11-18T06:39:50.807818
SWdisable_cpuintensive.json,2025-11-19T05:49:36.122068
baseline_log_cpuintensive.json,2025-07-31T23:02:33.663830
monitoring_log_20251117_224220.json,2025-11-17T23:15:26.694251
SWdisable_cpuintensive.json,2025-11-19T08:19:12.143980
SWdisable_cpuintensive.json,2025-11-19T08:31:39.945267
baseline_log_cpuintensive.json,2025-07-31T23:01:32.426383
monitoring_log_20251118_031154.json,2025-11-18T06:35:17.429366
monitoring_log_20251118_031154.json,2025-11-18T08:07:14.687297
monitoring_log_20251118_031154.json,2025-11-18T03:14:16.850114
SWdisable_cpuintensive.json,2025-11-19T06:35:40.610909
SWdisable_cpuintensive.json,2025-11-19T08:53:51.662498
SWdisable_cpuintensive.json,2025-11-19T07:56:35.645486
monitoring_log_20251117_224220.json,2025-11-17T22:44:01.051971
monitoring_log_20251117_224220.json,2025-11-17T22:43:09.685094
monitoring_log_20251118_031154.json,2025-11-18T03:32:48.066365
SWdisable_cpuintensive.json,2025-11-19T06:51:00.008615
SWdisable_cpuintensive.json,2025-11-19T08:20:54.204170
SWdisable_cpuintensive.json,2025-11-19T06:44:30.880672
SWdisable_cpuintensive.json,2025-11-19T05:44:47.661431
monitoring_log_20251117_224220.json,2025-11-17T23:10:49.658232
SWdisable_cpuintensive.json,2025-11-19T06:17:17.242217
SWdisable_cpuintensive.json,2025-11-19T08:31:14.285512
SWdisable_cpuintensive.json,2025-11-19T07:08:31.977486
SWdisable_cpuintensive.json,2025-11-19T08:03:05.850162
SWdisable_cpuintensive.json,2025-11-19T08:32:05.348866
monitoring_log_20251118_031154.json,2025-11-18T07:14:53.792601
SWdisable_cpuintensive.json,2025-11-19T05:25:53.454997
SWdisable_cpuintensive.json,2025-11-19T05:45:47.147305
monitoring_log_20251117_224220.json,2025-11-17T23:02:45.318558
SWdisable_cpuintensive.json,2025-11-19T07:30:40.544710
SWdisable_cpuintensive.json,2025-11-19T08:24:35.373355
SWdisable_cpuintensive.json,2025-11-19T06:10:14.621587
SWdisable_cpuintensive.json,2025-11-19T07:36:28.378253
monitoring_log_20251118_031154.json,2025-11-18T03:16:33.196433
monitoring_log_20251118_031154.json,2025-11-18T07:31:59.247719
monitoring_log_20251117_224220.json,2025-11-17T23:37:14.281422
SWdisable_cpuintensive.json,2025-11-19T06:26:12.173180
monitoring_log_20251118_031154.json,2025-11-18T08:05:49.245546
monitoring_log_20251117_224220.json,2025-11-17T22:50:29.452229
monitoring_log_20251118_031154.json,2025-11-18T08:05:15.304972
SWdisable_cpuintensive.json,2025-11-19T06:55:56.988361
SWdisable_cpuintensive.json,2025-11-19T08:54:25.568093
monitoring_log_20251117_224220.json,2025-11-17T23:03:28.992737
SWdisable_cpuintensive.json,2025-11-19T06:07:25.017827
SWdisable_cpuintensive.json,2025-11-19T06:13:03.574439
SWdisable_cpuintensive.json,2025-11-19T06:42:40.428075
monitoring_log_20251118_031154.json,2025-11-18T03:13:24.946039
baseline_log_cpuintensive.json,2025-07-31T22:59:17.294260
SWdisable_cpuintensive.json,2025-11-19T08:16:31.122456
monitoring_log_20251118_031154.json,2025-11-18T07:16:02.483301
monitoring_log_20251117_224220.json,2025-11-17T23:24:04.006867
SWdisable_cpuintensive.json,2025-11-19T06:06:42.477046
SWdisable_cpuintensive.json,2025-11-19T06:04:01.848365
SWdisable_cpuintensive.json,2025-11-19T07:03:18.712275
SWdisable_cpuintensive.json,2025-11-19T06:06:59.563626
SWdisable_cpuintensive.json,2025-11-19T06:54:15.375448
monitoring_log_20251118_031154.json,2025-11-18T03:25:59.014487
SWdisable_cpuintensive.json,2025-11-19T07:36:36.880895
monitoring_log_20251118_031154.json,2025-11-18T03:33:39.420857
monitoring_log_20251118_031154.json,2025-11-18T03:15:07.973116
monitoring_log_20251118_031154.json,2025-11-18T03:35:21.778357
baseline_log_cpuintensive.json,2025-07-31T23:02:36.869279
monitoring_log_20251117_224220.json,2025-11-17T23:51:20.823366
SWdisable_cpuintensive.json,2025-11-19T07:50:13.649808
monitoring_log_20251117_224220.json,2025-11-17T23:16:09.908569
SWdisable_cpuintensive.json,2025-11-19T06:05:51.680125
baseline_log_cpuintensive.json,2025-07-31T23:01:48.541316
SWdisable_cpuintensive.json,2025-11-19T07:37:19.665994
SWdisable_cpuintensive.json,2025-11-19T08:06:54.432472
SWdisable_cpuintensive.json,2025-11-19T09:04:37.549310
monitoring_log_20251117_224220.json,2025-11-17T23:07:04.617927
SWdisable_cpuintensive.json,2025-11-19T05:24:29.191352
SWdisable_cpuintensive.json,2025-11-19T07:32:22.144218
SWdisable_cpuintensive.json,2025-11-19T08:15:31.837078
SWdisable_cpuintensive.json,2025-11-19T07:19:23.179642
monitoring_log_20251117_224220.json,2025-11-17T22:45:27.327944
SWdisable_cpuintensive.json,2025-11-19T06:36:05.871446
monitoring_log_20251118_031154.json,2025-11-18T03:20:33.633462
SWdisable_cpuintensive.json,2025-11-19T06:21:15.143270
baseline_log_cpuintensive.json,2025-07-31T23:01:06.734148
SWdisable_cpuintensive.json,2025-11-19T06:07:41.934700
monitoring_log_20251117_224220.json,2025-11-18T03:11:25.662457
monitoring_log_20251117_224220.json,2025-11-17T23:38:14.621414
SWdisable_cpuintensive.json,2025-11-19T07:59:59.346349
monitoring_log_20251118_031154.json,2025-11-18T06:31:51.891944
SWdisable_cpuintensive.json,2025-11-19T08:03:31.270692
monitoring_log_20251117_224220.json,2025-11-17T22:45:44.627745
SWdisable_cpuintensive.json,2025-11-19T06:17:25.636217
SWdisable_cpuintensive.json,2025-11-19T08:28:58.254398
monitoring_log_20251117_224220.json,2025-11-17T23:22:02.292732
SWdisable_cpuintensive.json,2025-11-19T08:02:06.360401
SWdisable_cpuintensive.json,2025-11-19T08:00:58.779884
monitoring_log_20251118_031154.json,2025-11-18T03:34:39.101493
SWdisable_cpuintensive.json,2025-11-19T07:30:23.651928
monitoring_log_20251118_031154.json,2025-11-18T06:30:26.331720
SWdisable_cpuintensive.json,2025-11-19T07:27:03.562827
SWdisable_cpuintensive.json,2025-11-19T06:00:38.197522
SWdisable_cpuintensive.json,2025-11-19T08:05:12.959745
monitoring_log_20251118_031154.json,2025-11-18T06:34:17.315178
SWdisable_cpuintensive.json,2025-11-19T06:43:14.358357
SWdisable_cpuintensive.json,2025-11-19T06:22:06.325966
SWdisable_cpuintensive.json,2025-11-19T05:54:50.387827
SWdisable_cpuintensive.json,2025-11-19T06:14:02.564931
monitoring_log_20251118_031154.json,2025-11-18T03:23:42.628025
monitoring_log_20251118_031154.json,2025-11-18T06:35:00.349302
SWdisable_cpuintensive.json,2025-11-19T05:23:47.146109
monitoring_log_20251117_224220.json,2025-11-17T23:08:48.414214
monitoring_log_20251117_224220.json,2025-11-17T23:38:41.548678
SWdisable_cpuintensive.json,2025-11-19T07:45:00.016956
SWdisable_cpuintensive.json,2025-11-19T06:08:07.311512
SWdisable_cpuintensive.json,2025-11-19T07:46:07.847942
monitoring_log_20251117_224220.json,2025-11-17T22:49:28.190435
SWdisable_cpuintensive.json,2025-11-19T06:06:25.432128
SWdisable_cpuintensive.json,2025-11-19T06:23:47.908119
SWdisable_cpuintensive.json,2025-11-19T08:02:40.527125
SWdisable_cpuintensive.json,2025-11-19T05:38:17.603497
SWdisable_cpuintensive.json,2025-11-19T08:08:27.475654
monitoring_log_20251117_224220.json,2025-11-17T22:59:26.455737
SWdisable_cpuintensive.json,2025-11-19T05:40:33.335875
SWdisable_cpuintensive.json,2025-11-19T07:02:02.705311
monitoring_log_20251117_224220.json,2025-11-17T23:10:06.319673
monitoring_log_20251118_031154.json,2025-11-18T07:32:16.283413
monitoring_log_20251118_031154.json,2025-11-18T08:06:31.910508
monitoring_log_20251117_224220.json,2025-11-17T23:20:27.386627
SWdisable_cpuintensive.json,2025-11-19T05:37:52.087066
SWdisable_cpuintensive.json,2025-11-19T08:06:45.961451
SWdisable_cpuintensive.json,2025-11-19T08:52:01.504074
SWdisable_cpuintensive.json,2025-11-19T05:39:42.066566
monitoring_log_20251117_224220.json,2025-11-17T23:32:40.479225
monitoring_log_20251118_031154.json,2025-11-18T03:13:51.155739
monitoring_log_20251118_031154.json,2025-11-18T07:22:09.862190
monitoring_log_20251118_031154.json,2025-11-18T08:11:39.863308
SWdisable_cpuintensive.json,2025-11-19T07:10:21.470532
SWdisable_cpuintensive.json,2025-11-19T07:54:53.607626
monitoring_log_20251118_031154.json,2025-11-18T03:28:58.152306
monitoring_log_20251118_031154.json,2025-11-18T07:24:01.310967
monitoring_log_20251117_224220.json,2025-11-17T22:53:22.407497
monitoring_log_20251118_031154.json,2025-11-18T08:07:06.124470
SWdisable_cpuintensive.json,2025-11-19T07:40:01.068181
SWdisable_cpuintensive.json,2025-11-19T08:31:48.389936
SWdisable_cpuintensive.json,2025-11-19T08:54:51.073819
SWdisable_cpuintensive.json,2025-11-19T07:00:12.384489
monitoring_log_20251118_031154.json,2025-11-18T07:19:53.399821
baseline_log_cpuintensive.json,2025-07-31T22:58:48.401991
SWdisable_cpuintensive.json,2025-11-19T06:48:46.225300
SWdisable_cpuintensive.json,2025-11-19T07:34:29.699775
monitoring_log_20251118_031154.json,2025-11-18T03:29:40.814782
monitoring_log_20251118_031154.json,2025-11-18T06:37:34.478940
monitoring_log_20251117_224220.json,2025-11-17T23:50:21.005707
monitoring_log_20251118_031154.json,2025-11-18T06:26:51.817300
SWdisable_cpuintensive.json,2025-11-19T08:40:00.580932
SWdisable_cpuintensive.json,2025-11-19T07:18:15.676957
monitoring_log_20251118_031154.json,2025-11-18T03:29:32.360527
SWdisable_cpuintensive.json,2025-11-19T08:23:27.292530
monitoring_log_20251117_224220.json,2025-11-17T23:44:39.206009
monitoring_log_20251118_031154.json,2025-11-18T06:42:50.356881
monitoring_log_20251118_031154.json,2025-11-18T07:12:28.566236
SWdisable_cpuintensive.json,2025-11-19T06:02:03.051019
SWdisable_cpuintensive.json,2025-11-19T05:32:40.337486
SWdisable_cpuintensive.json,2025-11-19T08:54:00.115824
SWdisable_cpuintensive.json,2025-11-19T06:19:07.706807
SWdisable_cpuintensive.json,2025-11-19T06:47:38.037628
monitoring_log_20251118_031154.json,2025-11-18T03:36:13.086531
baseline_log_cpuintensive.json,2025-07-31T23:02:01.416374
SWdisable_cpuintensive.json,2025-11-19T06:34:06.968835
monitoring_log_20251117_224220.json,2025-11-17T22:44:43.920056
monitoring_log_20251117_224220.json,2025-11-17T23:29:32.024287
monitoring_log_20251118_031154.json,2025-11-18T08:10:48.119054
monitoring_log_20251118_031154.json,2025-11-18T07:16:28.374843
monitoring_log_20251117_224220.json,2025-11-17T23:30:23.875874
SWdisable_cpuintensive.json,2025-11-19T08:47:55.810740
SWdisable_cpuintensive.json,2025-11-19T05:52:26.180300
SWdisable_cpuintensive.json,2025-11-19T07:08:48.812743
SWdisable_cpuintensive.json,2025-11-19T06:39:33.365313
monitoring_log_20251117_224220.json,2025-11-17T23:25:38.529873
monitoring_log_20251118_031154.json,2025-11-18T03:23:51.399113
SWdisable_cpuintensive.json,2025-11-19T06:16:43.383668
monitoring_log_20251117_224220.json,2025-11-17T23:38:58.864857
monitoring_log_20251118_031154.json,2025-11-18T06:51:40.252994
SWdisable_cpuintensive.json,2025-11-19T08:14:57.966327
SWdisable_cpuintensive.json,2025-11-19T06:17:59.435050
SWdisable_cpuintensive.json,2025-11-19T05:51:26.321496
SWdisable_cpuintensive.json,2025-11-19T07:57:26.647052
SWdisable_cpuintensive.json,2025-11-19T06:48:37.702663
SWdisable_cpuintensive.json,2025-11-19T06:36:48.085982
monitoring_log_20251117_224220.json,2025-11-17T22:47:18.807803
SWdisable_cpuintensive.json,2025-11-19T06:24:04.979238
SWdisable_cpuintensive.json,2025-11-19T05:52:43.249198
SWdisable_cpuintensive.json,2025-11-19T06:32:50.547818
monitoring_log_20251118_031154.json,2025-11-18T07:37:58.094426
SWdisable_cpuintensive.json,2025-11-19T07:17:07.779373
monitoring_log_20251117_224220.json,2025-11-17T22:45:10.029431
SWdisable_cpuintensive.json,2025-11-19T08:50:11.524045
monitoring_log_20251118_031154.json,2025-11-18T07:15:53.853116
SWdisable_cpuintensive.json,2025-11-19T05:35:11.312440
monitoring_log_20251118_031154.json,2025-11-18T03:14:33.798413
monitoring_log_20251117_224220.json,2025-11-17T23:29:57.843675
SWdisable_cpuintensive.json,2025-11-19T05:25:28.115074
SWdisable_cpuintensive.json,2025-11-19T08:07:53.652677
SWdisable_cpuintensive.json,2025-11-19T08:27:33.628166
baseline_log_cpuintensive.json,2025-07-31T23:00:08.730434
monitoring_log_20251118_031154.json,2025-11-18T06:53:05.501595
SWdisable_cpuintensive.json,2025-11-19T07:46:33.381131
SWdisable_cpuintensive.json,2025-11-19T07:33:47.485508
monitoring_log_20251117_224220.json,2025-11-17T22:55:32.167263
monitoring_log_20251117_224220.json,2025-11-17T23:43:19.312323
SWdisable_cpuintensive.json,2025-11-19T07:34:12.792558
SWdisable_cpuintensive.json,2025-11-19T08:31:05.812778
monitoring_log_20251118_031154.json,2025-11-18T03:29:15.181889
monitoring_log_20251117_224220.json,2025-11-17T23:17:53.820022
SWdisable_cpuintensive.json,2025-11-19T08:17:55.775002
monitoring_log_20251118_031154.json,2025-11-18T06:40:59.367214
SWdisable_cpuintensive.json,2025-11-19T06:28:11.024532
baseline_log_cpuintensive.json,2025-07-31T22:58:00.232205
SWdisable_cpuintensive.json,2025-11-19T05:34:28.852936
monitoring_log_20251118_031154.json,2025-11-18T07:38:15.359677
SWdisable_cpuintensive.json,2025-11-19T07:58:17.581702
SWdisable_cpuintensive.json,2025-11-19T07:37:02.416065
SWdisable_cpuintensive.json,2025-11-19T08:28:15.998899
monitoring_log_20251117_224220.json,2025-11-17T23:38:50.344091
monitoring_log_20251118_031154.json,2025-11-18T06:53:31.201649
SWdisable_cpuintensive.json,2025-11-19T06:17:08.787432
monitoring_log_20251117_224220.json,2025-11-17T22:52:21.457546
baseline_log_cpuintensive.json,2025-07-31T23:01:09.975994
SWdisable_cpuintensive.json,2025-11-19T07:06:16.317217
monitoring_log_20251118_031154.json,2025-11-18T06:43:41.949782
SWdisable_cpuintensive.json,2025-11-19T07:02:11.152803
monitoring_log_20251118_031154.json,2025-11-18T06:30:17.756348
SWdisable_cpuintensive.json,2025-11-19T06:06:33.973862
SWdisable_cpuintensive.json,2025-11-19T05:53:00.238647
monitoring_log_20251117_224220.json,2025-11-17T23:33:23.178538
monitoring_log_20251118_031154.json,2025-11-18T08:10:14.154395
SWdisable_cpuintensive.json,2025-11-19T09:04:03.242193
SWdisable_cpuintensive.json,2025-11-19T07:34:04.370865
monitoring_log_20251118_031154.json,2025-11-18T03:22:43.042445
monitoring_log_20251117_224220.json,2025-11-17T23:40:46.739647
SWdisable_cpuintensive.json,2025-11-19T08:39:43.705732
SWdisable_cpuintensive.json,2025-11-19T08:39:01.258974
SWdisable_cpuintensive.json,2025-11-19T05:50:27.177936
SWdisable_cpuintensive.json,2025-11-19T08:48:38.242091
SWdisable_cpuintensive.json,2025-11-19T06:31:42.837718
SWdisable_cpuintensive.json,2025-11-19T07:38:18.971854
SWdisable_cpuintensive.json,2025-11-19T06:02:37.007116
SWdisable_cpuintensive.json,2025-11-19T07:48:40.263736
monitoring_log_20251118_031154.json,2025-11-18T07:15:36.817129
monitoring_log_20251117_224220.json,2025-11-17T23:00:44.654970
SWdisable_cpuintensive.json,2025-11-19T06:45:55.974180
SWdisable_cpuintensive.json,2025-11-19T07:49:22.585664
SWdisable_cpuintensive.json,2025-11-19T06:47:54.952707
SWdisable_cpuintensive.json,2025-11-19T08:29:06.835578
monitoring_log_20251118_031154.json,2025-11-18T08:12:31.283410
monitoring_log_20251117_224220.json,2025-11-17T22:47:01.392990
SWdisable_cpuintensive.json,2025-11-19T07:00:29.419710
monitoring_log_20251117_224220.json,2025-11-17T22:43:18.076892
SWdisable_cpuintensive.json,2025-11-19T07:29:20.179740
SWdisable_cpuintensive.json,2025-11-19T06:26:37.880422
monitoring_log_20251117_224220.json,2025-11-17T23:11:58.771296
SWdisable_cpuintensive.json,2025-11-19T08:39:52.150753
monitoring_log_20251117_224220.json,2025-11-17T23:38:23.458765
monitoring_log_20251118_031154.json,2025-11-18T06:50:40.233571
monitoring_log_20251118_031154.json,2025-11-18T03:23:59.860217
monitoring_log_20251118_031154.json,2025-11-18T08:06:06.202768
SWdisable_cpuintensive.json,2025-11-19T06:05:00.985702
SWdisable_cpuintensive.json,2025-11-19T06:48:20.533237
baseline_log_cpuintensive.json,2025-07-31T23:02:14.242033
monitoring_log_20251118_031154.json,2025-11-18T07:26:43.538490
monitoring_log_20251118_031154.json,2025-11-18T07:35:58.670153
monitoring_log_20251117_224220.json,2025-11-17T23:37:05.793211
SWdisable_cpuintensive.json,2025-11-19T06:23:30.842801
SWdisable_cpuintensive.json,2025-11-19T06:40:41.350145
SWdisable_cpuintensive.json,2025-11-19T07:58:00.615555
SWdisable_cpuintensive.json,2025-11-19T09:02:46.871536
monitoring_log_20251118_031154.json,2025-11-18T07:15:11.105379
SWdisable_cpuintensive.json,2025-11-19T08:13:07.383471
monitoring_log_20251117_224220.json,2025-11-17T23:43:27.847419
monitoring_log_20251117_224220.json,2025-11-17T23:35:57.225563
SWdisable_cpuintensive.json,2025-11-19T08:58:15.337702
monitoring_log_20251117_224220.json,2025-11-17T22:59:52.704622
monitoring_log_20251118_031154.json,2025-11-18T07:16:45.619723
monitoring_log_20251117_224220.json,2025-11-17T22:46:10.141091
SWdisable_cpuintensive.json,2025-11-19T06:43:48.303544
monitoring_log_20251117_224220.json,2025-11-17T22:48:19.179593
baseline_log_cpuintensive.json,2025-07-31T23:01:03.473737
monitoring_log_20251118_031154.json,2025-11-18T06:51:14.524766
SWdisable_cpuintensive.json,2025-11-19T06:45:47.465527
SWdisable_cpuintensive.json,2025-11-19T06:13:11.963990
SWdisable_cpuintensive.json,2025-11-19T05:36:18.990475
monitoring_log_20251118_031154.json,2025-11-18T03:36:21.883683
SWdisable_cpuintensive.json,2025-11-19T08:19:46.323162
SWdisable_cpuintensive.json,2025-11-19T08:17:30.405771
SWdisable_cpuintensive.json,2025-11-19T08:15:23.435095
SWdisable_cpuintensive.json,2025-11-19T07:03:44.103909
monitoring_log_20251118_031154.json,2025-11-18T03:32:56.580061
SWdisable_cpuintensive.json,2025-11-19T06:12:38.215048
SWdisable_cpuintensive.json,2025-11-19T08:27:50.609687
monitoring_log_20251117_224220.json,2025-11-17T23:52:20.738345
monitoring_log_20251118_031154.json,2025-11-18T07:34:16.391796
SWdisable_cpuintensive.json,2025-11-19T08:09:43.595032
SWdisable_cpuintensive.json,2025-11-19T08:54:59.616423
SWdisable_cpuintensive.json,2025-11-19T08:33:04.629971
monitoring_log_20251118_031154.json,2025-11-18T07:29:17.183623
monitoring_log_20251118_031154.json,2025-11-18T07:27:17.605103
monitoring_log_20251118_031154.json,2025-11-18T03:30:40.655811
SWdisable_cpuintensive.json,2025-11-19T06:27:28.810437
SWdisable_cpuintensive.json,2025-11-19T07:38:02.111992
SWdisable_cpuintensive.json,2025-11-19T09:03:03.846048
SWdisable_cpuintensive.json,2025-11-19T05:27:52.353258
SWdisable_cpuintensive.json,2025-11-19T07:46:41.828567
monitoring_log_20251118_031154.json,2025-11-18T07:20:18.838458
monitoring_log_20251117_224220.json,2025-11-17T23:41:57.507080
monitoring_log_20251117_224220.json,2025-11-17T23:31:32.193510
SWdisable_cpuintensive.json,2025-11-19T05:28:09.257029
SWdisable_cpuintensive.json,2025-11-19T08:53:26.291715
SWdisable_cpuintensive.json,2025-11-19T05:47:20.753441
SWdisable_cpuintensive.json,2025-11-19T07:09:22.419273
monitoring_log_20251118_031154.json,2025-11-18T07:26:09.415072
baseline_log_cpuintensive.json,2025-07-31T22:58:13.147661
SWdisable_cpuintensive.json,2025-11-19T06:54:49.183104
baseline_log_cpuintensive.json,2025-07-31T22:59:20.528073
SWdisable_cpuintensive.json,2025-11-19T06:47:04.173282
monitoring_log_20251117_224220.json,2025-11-17T23:06:47.566207
monitoring_log_20251117_224220.json,2025-11-17T23:44:56.430200
SWdisable_cpuintensive.json,2025-11-19T07:35:03.610855
baseline_log_cpuintensive.json,2025-07-31T23:01:26.011742
SWdisable_cpuintensive.json,2025-11-19T07:15:26.038684
SWdisable_cpuintensive.json,2025-11-19T05:45:55.726939
SWdisable_cpuintensive.json,2025-11-19T08:26:08.777945
SWdisable_cpuintensive.json,2025-11-19T08:38:27.274389
monitoring_log_20251117_224220.json,2025-11-17T23:49:29.678292
SWdisable_cpuintensive.json,2025-11-19T05:31:15.697218
SWdisable_cpuintensive.json,2025-11-19T07:28:28.631379
monitoring_log_20251117_224220.json,2025-11-17T23:08:39.601590
monitoring_log_20251118_031154.json,2025-11-18T07:35:24.607704
SWdisable_cpuintensive.json,2025-11-19T07:56:27.123498
monitoring_log_20251118_031154.json,2025-11-18T03:31:31.670891
baseline_log_cpuintensive.json,2025-07-31T22:59:59.097725
SWdisable_cpuintensive.json,2025-11-19T08:43:15.839819
SWdisable_cpuintensive.json,2025-11-19T08:00:16.159825
SWdisable_cpuintensive.json,2025-11-19T05:30:07.846686
monitoring_log_20251118_031154.json,2025-11-18T08:09:05.860425
SWdisable_cpuintensive.json,2025-11-19T06:34:49.292215
SWdisable_cpuintensive.json,2025-11-19T07:11:29.435722
baseline_log_cpuintensive.json,2025-07-31T23:01:58.210891
monitoring_log_20251117_224220.json,2025-11-17T23:00:01.312632
monitoring_log_20251117_224220.json,2025-11-17T22:42:43.741351
SWdisable_cpuintensive.json,2025-11-19T08:53:43.178753
monitoring_log_20251118_031154.json,2025-11-18T08:13:05.422825
monitoring_log_20251118_031154.json,2025-11-18T03:27:32.257008
SWdisable_cpuintensive.json,2025-11-19T07:14:10.015785
monitoring_log_20251118_031154.json,2025-11-18T07:24:43.867424
SWdisable_cpuintensive.json,2025-11-19T08:49:46.154669
monitoring_log_20251118_031154.json,2025-11-18T06:52:05.855974
SWdisable_cpuintensive.json,2025-11-19T08:02:23.435585
monitoring_log_20251118_031154.json,2025-11-18T03:27:49.209757
SWdisable_cpuintensive.json,2025-11-19T08:46:47.788748
SWdisable_cpuintensive.json,2025-11-19T08:37:36.164261
SWdisable_cpuintensive.json,2025-11-19T08:41:08.436662
SWdisable_cpuintensive.json,2025-11-19T08:41:16.870992
baseline_log_cpuintensive.json,2025-07-31T23:02:07.827752
SWdisable_cpuintensive.json,2025-11-19T08:13:24.470384
SWdisable_cpuintensive.json,2025-11-19T07:45:08.602343
monitoring_log_20251118_031154.json,2025-11-18T06:40:50.821493
SWdisable_cpuintensive.json,2025-11-19T06:19:41.893137
SWdisable_cpuintensive.json,2025-11-19T06:47:46.468746
SWdisable_cpuintensive.json,2025-11-19T07:43:01.215256
SWdisable_cpuintensive.json,2025-11-19T07:04:43.464505
SWdisable_cpuintensive.json,2025-11-19T06:24:22.031693
SWdisable_cpuintensive.json,2025-11-19T06:04:44.114816
SWdisable_cpuintensive.json,2025-11-19T05:43:56.958225
monitoring_log_20251118_031154.json,2025-11-18T03:20:59.368330
monitoring_log_20251117_224220.json,2025-11-17T23:05:03.972574
SWdisable_cpuintensive.json,2025-11-19T08:13:41.420693
SWdisable_cpuintensive.json,2025-11-19T05:22:56.386061
SWdisable_cpuintensive.json,2025-11-19T06:46:38.802448
monitoring_log_20251117_224220.json,2025-11-17T23:46:39.391186
SWdisable_cpuintensive.json,2025-11-19T06:11:22.015451
SWdisable_cpuintensive.json,2025-11-19T08:30:40.220385
SWdisable_cpuintensive.json,2025-11-19T07:39:44.066916
SWdisable_cpuintensive.json,2025-11-19T06:00:55.088329
SWdisable_cpuintensive.json,2025-11-19T06:16:34.866462
SWdisable_cpuintensive.json,2025-11-19T06:01:46.020615
SWdisable_cpuintensive.json,2025-11-19T07:03:35.643184
monitoring_log_20251118_031154.json,2025-11-18T07:19:44.884067
SWdisable_cpuintensive.json,2025-11-19T05:57:57.171684
monitoring_log_20251118_031154.json,2025-11-18T06:27:01.397517
SWdisable_cpuintensive.json,2025-11-19T06:30:43.651130
SWdisable_cpuintensive.json,2025-11-19T08:42:41.941422
SWdisable_cpuintensive.json,2025-11-19T08:45:56.984061
monitoring_log_20251117_224220.json,2025-11-17T22:56:50.262168
SWdisable_cpuintensive.json,2025-11-19T08:40:42.986910
baseline_log_cpuintensive.json,2025-07-31T22:59:33.445660
monitoring_log_20251118_031154.json,2025-11-18T08:05:40.757439
SWdisable_cpuintensive.json,2025-11-19T05:58:48.014722
SWdisable_cpuintensive.json,2025-11-19T06:21:49.234710
monitoring_log_20251117_224220.json,2025-11-17T23:34:05.873285
SWdisable_cpuintensive.json,2025-11-19T08:17:38.913900
monitoring_log_20251117_224220.json,2025-11-17T23:26:04.403282
SWdisable_cpuintensive.json,2025-11-19T06:07:16.548183
SWdisable_cpuintensive.json,2025-11-19T07:35:12.185089
SWdisable_cpuintensive.json,2025-11-19T08:08:52.882814
monitoring_log_20251118_031154.json,2025-11-18T07:37:15.354336
SWdisable_cpuintensive.json,2025-11-19T05:24:45.972775
monitoring_log_20251117_224220.json,2025-11-17T23:43:44.905674
SWdisable_cpuintensive.json,2025-11-19T07:07:06.925448
monitoring_log_20251118_031154.json,2025-11-18T06:38:59.577250
SWdisable_cpuintensive.json,2025-11-19T07:47:41.101773
monitoring_log_20251118_031154.json,2025-11-18T03:36:04.592955
monitoring_log_20251118_031154.json,2025-11-18T03:21:51.287062
SWdisable_cpuintensive.json,2025-11-19T06:14:44.756779
monitoring_log_20251117_224220.json,2025-11-17T22:42:52.679920
SWdisable_cpuintensive.json,2025-11-19T05:49:10.644018
SWdisable_cpuintensive.json,2025-11-19T07:48:14.790099
monitoring_log_20251118_031154.json,2025-11-18T07:20:01.904969
SWdisable_cpuintensive.json,2025-11-19T08:17:47.312652
SWdisable_cpuintensive.json,2025-11-19T08:51:19.232328
SWdisable_cpuintensive.json,2025-11-19T08:40:34.433010
SWdisable_cpuintensive.json,2025-11-19T08:07:28.194274
SWdisable_cpuintensive.json,2025-11-19T05:49:53.260937
SWdisable_cpuintensive.json,2025-11-19T06:52:41.879526
monitoring_log_20251117_224220.json,2025-11-17T22:50:03.346579
SWdisable_cpuintensive.json,2025-11-19T08:15:06.445656
monitoring_log_20251117_224220.json,2025-11-17T22:52:56.313960
monitoring_log_20251117_224220.json,2025-11-17T23:24:47.189088
SWdisable_cpuintensive.json,2025-11-19T06:51:59.525039
monitoring_log_20251117_224220.json,2025-11-17T23:01:01.999987
SWdisable_cpuintensive.json,2025-11-19T07:49:31.109608
SWdisable_cpuintensive.json,2025-11-19T07:41:01.922327
SWdisable_cpuintensive.json,2025-11-19T06:15:52.281259
baseline_log_cpuintensive.json,2025-07-31T22:59:30.240852
monitoring_log_20251117_224220.json,2025-11-17T23:15:18.036592
SWdisable_cpuintensive.json,2025-11-19T06:49:03.389574
SWdisable_cpuintensive.json,2025-11-19T07:07:49.619524
SWdisable_cpuintensive.json,2025-11-19T07:21:55.323430
SWdisable_cpuintensive.json,2025-11-19T07:02:19.629744
monitoring_log_20251117_224220.json,2025-11-17T23:27:48.591112
SWdisable_cpuintensive.json,2025-11-19T05:42:40.627475
SWdisable_cpuintensive.json,2025-11-19T06:53:58.331529
SWdisable_cpuintensive.json,2025-11-19T06:10:39.944960
monitoring_log_20251117_224220.json,2025-11-17T22:57:24.940340
monitoring_log_20251118_031154.json,2025-11-18T06:52:14.378260
SWdisable_cpuintensive.json,2025-11-19T08:05:46.777291
monitoring_log_20251118_031154.json,2025-11-18T03:32:31.153582
monitoring_log_20251118_031154.json,2025-11-18T06:53:48.291597
SWdisable_cpuintensive.json,2025-11-19T07:05:34.181011
SWdisable_cpuintensive.json,2025-11-19T07:55:53.054272
monitoring_log_20251117_224220.json,2025-11-17T23:26:21.980395
SWdisable_cpuintensive.json,2025-11-19T09:01:13.436242
monitoring_log_20251117_224220.json,2025-11-17T22:51:29.730387
monitoring_log_20251118_031154.json,2025-11-18T07:18:36.567943
monitoring_log_20251118_031154.json,2025-11-18T03:34:47.745825
SWdisable_cpuintensive.json,2025-11-19T08:06:12.175449
SWdisable_cpuintensive.json,2025-11-19T06:29:10.622869
SWdisable_cpuintensive.json,2025-11-19T08:21:53.657190
baseline_log_cpuintensive.json,2025-07-31T23:00:50.518965
monitoring_log_20251118_031154.json,2025-11-18T08:09:14.405957
monitoring_log_20251117_224220.json,2025-11-17T23:52:29.385871
SWdisable_cpuintensive.json,2025-11-19T08:05:04.549258
baseline_log_cpuintensive.json,2025-07-31T23:02:27.253403
SWdisable_cpuintensive.json,2025-11-19T06:11:13.607160
monitoring_log_20251117_224220.json,2025-11-17T22:52:30.145092
baseline_log_cpuintensive.json,2025-07-31T22:59:14.068677
monitoring_log_20251118_031154.json,2025-11-18T06:29:52.168329
SWdisable_cpuintensive.json,2025-11-19T08:59:23.221760
SWdisable_cpuintensive.json,2025-11-19T08:41:33.801545
monitoring_log_20251118_031154.json,2025-11-18T03:35:04.809723
SWdisable_cpuintensive.json,2025-11-19T07:20:30.686342
SWdisable_cpuintensive.json,2025-11-19T07:59:50.907826
SWdisable_cpuintensive.json,2025-11-19T06:02:11.577655
monitoring_log_20251117_224220.json,2025-11-17T23:34:31.954043
SWdisable_cpuintensive.json,2025-11-19T07:31:14.390179
SWdisable_cpuintensive.json,2025-11-19T05:37:43.553368
monitoring_log_20251118_031154.json,2025-11-18T03:31:48.494951
SWdisable_cpuintensive.json,2025-11-19T05:38:34.529809
SWdisable_cpuintensive.json,2025-11-19T09:02:29.876522
monitoring_log_20251118_031154.json,2025-11-18T08:11:48.454507
monitoring_log_20251117_224220.json,2025-11-17T22:57:59.625276
baseline_log_cpuintensive.json,2025-07-31T23:00:56.967128
monitoring_log_20251118_031154.json,2025-11-18T03:20:07.974573
monitoring_log_20251118_031154.json,2025-11-18T07:29:25.665488
monitoring_log_20251117_224220.json,2025-11-17T23:36:48.759847
monitoring_log_20251118_031154.json,2025-11-18T07:14:36.781776
SWdisable_cpuintensive.json,2025-11-19T08:49:54.641141
monitoring_log_20251117_224220.json,2025-11-17T23:00:53.408287
SWdisable_cpuintensive.json,2025-11-19T07:05:51.080383
SWdisable_cpuintensive.json,2025-11-19T05:32:48.782149
monitoring_log_20251118_031154.json,2025-11-18T06:29:43.567615
monitoring_log_20251118_031154.json,2025-11-18T07:34:24.945548
SWdisable_cpuintensive.json,2025-11-19T06:31:25.924137
monitoring_log_20251117_224220.json,2025-11-17T23:28:31.771329
monitoring_log_20251117_224220.json,2025-11-17T22:47:35.807549
monitoring_log_20251118_031154.json,2025-11-18T08:08:31.469813
SWdisable_cpuintensive.json,2025-11-19T08:14:32.325600
monitoring_log_20251118_031154.json,2025-11-18T03:25:41.814610
monitoring_log_20251117_224220.json,2025-11-17T22:56:15.129363
monitoring_log_20251117_224220.json,2025-11-17T23:27:57.110361
monitoring_log_20251117_224220.json,2025-11-17T23:08:13.624809
SWdisable_cpuintensive.json,2025-11-19T06:20:41.386109
SWdisable_cpuintensive.json,2025-11-19T07:12:11.794023
baseline_log_cpuintensive.json,2025-07-31T23:01:00.239605
monitoring_log_20251117_224220.json,2025-11-17T23:50:04.006902
baseline_log_cpuintensive.json,2025-07-31T23:00:47.313242
SWdisable_cpuintensive.json,2025-11-19T05:37:09.827108
SWdisable_cpuintensive.json,2025-11-19T08:37:27.724271
monitoring_log_20251118_031154.json,2025-11-18T03:17:24.470173
SWdisable_cpuintensive.json,2025-11-19T07:10:13.022416
SWdisable_cpuintensive.json,2025-11-19T07:19:06.142888
monitoring_log_20251118_031154.json,2025-11-18T07:20:10.348153
baseline_log_cpuintensive.json,2025-07-31T22:58:09.923650
monitoring_log_20251118_031154.json,2025-11-18T03:31:57.209056
monitoring_log_20251117_224220.json,2025-11-17T22:49:45.874129
monitoring_log_20251117_224220.json,2025-11-17T23:51:12.285664
SWdisable_cpuintensive.json,2025-11-19T05:44:22.214356
monitoring_log_20251118_031154.json,2025-11-18T03:23:25.599439
monitoring_log_20251117_224220.json,2025-11-17T22:50:12.132541
baseline_log_cpuintensive.json,2025-07-31T22:58:29.171817
monitoring_log_20251118_031154.json,2025-11-18T03:25:07.707935
SWdisable_cpuintensive.json,2025-11-19T07:03:01.919180
SWdisable_cpuintensive.json,2025-11-19T07:20:47.511728
SWdisable_cpuintensive.json,2025-11-19T08:44:57.656374
monitoring_log_20251117_224220.json,2025-11-17T23:44:21.601648
monitoring_log_20251117_224220.json,2025-11-17T22:51:03.885915
monitoring_log_20251118_031154.json,2025-11-18T07:25:43.849468
SWdisable_cpuintensive.json,2025-11-19T07:04:18.025859
monitoring_log_20251118_031154.json,2025-11-18T08:11:22.641005
SWdisable_cpuintensive.json,2025-11-19T07:39:10.127327
SWdisable_cpuintensive.json,2025-11-19T07:36:53.902092
SWdisable_cpuintensive.json,2025-11-19T06:27:37.267909
monitoring_log_20251117_224220.json,2025-11-17T22:58:26.087933
monitoring_log_20251118_031154.json,2025-11-18T06:27:18.537138
SWdisable_cpuintensive.json,2025-11-19T08:51:27.691847
SWdisable_cpuintensive.json,2025-11-19T05:47:03.810549
SWdisable_cpuintensive.json,2025-11-19T07:08:23.497714
monitoring_log_20251117_224220.json,2025-11-17T23:14:17.127502
SWdisable_cpuintensive.json,2025-11-19T08:34:12.564128
SWdisable_cpuintensive.json,2025-11-19T05:26:19.169385
monitoring_log_20251117_224220.json,2025-11-17T23:26:48.015646
monitoring_log_20251117_224220.json,2025-11-17T23:40:28.756990
monitoring_log_20251118_031154.json,2025-11-18T08:12:48.435023
SWdisable_cpuintensive.json,2025-11-19T07:49:56.602461
SWdisable_cpuintensive.json,2025-11-19T08:15:14.898654
SWdisable_cpuintensive.json,2025-11-19T07:56:01.643644
monitoring_log_20251117_224220.json,2025-11-17T23:21:45.079741
monitoring_log_20251117_224220.json,2025-11-17T23:19:44.978798
monitoring_log_20251118_031154.json,2025-11-18T03:14:25.355511
SWdisable_cpuintensive.json,2025-11-19T08:43:58.282944
SWdisable_cpuintensive.json,2025-11-19T05:28:26.153636
SWdisable_cpuintensive.json,2025-11-19T08:54:17.100397
monitoring_log_20251118_031154.json,2025-11-18T08:08:39.907502
monitoring_log_20251117_224220.json,2025-11-17T23:35:06.166989
monitoring_log_20251117_224220.json,2025-11-17T23:18:19.322493
SWdisable_cpuintensive.json,2025-11-19T08:56:25.291733
SWdisable_cpuintensive.json,2025-11-19T06:51:16.985145
SWdisable_cpuintensive.json,2025-11-19T08:09:01.279829
SWdisable_cpuintensive.json,2025-11-19T05:26:36.186209
SWdisable_cpuintensive.json,2025-11-19T06:25:46.587492
baseline_log_cpuintensive.json,2025-07-31T23:00:24.863985
monitoring_log_20251118_031154.json,2025-11-18T07:18:45.089778
SWdisable_cpuintensive.json,2025-11-19T06:33:07.666815
SWdisable_cpuintensive.json,2025-11-19T08:26:51.370323
SWdisable_cpuintensive.json,2025-11-19T08:32:56.130665
monitoring_log_20251118_031154.json,2025-11-18T03:13:59.878231
SWdisable_cpuintensive.json,2025-11-19T08:44:23.648669
SWdisable_cpuintensive.json,2025-11-19T08:33:21.632421
SWdisable_cpuintensive.json,2025-11-19T05:56:49.288646
SWdisable_cpuintensive.json,2025-11-19T06:43:05.895458
SWdisable_cpuintensive.json,2025-11-19T06:36:56.514162
monitoring_log_20251117_224220.json,2025-11-17T23:28:14.254007
SWdisable_cpuintensive.json,2025-11-19T08:23:10.306141
SWdisable_cpuintensive.json,2025-11-19T08:09:52.054322
SWdisable_cpuintensive.json,2025-11-19T07:06:58.429382
SWdisable_cpuintensive.json,2025-11-19T07:09:05.645286
monitoring_log_20251118_031154.json,2025-11-18T06:41:33.347739
SWdisable_cpuintensive.json,2025-11-19T05:30:50.312044
SWdisable_cpuintensive.json,2025-11-19T06:54:23.850406
SWdisable_cpuintensive.json,2025-11-19T08:15:57.286220
monitoring_log_20251117_224220.json,2025-11-17T23:25:04.385479
SWdisable_cpuintensive.json,2025-11-19T06:48:54.819359
SWdisable_cpuintensive.json,2025-11-19T08:33:13.102439
SWdisable_cpuintensive.json,2025-11-19T08:45:06.218904
monitoring_log_20251118_031154.json,2025-11-18T06:37:00.254222
SWdisable_cpuintensive.json,2025-11-19T07:41:44.275607
monitoring_log_20251118_031154.json,2025-11-18T07:22:43.931167
SWdisable_cpuintensive.json,2025-11-19T08:25:34.804669
SWdisable_cpuintensive.json,2025-11-19T07:36:45.386871
SWdisable_cpuintensive.json,2025-11-19T08:29:49.412091
monitoring_log_20251118_031154.json,2025-11-18T07:24:09.749937
monitoring_log_20251118_031154.json,2025-11-18T07:33:33.435289
monitoring_log_20251117_224220.json,2025-11-17T23:08:22.484448
monitoring_log_20251118_031154.json,2025-11-18T07:23:01.147248
SWdisable_cpuintensive.json,2025-11-19T08:10:26.137813
monitoring_log_20251118_031154.json,2025-11-18T03:16:15.981343
SWdisable_cpuintensive.json,2025-11-19T07:05:00.386650
monitoring_log_20251117_224220.json,2025-11-17T23:28:40.424502
SWdisable_cpuintensive.json,2025-11-19T07:53:28.881324
SWdisable_cpuintensive.json,2025-11-19T07:10:29.857691
monitoring_log_20251117_224220.json,2025-11-17T23:53:47.585426
monitoring_log_20251117_224220.json,2025-11-17T23:07:30.232509
SWdisable_cpuintensive.json,2025-11-19T06:35:57.458294
SWdisable_cpuintensive.json,2025-11-19T05:34:54.356485
monitoring_log_20251118_031154.json,2025-11-18T06:42:41.853624
SWdisable_cpuintensive.json,2025-11-19T08:33:55.549201
SWdisable_cpuintensive.json,2025-11-19T07:38:10.538744
SWdisable_cpuintensive.json,2025-11-19T08:47:30.397789
monitoring_log_20251118_031154.json,2025-11-18T07:19:02.166080
SWdisable_cpuintensive.json,2025-11-19T08:05:38.265011
SWdisable_cpuintensive.json,2025-11-19T05:44:39.197762
SWdisable_cpuintensive.json,2025-11-19T07:14:35.424364
SWdisable_cpuintensive.json,2025-11-19T06:09:57.680301
SWdisable_cpuintensive.json,2025-11-19T05:23:30.444878
SWdisable_cpuintensive.json,2025-11-19T07:42:18.596206
monitoring_log_20251117_224220.json,2025-11-17T23:16:44.356187
SWdisable_cpuintensive.json,2025-11-19T07:08:57.221354
SWdisable_cpuintensive.json,2025-11-19T07:37:28.166190
SWdisable_cpuintensive.json,2025-11-19T06:29:36.077316
SWdisable_cpuintensive.json,2025-11-19T05:49:02.243593
SWdisable_cpuintensive.json,2025-11-19T05:46:38.200389
SWdisable_cpuintensive.json,2025-11-19T06:27:11.946484
SWdisable_cpuintensive.json,2025-11-19T06:32:42.070343
monitoring_log_20251117_224220.json,2025-11-17T23:05:55.933359
SWdisable_cpuintensive.json,2025-11-19T08:10:34.638925
SWdisable_cpuintensive.json,2025-11-19T08:34:21.069426
monitoring_log_20251117_224220.json,2025-11-17T23:33:48.869954
SWdisable_cpuintensive.json,2025-11-19T08:06:03.723803
monitoring_log_20251118_031154.json,2025-11-18T07:30:59.509354
SWdisable_cpuintensive.json,2025-11-19T08:52:43.937932
baseline_log_cpuintensive.json,2025-07-31T22:57:53.777402
monitoring_log_20251118_031154.json,2025-11-18T07:18:53.665607
monitoring_log_20251117_224220.json,2025-11-17T23:36:31.724399
monitoring_log_20251117_224220.json,2025-11-17T22:57:33.586873
monitoring_log_20251117_224220.json,2025-11-17T23:03:20.440914
monitoring_log_20251118_031154.json,2025-11-18T03:18:41.292392
monitoring_log_20251117_224220.json,2025-11-17T23:39:50.838640
monitoring_log_20251118_031154.json,2025-11-18T08:08:05.851163
SWdisable_cpuintensive.json,2025-11-19T06:09:40.548416
SWdisable_cpuintensive.json,2025-11-19T06:25:55.046313
monitoring_log_20251117_224220.json,2025-11-17T23:16:26.865548
baseline_log_cpuintensive.json,2025-07-31T23:02:04.622543
SWdisable_cpuintensive.json,2025-11-19T07:22:45.967019
monitoring_log_20251118_031154.json,2025-11-18T03:15:16.646567
monitoring_log_20251118_031154.json,2025-11-18T06:43:33.363646
SWdisable_cpuintensive.json,2025-11-19T08:48:55.080383
SWdisable_cpuintensive.json,2025-11-19T08:18:46.694235
SWdisable_cpuintensive.json,2025-11-19T09:00:56.339565
monitoring_log_20251117_224220.json,2025-11-17T23:26:39.075689
SWdisable_cpuintensive.json,2025-11-19T05:35:36.584397
SWdisable_cpuintensive.json,2025-11-19T08:47:21.844017
monitoring_log_20251118_031154.json,2025-11-18T08:04:15.325608
SWdisable_cpuintensive.json,2025-11-19T08:58:23.918085
SWdisable_cpuintensive.json,2025-11-19T07:15:00.788732
monitoring_log_20251117_224220.json,2025-11-17T23:00:18.754308
SWdisable_cpuintensive.json,2025-11-19T05:30:16.348854
monitoring_log_20251118_031154.json,2025-11-18T03:13:33.957580
SWdisable_cpuintensive.json,2025-11-19T08:30:57.323581
monitoring_log_20251117_224220.json,2025-11-17T23:31:49.208938
monitoring_log_20251117_224220.json,2025-11-17T23:13:33.806384
SWdisable_cpuintensive.json,2025-11-19T08:25:00.877118
SWdisable_cpuintensive.json,2025-11-19T05:39:25.243638
monitoring_log_20251118_031154.json,2025-11-18T07:30:33.755137
SWdisable_cpuintensive.json,2025-11-19T07:48:31.692452
SWdisable_cpuintensive.json,2025-11-19T06:34:15.412049
monitoring_log_20251117_224220.json,2025-11-17T23:13:07.820622
SWdisable_cpuintensive.json,2025-11-19T07:51:38.540858
SWdisable_cpuintensive.json,2025-11-19T08:18:21.190028
SWdisable_cpuintensive.json,2025-11-19T08:46:05.438569
SWdisable_cpuintensive.json,2025-11-19T06:48:29.107770
SWdisable_cpuintensive.json,2025-11-19T07:13:44.562044
SWdisable_cpuintensive.json,2025-11-19T05:25:02.857416
SWdisable_cpuintensive.json,2025-11-19T07:56:18.625098
SWdisable_cpuintensive.json,2025-11-19T08:53:34.712453
monitoring_log_20251118_031154.json,2025-11-18T03:27:06.812311
SWdisable_cpuintensive.json,2025-11-19T06:03:44.812486
monitoring_log_20251118_031154.json,2025-11-18T06:39:42.270710
SWdisable_cpuintensive.json,2025-11-19T06:23:56.391449
SWdisable_cpuintensive.json,2025-11-19T08:36:45.310269
baseline_log_cpuintensive.json,2025-07-31T23:00:37.692052
SWdisable_cpuintensive.json,2025-11-19T06:59:46.673334
SWdisable_cpuintensive.json,2025-11-19T05:27:01.518223
SWdisable_cpuintensive.json,2025-11-19T08:38:35.791238
SWdisable_cpuintensive.json,2025-11-19T07:07:15.521346
SWdisable_cpuintensive.json,2025-11-19T07:43:26.621699
monitoring_log_20251117_224220.json,2025-11-17T23:45:47.564257
SWdisable_cpuintensive.json,2025-11-19T05:53:42.450003
SWdisable_cpuintensive.json,2025-11-19T07:48:48.710942
SWdisable_cpuintensive.json,2025-11-19T08:13:32.974097
SWdisable_cpuintensive.json,2025-11-19T06:09:32.050190
SWdisable_cpuintensive.json,2025-11-19T06:44:22.425029
SWdisable_cpuintensive.json,2025-11-19T08:44:32.082784
SWdisable_cpuintensive.json,2025-11-19T08:02:31.967290
monitoring_log_20251117_224220.json,2025-11-17T23:50:29.487959
SWdisable_cpuintensive.json,2025-11-19T06:11:39.008518
SWdisable_cpuintensive.json,2025-11-19T05:44:13.778577
monitoring_log_20251117_224220.json,2025-11-17T23:51:29.348176
monitoring_log_20251118_031154.json,2025-11-18T08:12:39.877425
SWdisable_cpuintensive.json,2025-11-19T08:05:29.831288
SWdisable_cpuintensive.json,2025-11-19T07:28:20.178152
SWdisable_cpuintensive.json,2025-11-19T07:45:33.975825
SWdisable_cpuintensive.json,2025-11-19T08:00:33.128705
monitoring_log_20251118_031154.json,2025-11-18T03:27:15.240072
SWdisable_cpuintensive.json,2025-11-19T05:45:21.607391
monitoring_log_20251117_224220.json,2025-11-17T23:28:23.140557
monitoring_log_20251117_224220.json,2025-11-17T23:18:45.022384
SWdisable_cpuintensive.json,2025-11-19T07:50:38.913840
monitoring_log_20251117_224220.json,2025-11-17T23:51:46.299802
monitoring_log_20251118_031154.json,2025-11-18T03:34:13.314581
SWdisable_cpuintensive.json,2025-11-19T05:48:19.994155
monitoring_log_20251118_031154.json,2025-11-18T06:41:41.867510
SWdisable_cpuintensive.json,2025-11-19T09:04:28.957260
monitoring_log_20251118_031154.json,2025-11-18T07:26:51.985781
SWdisable_cpuintensive.json,2025-11-19T08:19:03.541587
monitoring_log_20251117_224220.json,2025-11-17T23:23:20.297046
monitoring_log_20251118_031154.json,2025-11-18T07:25:52.363588
monitoring_log_20251118_031154.json,2025-11-18T03:33:13.641893
monitoring_log_20251117_224220.json,2025-11-17T22:57:16.438325
monitoring_log_20251118_031154.json,2025-11-18T06:41:24.851802
SWdisable_cpuintensive.json,2025-11-19T07:32:39.177750
monitoring_log_20251118_031154.json,2025-11-18T06:53:22.678467
SWdisable_cpuintensive.json,2025-11-19T07:41:35.881558
monitoring_log_20251118_031154.json,2025-11-18T06:53:39.747337
baseline_log_cpuintensive.json,2025-07-31T22:58:54.811668
SWdisable_cpuintensive.json,2025-11-19T06:12:21.439408
monitoring_log_20251118_031154.json,2025-11-18T03:33:05.147007
monitoring_log_20251118_031154.json,2025-11-18T08:09:48.643538
monitoring_log_20251117_224220.json,2025-11-17T22:47:27.368342
SWdisable_cpuintensive.json,2025-11-19T06:17:51.007238
monitoring_log_20251117_224220.json,2025-11-17T23:14:34.540588
monitoring_log_20251117_224220.json,2025-11-17T23:23:55.105622
SWdisable_cpuintensive.json,2025-11-19T05:57:48.754728
monitoring_log_20251117_224220.json,2025-11-17T22:59:34.926383
SWdisable_cpuintensive.json,2025-11-19T07:41:18.894753
monitoring_log_20251118_031154.json,2025-11-18T08:10:39.640912
SWdisable_cpuintensive.json,2025-11-19T06:07:33.494275
SWdisable_cpuintensive.json,2025-11-19T08:55:16.804810
monitoring_log_20251118_031154.json,2025-11-18T08:04:06.685294
monitoring_log_20251117_224220.json,2025-11-17T23:04:46.854054
SWdisable_cpuintensive.json,2025-11-19T08:37:19.295348
SWdisable_cpuintensive.json,2025-11-19T07:45:50.831394
SWdisable_cpuintensive.json,2025-11-19T08:54:33.996033
SWdisable_cpuintensive.json,2025-11-19T06:58:30.373996
SWdisable_cpuintensive.json,2025-11-19T07:41:10.368101
SWdisable_cpuintensive.json,2025-11-19T06:15:43.861824
SWdisable_cpuintensive.json,2025-11-19T06:45:13.086696
SWdisable_cpuintensive.json,2025-11-19T07:53:45.862292
SWdisable_cpuintensive.json,2025-11-19T07:21:38.372445
SWdisable_cpuintensive.json,2025-11-19T07:47:49.528653
monitoring_log_20251118_031154.json,2025-11-18T03:22:25.568016
monitoring_log_20251117_224220.json,2025-11-17T22:55:40.760035
monitoring_log_20251118_031154.json,2025-11-18T06:32:43.383708
monitoring_log_20251117_224220.json,2025-11-17T23:35:14.709994
SWdisable_cpuintensive.json,2025-11-19T07:20:05.458046
SWdisable_cpuintensive.json,2025-11-19T08:51:10.777404
SWdisable_cpuintensive.json,2025-11-19T07:15:09.206861
SWdisable_cpuintensive.json,2025-11-19T08:35:37.600634
monitoring_log_20251117_224220.json,2025-11-17T23:04:12.462256
monitoring_log_20251118_031154.json,2025-11-18T07:32:50.342642
SWdisable_cpuintensive.json,2025-11-19T07:57:43.646886
monitoring_log_20251117_224220.json,2025-11-17T23:49:04.183595
SWdisable_cpuintensive.json,2025-11-19T07:52:12.685657
SWdisable_cpuintensive.json,2025-11-19T08:47:04.787997
monitoring_log_20251117_224220.json,2025-11-17T23:35:48.717037
monitoring_log_20251118_031154.json,2025-11-18T03:31:06.087359
monitoring_log_20251118_031154.json,2025-11-18T08:09:23.062218
SWdisable_cpuintensive.json,2025-11-19T05:41:15.663140
SWdisable_cpuintensive.json,2025-11-19T07:34:21.248693
monitoring_log_20251118_031154.json,2025-11-18T03:26:16.035166
SWdisable_cpuintensive.json,2025-11-19T08:39:26.806255
SWdisable_cpuintensive.json,2025-11-19T07:51:21.518202
SWdisable_cpuintensive.json,2025-11-19T06:13:37.356625
SWdisable_cpuintensive.json,2025-11-19T07:50:47.377887
SWdisable_cpuintensive.json,2025-11-19T08:58:40.929649
SWdisable_cpuintensive.json,2025-11-19T07:01:37.291697
SWdisable_cpuintensive.json,2025-11-19T07:22:03.754340
monitoring_log_20251118_031154.json,2025-11-18T07:35:33.159608
monitoring_log_20251117_224220.json,2025-11-17T23:38:06.124965
monitoring_log_20251117_224220.json,2025-11-17T22:59:17.777664
SWdisable_cpuintensive.json,2025-11-19T07:48:06.363659
SWdisable_cpuintensive.json,2025-11-19T08:23:18.770734
monitoring_log_20251118_031154.json,2025-11-18T06:28:35.254864
monitoring_log_20251117_224220.json,2025-11-17T22:58:17.117949
SWdisable_cpuintensive.json,2025-11-19T05:43:14.657483
SWdisable_cpuintensive.json,2025-11-19T05:54:07.764785
monitoring_log_20251118_031154.json,2025-11-18T03:27:23.786687
monitoring_log_20251118_031154.json,2025-11-18T07:20:44.662484
monitoring_log_20251118_031154.json,2025-11-18T06:43:07.648744
monitoring_log_20251118_031154.json,2025-11-18T06:37:08.778473
monitoring_log_20251118_031154.json,2025-11-18T06:33:51.779885
SWdisable_cpuintensive.json,2025-11-19T05:25:44.973426
SWdisable_cpuintensive.json,2025-11-19T07:05:42.603666
SWdisable_cpuintensive.json,2025-11-19T08:12:33.488797
monitoring_log_20251117_224220.json,2025-11-17T22:55:23.584177
SWdisable_cpuintensive.json,2025-11-19T07:32:05.150251
monitoring_log_20251117_224220.json,2025-11-17T22:54:13.869862
SWdisable_cpuintensive.json,2025-11-19T05:24:03.978021
monitoring_log_20251117_224220.json,2025-11-17T23:41:48.968270
monitoring_log_20251118_031154.json,2025-11-18T07:27:26.120749
monitoring_log_20251117_224220.json,2025-11-17T23:33:06.137743
SWdisable_cpuintensive.json,2025-11-19T08:34:55.112292
SWdisable_cpuintensive.json,2025-11-19T07:11:46.470107
SWdisable_cpuintensive.json,2025-11-19T06:53:41.324942
monitoring_log_20251117_224220.json,2025-11-17T23:39:15.871270
monitoring_log_20251117_224220.json,2025-11-17T22:54:39.960067
SWdisable_cpuintensive.json,2025-11-19T05:41:41.153049
SWdisable_cpuintensive.json,2025-11-19T07:27:37.573858
SWdisable_cpuintensive.json,2025-11-19T06:09:06.583626
monitoring_log_20251117_224220.json,2025-11-17T23:32:49.003383
monitoring_log_20251117_224220.json,2025-11-17T22:52:04.322575
SWdisable_cpuintensive.json,2025-11-19T08:30:31.731107
monitoring_log_20251117_224220.json,2025-11-17T22:49:36.968808
monitoring_log_20251118_031154.json,2025-11-18T07:37:06.939722
SWdisable_cpuintensive.json,2025-11-19T05:24:37.574089
SWdisable_cpuintensive.json,2025-11-19T07:42:52.659318
SWdisable_cpuintensive.json,2025-11-19T05:53:50.872813
monitoring_log_20251117_224220.json,2025-11-17T23:22:10.785727
monitoring_log_20251118_031154.json,2025-11-18T03:18:15.746614
SWdisable_cpuintensive.json,2025-11-19T08:16:05.765104
monitoring_log_20251117_224220.json,2025-11-17T23:26:13.184696
monitoring_log_20251118_031154.json,2025-11-18T06:36:26.149526
SWdisable_cpuintensive.json,2025-11-19T07:31:05.915998
monitoring_log_20251117_224220.json,2025-11-17T22:47:44.657234
SWdisable_cpuintensive.json,2025-11-19T06:36:22.724941
baseline_log_cpuintensive.json,2025-07-31T22:58:32.376783
SWdisable_cpuintensive.json,2025-11-19T06:49:35.071980
SWdisable_cpuintensive.json,2025-11-19T05:51:00.917166
SWdisable_cpuintensive.json,2025-11-19T08:29:32.415671
SWdisable_cpuintensive.json,2025-11-19T06:04:10.310174
SWdisable_cpuintensive.json,2025-11-19T07:43:18.129116
monitoring_log_20251118_031154.json,2025-11-18T07:26:34.937046
monitoring_log_20251118_031154.json,2025-11-18T06:29:26.469300
monitoring_log_20251118_031154.json,2025-11-18T07:31:08.077508
SWdisable_cpuintensive.json,2025-11-19T08:07:19.776619
monitoring_log_20251117_224220.json,2025-11-17T23:13:16.380071
SWdisable_cpuintensive.json,2025-11-19T06:42:48.918160
SWdisable_cpuintensive.json,2025-11-19T05:45:30.181823
SWdisable_cpuintensive.json,2025-11-19T06:22:40.165471
SWdisable_cpuintensive.json,2025-11-19T07:39:18.632778
monitoring_log_20251117_224220.json,2025-11-17T23:24:38.555364
SWdisable_cpuintensive.json,2025-11-19T06:30:52.095233
monitoring_log_20251117_224220.json,2025-11-17T23:42:06.274244
monitoring_log_20251117_224220.json,2025-11-17T22:52:38.690456
monitoring_log_20251117_224220.json,2025-11-17T23:27:22.395570
monitoring_log_20251117_224220.json,2025-11-17T23:25:47.078635
SWdisable_cpuintensive.json,2025-11-19T09:04:20.430572
SWdisable_cpuintensive.json,2025-11-19T08:56:59.227803
SWdisable_cpuintensive.json,2025-11-19T06:43:22.783701
SWdisable_cpuintensive.json,2025-11-19T08:18:55.155639
SWdisable_cpuintensive.json,2025-11-19T06:18:33.626837
SWdisable_cpuintensive.json,2025-11-19T06:46:55.708207
monitoring_log_20251117_224220.json,2025-11-17T22:49:19.170583
monitoring_log_20251118_031154.json,2025-11-18T07:20:53.194306
monitoring_log_20251117_224220.json,2025-11-17T23:24:55.811413
monitoring_log_20251118_031154.json,2025-11-18T07:19:36.320515
monitoring_log_20251117_224220.json,2025-11-17T22:45:01.276981
SWdisable_cpuintensive.json,2025-11-19T07:21:04.328596
monitoring_log_20251118_031154.json,2025-11-18T07:32:33.350420
SWdisable_cpuintensive.json,2025-11-19T07:51:12.988088
SWdisable_cpuintensive.json,2025-11-19T08:25:26.328867
monitoring_log_20251117_224220.json,2025-11-17T23:23:46.634684
SWdisable_cpuintensive.json,2025-11-19T06:59:04.261766
monitoring_log_20251118_031154.json,2025-11-18T06:42:33.244649
SWdisable_cpuintensive.json,2025-11-19T05:43:31.554390
monitoring_log_20251118_031154.json,2025-11-18T06:36:43.225894
SWdisable_cpuintensive.json,2025-11-19T07:56:52.538300
SWdisable_cpuintensive.json,2025-11-19T06:22:57.090973
monitoring_log_20251117_224220.json,2025-11-17T22:48:01.686047
monitoring_log_20251117_224220.json,2025-11-17T22:55:49.294142
SWdisable_cpuintensive.json,2025-11-19T07:18:07.155587
monitoring_log_20251118_031154.json,2025-11-18T03:30:57.607087
SWdisable_cpuintensive.json,2025-11-19T06:52:08.049905
SWdisable_cpuintensive.json,2025-11-19T08:35:20.538539
SWdisable_cpuintensive.json,2025-11-19T06:05:09.421460
SWdisable_cpuintensive.json,2025-11-19T06:20:07.409447
SWdisable_cpuintensive.json,2025-11-19T05:35:53.607554
monitoring_log_20251118_031154.json,2025-11-18T03:26:41.511773
monitoring_log_20251118_031154.json,2025-11-18T08:07:31.860719
SWdisable_cpuintensive.json,2025-11-19T05:41:58.089128
monitoring_log_20251117_224220.json,2025-11-17T23:33:31.743648
monitoring_log_20251117_224220.json,2025-11-17T23:52:37.969246
monitoring_log_20251117_224220.json,2025-11-17T23:53:30.059417
SWdisable_cpuintensive.json,2025-11-19T08:47:13.370419
monitoring_log_20251118_031154.json,2025-11-18T03:27:57.634523
monitoring_log_20251118_031154.json,2025-11-18T06:35:25.939992
SWdisable_cpuintensive.json,2025-11-19T08:16:56.422071
SWdisable_cpuintensive.json,2025-11-19T07:07:32.559425
SWdisable_cpuintensive.json,2025-11-19T08:34:46.585783
monitoring_log_20251117_224220.json,2025-11-17T23:53:12.706964
SWdisable_cpuintensive.json,2025-11-19T06:01:28.978046
monitoring_log_20251118_031154.json,2025-11-18T07:36:58.494017
monitoring_log_20251118_031154.json,2025-11-18T03:31:40.104918
SWdisable_cpuintensive.json,2025-11-19T08:42:58.962043
monitoring_log_20251118_031154.json,2025-11-18T06:35:34.474364
SWdisable_cpuintensive.json,2025-11-19T07:38:35.816277
monitoring_log_20251117_224220.json,2025-11-17T23:20:01.941837
SWdisable_cpuintensive.json,2025-11-19T08:35:28.977773
monitoring_log_20251118_031154.json,2025-11-18T06:31:17.895810
monitoring_log_20251118_031154.json,2025-11-18T07:33:07.680707
SWdisable_cpuintensive.json,2025-11-19T06:48:11.938769
monitoring_log_20251117_224220.json,2025-11-17T23:16:35.781346
monitoring_log_20251118_031154.json,2025-11-18T08:12:05.717716
SWdisable_cpuintensive.json,2025-11-19T06:16:26.281865
SWdisable_cpuintensive.json,2025-11-19T06:10:31.537708
monitoring_log_20251117_224220.json,2025-11-17T23:46:47.879119
monitoring_log_20251118_031154.json,2025-11-18T07:26:17.936830
baseline_log_cpuintensive.json,2025-07-31T23:01:42.062527
SWdisable_cpuintensive.json,2025-11-19T08:07:02.815315
monitoring_log_20251117_224220.json,2025-11-17T23:13:51.033883
SWdisable_cpuintensive.json,2025-11-19T08:52:52.451613
monitoring_log_20251118_031154.json,2025-11-18T03:30:14.797092
SWdisable_cpuintensive.json,2025-11-19T07:37:36.722758
SWdisable_cpuintensive.json,2025-11-19T07:14:52.351314
monitoring_log_20251117_224220.json,2025-11-17T23:42:24.086626
SWdisable_cpuintensive.json,2025-11-19T06:09:49.093675
monitoring_log_20251118_031154.json,2025-11-18T03:34:56.199470
SWdisable_cpuintensive.json,2025-11-19T08:38:44.271959
SWdisable_cpuintensive.json,2025-11-19T06:08:41.205412
baseline_log_cpuintensive.json,2025-07-31T23:02:30.458750
monitoring_log_20251117_224220.json,2025-11-17T22:48:44.957290
monitoring_log_20251118_031154.json,2025-11-18T03:24:59.099923
SWdisable_cpuintensive.json,2025-11-19T05:24:20.787376
SWdisable_cpuintensive.json,2025-11-19T07:35:46.121348
SWdisable_cpuintensive.json,2025-11-19T05:47:37.684678
monitoring_log_20251117_224220.json,2025-11-17T22:49:54.838545
SWdisable_cpuintensive.json,2025-11-19T06:00:12.735768
monitoring_log_20251117_224220.json,2025-11-17T23:53:21.318980
SWdisable_cpuintensive.json,2025-11-19T07:02:36.585088
SWdisable_cpuintensive.json,2025-11-19T07:36:19.955519
monitoring_log_20251118_031154.json,2025-11-18T07:14:28.252061
SWdisable_cpuintensive.json,2025-11-19T05:59:55.628839
SWdisable_cpuintensive.json,2025-11-19T07:27:46.031498
monitoring_log_20251118_031154.json,2025-11-18T07:24:52.410860
SWdisable_cpuintensive.json,2025-11-19T05:42:57.667039
baseline_log_cpuintensive.json,2025-07-31T23:00:02.303459
SWdisable_cpuintensive.json,2025-11-19T06:08:32.687307
SWdisable_cpuintensive.json,2025-11-19T06:57:30.716077
monitoring_log_20251118_031154.json,2025-11-18T03:14:50.867619
SWdisable_cpuintensive.json,2025-11-19T05:22:43.977262
SWdisable_cpuintensive.json,2025-11-19T06:44:05.468836
SWdisable_cpuintensive.json,2025-11-19T05:43:06.163228
SWdisable_cpuintensive.json,2025-11-19T05:39:16.803849
SWdisable_cpuintensive.json,2025-11-19T06:40:15.940808
SWdisable_cpuintensive.json,2025-11-19T05:55:07.289617
SWdisable_cpuintensive.json,2025-11-19T07:07:23.989972
monitoring_log_20251118_031154.json,2025-11-18T03:22:34.450210
monitoring_log_20251118_031154.json,2025-11-18T07:21:52.879576
monitoring_log_20251118_031154.json,2025-11-18T06:31:00.693870
SWdisable_cpuintensive.json,2025-11-19T08:51:36.154980
SWdisable_cpuintensive.json,2025-11-19T06:09:23.555546
monitoring_log_20251117_224220.json,2025-11-17T23:50:12.518487
SWdisable_cpuintensive.json,2025-11-19T08:36:03.084811
monitoring_log_20251118_031154.json,2025-11-18T03:21:42.681117
SWdisable_cpuintensive.json,2025-11-19T08:55:08.271403
monitoring_log_20251117_224220.json,2025-11-17T23:31:15.093320
monitoring_log_20251118_031154.json,2025-11-18T07:23:09.768285
SWdisable_cpuintensive.json,2025-11-19T07:06:07.904183
SWdisable_cpuintensive.json,2025-11-19T07:28:03.222498
SWdisable_cpuintensive.json,2025-11-19T05:50:44.030484
SWdisable_cpuintensive.json,2025-11-19T08:55:59.705074
SWdisable_cpuintensive.json,2025-11-19T06:46:13.196512
SWdisable_cpuintensive.json,2025-11-19T07:42:44.166719
SWdisable_cpuintensive.json,2025-11-19T06:34:32.308150
monitoring_log_20251117_224220.json,2025-11-17T22:43:35.500299
monitoring_log_20251117_224220.json,2025-11-17T23:48:21.565098
SWdisable_cpuintensive.json,2025-11-19T05:39:59.059962
SWdisable_cpuintensive.json,2025-11-19T06:56:22.357710
SWdisable_cpuintensive.json,2025-11-19T05:23:04.972548
SWdisable_cpuintensive.json,2025-11-19T05:33:54.813484
monitoring_log_20251117_224220.json,2025-11-17T23:01:44.740533
SWdisable_cpuintensive.json,2025-11-19T06:29:27.599529
SWdisable_cpuintensive.json,2025-11-19T08:39:09.776459
SWdisable_cpuintensive.json,2025-11-19T05:23:22.022673
SWdisable_cpuintensive.json,2025-11-19T08:25:09.342740
SWdisable_cpuintensive.json,2025-11-19T07:38:53.074523
SWdisable_cpuintensive.json,2025-11-19T06:42:31.807262
SWdisable_cpuintensive.json,2025-11-19T05:55:41.302480
SWdisable_cpuintensive.json,2025-11-19T07:59:16.967709
SWdisable_cpuintensive.json,2025-11-19T06:41:49.289712
SWdisable_cpuintensive.json,2025-11-19T05:57:40.242551
SWdisable_cpuintensive.json,2025-11-19T07:35:54.583946
monitoring_log_20251117_224220.json,2025-11-17T23:49:12.711014
SWdisable_cpuintensive.json,2025-11-19T08:12:58.919688
SWdisable_cpuintensive.json,2025-11-19T07:21:21.339109
monitoring_log_20251118_031154.json,2025-11-18T03:30:49.090729
monitoring_log_20251118_031154.json,2025-11-18T07:37:49.475250
monitoring_log_20251117_224220.json,2025-11-17T23:32:06.317659
monitoring_log_20251118_031154.json,2025-11-18T06:32:17.721404
monitoring_log_20251117_224220.json,2025-11-17T23:48:38.570515
SWdisable_cpuintensive.json,2025-11-19T07:27:29.136094
SWdisable_cpuintensive.json,2025-11-19T08:43:07.395712
monitoring_log_20251118_031154.json,2025-11-18T03:36:30.530904
monitoring_log_20251117_224220.json,2025-11-17T23:46:13.609059
SWdisable_cpuintensive.json,2025-11-19T09:04:46.010263
baseline_log_cpuintensive.json,2025-07-31T23:01:45.295220
monitoring_log_20251118_031154.json,2025-11-18T07:22:18.301384
SWdisable_cpuintensive.json,2025-11-19T06:02:28.505736
SWdisable_cpuintensive.json,2025-11-19T06:58:38.885593
monitoring_log_20251117_224220.json,2025-11-17T23:49:55.488007
monitoring_log_20251118_031154.json,2025-11-18T06:27:43.958968
monitoring_log_20251118_031154.json,2025-11-18T07:27:34.768701
monitoring_log_20251117_224220.json,2025-11-17T23:03:02.673654
monitoring_log_20251117_224220.json,2025-11-17T23:53:03.795554
SWdisable_cpuintensive.json,2025-11-19T06:07:50.357395
SWdisable_cpuintensive.json,2025-11-19T08:56:16.834435
monitoring_log_20251117_224220.json,2025-11-17T23:02:36.675687
SWdisable_cpuintensive.json,2025-11-19T08:38:52.782796
SWdisable_cpuintensive.json,2025-11-19T08:33:30.171663
SWdisable_cpuintensive.json,2025-11-19T07:02:53.444108
baseline_log_cpuintensive.json,2025-07-31T22:58:19.557415
SWdisable_cpuintensive.json,2025-11-19T06:51:42.611906
SWdisable_cpuintensive.json,2025-11-19T06:23:22.376748
baseline_log_cpuintensive.json,2025-07-31T23:00:15.212745
SWdisable_cpuintensive.json,2025-11-19T06:49:11.831122
monitoring_log_20251118_031154.json,2025-11-18T08:09:57.143947
SWdisable_cpuintensive.json,2025-11-19T08:45:48.563577
monitoring_log_20251118_031154.json,2025-11-18T06:52:22.831702
SWdisable_cpuintensive.json,2025-11-19T06:53:07.173480
SWdisable_cpuintensive.json,2025-11-19T05:27:18.467553
SWdisable_cpuintensive.json,2025-11-19T09:00:05.551924
monitoring_log_20251117_224220.json,2025-11-17T23:22:19.384171
SWdisable_cpuintensive.json,2025-11-19T05:55:32.850158
monitoring_log_20251117_224220.json,2025-11-17T23:40:00.658788
SWdisable_cpuintensive.json,2025-11-19T08:14:15.359349
SWdisable_cpuintensive.json,2025-11-19T05:38:42.990595
monitoring_log_20251117_224220.json,2025-11-17T23:47:04.826713
SWdisable_cpuintensive.json,2025-11-19T05:31:58.000345
SWdisable_cpuintensive.json,2025-11-19T08:49:20.530091
monitoring_log_20251118_031154.json,2025-11-18T06:55:05.395651
SWdisable_cpuintensive.json,2025-11-19T05:26:01.970416
SWdisable_cpuintensive.json,2025-11-19T08:23:35.853547
monitoring_log_20251118_031154.json,2025-11-18T03:30:32.222328
SWdisable_cpuintensive.json,2025-11-19T05:43:48.473369
SWdisable_cpuintensive.json,2025-11-19T06:40:58.354805
SWdisable_cpuintensive.json,2025-11-19T07:19:48.648681
monitoring_log_20251118_031154.json,2025-11-18T07:36:15.810662
SWdisable_cpuintensive.json,2025-11-19T09:00:39.405657
SWdisable_cpuintensive.json,2025-11-19T05:35:28.160807
SWdisable_cpuintensive.json,2025-11-19T08:26:17.333755
monitoring_log_20251118_031154.json,2025-11-18T07:27:51.768291
monitoring_log_20251118_031154.json,2025-11-18T03:26:58.384952
monitoring_log_20251118_031154.json,2025-11-18T07:34:41.966812
monitoring_log_20251117_224220.json,2025-11-17T23:29:06.431516
SWdisable_cpuintensive.json,2025-11-19T06:31:51.261715
monitoring_log_20251117_224220.json,2025-11-17T22:47:10.290336
monitoring_log_20251118_031154.json,2025-11-18T06:50:49.025628
monitoring_log_20251118_031154.json,2025-11-18T07:31:50.735189
monitoring_log_20251117_224220.json,2025-11-17T23:40:09.584002
SWdisable_cpuintensive.json,2025-11-19T07:09:30.828337
SWdisable_cpuintensive.json,2025-11-19T07:18:57.687119
monitoring_log_20251118_031154.json,2025-11-18T06:38:42.549443
monitoring_log_20251118_031154.json,2025-11-18T08:07:48.843531
monitoring_log_20251118_031154.json,2025-11-18T03:13:42.733968
monitoring_log_20251117_224220.json,2025-11-17T23:04:29.866114
SWdisable_cpuintensive.json,2025-11-19T06:14:36.285437
SWdisable_cpuintensive.json,2025-11-19T07:11:03.965991
SWdisable_cpuintensive.json,2025-11-19T07:38:44.495253
monitoring_log_20251117_224220.json,2025-11-17T22:46:01.720798
SWdisable_cpuintensive.json,2025-11-19T07:54:02.792355
SWdisable_cpuintensive.json,2025-11-19T07:54:36.587501
SWdisable_cpuintensive.json,2025-11-19T07:33:39.023072
SWdisable_cpuintensive.json,2025-11-19T08:37:44.601081
monitoring_log_20251118_031154.json,2025-11-18T03:29:06.703087
monitoring_log_20251117_224220.json,2025-11-17T23:29:23.490487
SWdisable_cpuintensive.json,2025-11-19T06:59:12.772823
SWdisable_cpuintensive.json,2025-11-19T06:14:53.163467
monitoring_log_20251118_031154.json,2025-11-18T06:40:07.957497
SWdisable_cpuintensive.json,2025-11-19T08:24:09.785627
SWdisable_cpuintensive.json,2025-11-19T05:34:20.463541
SWdisable_cpuintensive.json,2025-11-19T05:26:27.693549
SWdisable_cpuintensive.json,2025-11-19T06:30:18.284626
SWdisable_cpuintensive.json,2025-11-19T06:39:24.955639
SWdisable_cpuintensive.json,2025-11-19T07:07:41.032800
SWdisable_cpuintensive.json,2025-11-19T05:30:24.859170
SWdisable_cpuintensive.json,2025-11-19T06:55:23.083339
SWdisable_cpuintensive.json,2025-11-19T06:06:08.584122
SWdisable_cpuintensive.json,2025-11-19T07:06:41.524943
monitoring_log_20251118_031154.json,2025-11-18T06:36:17.592306
SWdisable_cpuintensive.json,2025-11-19T08:29:23.949051
monitoring_log_20251118_031154.json,2025-11-18T06:39:16.550500
SWdisable_cpuintensive.json,2025-11-19T06:53:24.242096
SWdisable_cpuintensive.json,2025-11-19T05:23:38.811325
SWdisable_cpuintensive.json,2025-11-19T08:29:57.821963
SWdisable_cpuintensive.json,2025-11-19T07:18:40.931425
SWdisable_cpuintensive.json,2025-11-19T07:57:18.091623
SWdisable_cpuintensive.json,2025-11-19T06:10:56.734577
baseline_log_cpuintensive.json,2025-07-31T23:01:16.390166
SWdisable_cpuintensive.json,2025-11-19T05:29:16.942500
monitoring_log_20251118_031154.json,2025-11-18T06:33:17.659842
SWdisable_cpuintensive.json,2025-11-19T05:38:26.058502
SWdisable_cpuintensive.json,2025-11-19T06:12:46.680571
SWdisable_cpuintensive.json,2025-11-19T08:01:32.467096
SWdisable_cpuintensive.json,2025-11-19T05:57:06.376156
SWdisable_cpuintensive.json,2025-11-19T05:53:34.045333
SWdisable_cpuintensive.json,2025-11-19T08:10:43.242648
monitoring_log_20251118_031154.json,2025-11-18T06:34:34.660063
monitoring_log_20251117_224220.json,2025-11-17T23:44:47.910904
SWdisable_cpuintensive.json,2025-11-19T07:17:16.330658
SWdisable_cpuintensive.json,2025-11-19T08:03:56.736032
monitoring_log_20251118_031154.json,2025-11-18T03:14:08.386175
monitoring_log_20251117_224220.json,2025-11-17T23:13:25.041248
monitoring_log_20251117_224220.json,2025-11-17T23:01:27.635868
SWdisable_cpuintensive.json,2025-11-19T08:04:39.262929
monitoring_log_20251117_224220.json,2025-11-17T23:32:23.374915
monitoring_log_20251117_224220.json,2025-11-17T23:41:40.272778
monitoring_log_20251118_031154.json,2025-11-18T06:50:14.707212
SWdisable_cpuintensive.json,2025-11-19T06:12:12.916450
SWdisable_cpuintensive.json,2025-11-19T06:39:07.961458
SWdisable_cpuintensive.json,2025-11-19T05:56:15.008639
SWdisable_cpuintensive.json,2025-11-19T06:56:13.902190
baseline_log_cpuintensive.json,2025-07-31T22:58:03.468873
monitoring_log_20251118_031154.json,2025-11-18T06:36:00.391211
SWdisable_cpuintensive.json,2025-11-19T08:50:53.862028
SWdisable_cpuintensive.json,2025-11-19T06:40:32.830705
monitoring_log_20251118_031154.json,2025-11-18T03:18:24.254280
monitoring_log_20251118_031154.json,2025-11-18T06:36:08.939050
SWdisable_cpuintensive.json,2025-11-19T06:50:25.969718
SWdisable_cpuintensive.json,2025-11-19T08:59:31.662600
monitoring_log_20251117_224220.json,2025-11-17T23:52:55.094639
monitoring_log_20251117_224220.json,2025-11-17T23:09:57.585175
SWdisable_cpuintensive.json,2025-11-19T08:50:36.849885
SWdisable_cpuintensive.json,2025-11-19T08:00:50.252575
monitoring_log_20251118_031154.json,2025-11-18T03:26:24.520118
SWdisable_cpuintensive.json,2025-11-19T05:31:07.289436
monitoring_log_20251118_031154.json,2025-11-18T07:17:45.326903
SWdisable_cpuintensive.json,2025-11-19T07:00:03.813296
SWdisable_cpuintensive.json,2025-11-19T05:36:27.480689
SWdisable_cpuintensive.json,2025-11-19T06:59:21.227273
monitoring_log_20251118_031154.json,2025-11-18T06:41:50.380115
monitoring_log_20251117_224220.json,2025-11-17T23:20:44.600107
monitoring_log_20251118_031154.json,2025-11-18T06:53:56.862207
SWdisable_cpuintensive.json,2025-11-19T06:03:02.299722
monitoring_log_20251117_224220.json,2025-11-17T22:56:32.343070
monitoring_log_20251117_224220.json,2025-11-17T23:38:32.488967
SWdisable_cpuintensive.json,2025-11-19T06:14:11.047587
monitoring_log_20251117_224220.json,2025-11-17T23:43:10.580202
baseline_log_cpuintensive.json,2025-07-31T22:58:25.967078
monitoring_log_20251117_224220.json,2025-11-17T23:27:40.021704
SWdisable_cpuintensive.json,2025-11-19T08:46:30.870067
monitoring_log_20251117_224220.json,2025-11-17T23:40:19.183573
SWdisable_cpuintensive.json,2025-11-19T05:36:44.379779
SWdisable_cpuintensive.json,2025-11-19T07:28:11.715961
SWdisable_cpuintensive.json,2025-11-19T08:19:29.347897
monitoring_log_20251118_031154.json,2025-11-18T06:40:25.086869
SWdisable_cpuintensive.json,2025-11-19T07:12:37.051537
SWdisable_cpuintensive.json,2025-11-19T05:38:59.929140
monitoring_log_20251118_031154.json,2025-11-18T06:37:51.531350
monitoring_log_20251117_224220.json,2025-11-17T23:36:05.985418
monitoring_log_20251117_224220.json,2025-11-17T23:04:38.334877
SWdisable_cpuintensive.json,2025-11-19T05:28:34.627818
monitoring_log_20251117_224220.json,2025-11-17T23:03:55.272066
SWdisable_cpuintensive.json,2025-11-19T05:41:07.255026
SWdisable_cpuintensive.json,2025-11-19T05:52:17.529701
SWdisable_cpuintensive.json,2025-11-19T08:57:16.161750
SWdisable_cpuintensive.json,2025-11-19T05:29:59.403633
monitoring_log_20251117_224220.json,2025-11-17T23:07:47.697318
SWdisable_cpuintensive.json,2025-11-19T06:42:14.754164
SWdisable_cpuintensive.json,2025-11-19T05:32:14.877111
SWdisable_cpuintensive.json,2025-11-19T07:47:57.952341
monitoring_log_20251117_224220.json,2025-11-17T23:19:02.298371
monitoring_log_20251118_031154.json,2025-11-18T03:19:33.135757
monitoring_log_20251118_031154.json,2025-11-18T06:39:59.420362
monitoring_log_20251118_031154.json,2025-11-18T03:15:59.055838
SWdisable_cpuintensive.json,2025-11-19T08:50:19.952103
SWdisable_cpuintensive.json,2025-11-19T05:49:19.129707
SWdisable_cpuintensive.json,2025-11-19T05:42:49.173787
SWdisable_cpuintensive.json,2025-11-19T07:36:03.041736
SWdisable_cpuintensive.json,2025-11-19T07:17:41.788800
SWdisable_cpuintensive.json,2025-11-19T05:42:06.566762
SWdisable_cpuintensive.json,2025-11-19T05:34:45.878111
baseline_log_cpuintensive.json,2025-07-31T23:00:44.106653
monitoring_log_20251118_031154.json,2025-11-18T06:34:00.330783
SWdisable_cpuintensive.json,2025-11-19T07:12:20.228687
SWdisable_cpuintensive.json,2025-11-19T06:41:40.782737
SWdisable_cpuintensive.json,2025-11-19T07:53:03.549247
monitoring_log_20251117_224220.json,2025-11-17T23:45:21.863493
SWdisable_cpuintensive.json,2025-11-19T05:46:46.755405
SWdisable_cpuintensive.json,2025-11-19T05:58:31.043836
SWdisable_cpuintensive.json,2025-11-19T08:37:10.825210
monitoring_log_20251117_224220.json,2025-11-17T23:39:24.411012
SWdisable_cpuintensive.json,2025-11-19T06:26:29.374726
SWdisable_cpuintensive.json,2025-11-19T08:40:59.944992
SWdisable_cpuintensive.json,2025-11-19T08:36:53.893131
monitoring_log_20251118_031154.json,2025-11-18T07:37:40.902362
SWdisable_cpuintensive.json,2025-11-19T06:24:47.360147
SWdisable_cpuintensive.json,2025-11-19T06:46:47.267730
monitoring_log_20251118_031154.json,2025-11-18T03:17:41.539312
monitoring_log_20251118_031154.json,2025-11-18T07:16:36.994889
monitoring_log_20251117_224220.json,2025-11-17T23:15:09.266882
SWdisable_cpuintensive.json,2025-11-19T07:12:53.865892
SWdisable_cpuintensive.json,2025-11-19T06:18:16.492257
SWdisable_cpuintensive.json,2025-11-19T05:56:40.687264
monitoring_log_20251118_031154.json,2025-11-18T06:35:51.573596
monitoring_log_20251117_224220.json,2025-11-17T23:34:40.411835
SWdisable_cpuintensive.json,2025-11-19T06:01:12.025134
SWdisable_cpuintensive.json,2025-11-19T07:14:01.505246
SWdisable_cpuintensive.json,2025-11-19T06:25:12.797013
SWdisable_cpuintensive.json,2025-11-19T07:00:20.868218
SWdisable_cpuintensive.json,2025-11-19T05:58:39.599711
baseline_log_cpuintensive.json,2025-07-31T23:00:05.512028
monitoring_log_20251118_031154.json,2025-11-18T06:37:17.395290
monitoring_log_20251118_031154.json,2025-11-18T06:30:43.304624
monitoring_log_20251118_031154.json,2025-11-18T07:16:19.655095
SWdisable_cpuintensive.json,2025-11-19T06:26:46.444233
SWdisable_cpuintensive.json,2025-11-19T08:56:42.358917
SWdisable_cpuintensive.json,2025-11-19T07:06:24.728973
monitoring_log_20251118_031154.json,2025-11-18T08:07:57.301232
monitoring_log_20251118_031154.json,2025-11-18T06:36:51.719368
monitoring_log_20251117_224220.json,2025-11-17T23:44:03.587605
monitoring_log_20251117_224220.json,2025-11-17T23:22:45.244053
SWdisable_cpuintensive.json,2025-11-19T08:14:06.890227
SWdisable_cpuintensive.json,2025-11-19T05:35:02.862162
monitoring_log_20251118_031154.json,2025-11-18T03:22:08.429232
SWdisable_cpuintensive.json,2025-11-19T08:55:25.398450
monitoring_log_20251117_224220.json,2025-11-17T23:21:36.497713
monitoring_log_20251117_224220.json,2025-11-17T22:49:10.491583
monitoring_log_20251117_224220.json,2025-11-17T23:36:57.248835
SWdisable_cpuintensive.json,2025-11-19T06:30:35.135259
SWdisable_cpuintensive.json,2025-11-19T06:36:31.196828
SWdisable_cpuintensive.json,2025-11-19T06:20:32.865656
SWdisable_cpuintensive.json,2025-11-19T06:17:42.569899
monitoring_log_20251118_031154.json,2025-11-18T03:23:17.062326
monitoring_log_20251117_224220.json,2025-11-17T22:44:09.840696
monitoring_log_20251118_031154.json,2025-11-18T07:31:33.645919
SWdisable_cpuintensive.json,2025-11-19T07:02:28.101079
SWdisable_cpuintensive.json,2025-11-19T08:24:18.252959
SWdisable_cpuintensive.json,2025-11-19T05:31:24.162668
SWdisable_cpuintensive.json,2025-11-19T07:28:54.383378
monitoring_log_20251118_031154.json,2025-11-18T07:17:53.825942
SWdisable_cpuintensive.json,2025-11-19T08:27:25.182809
SWdisable_cpuintensive.json,2025-11-19T05:54:58.871871
SWdisable_cpuintensive.json,2025-11-19T06:16:09.291878
monitoring_log_20251117_224220.json,2025-11-17T23:11:41.296619
monitoring_log_20251118_031154.json,2025-11-18T03:36:47.573473
monitoring_log_20251118_031154.json,2025-11-18T07:32:41.808384
monitoring_log_20251118_031154.json,2025-11-18T06:34:51.745992
monitoring_log_20251118_031154.json,2025-11-18T06:51:57.387600
SWdisable_cpuintensive.json,2025-11-19T05:23:55.494792
monitoring_log_20251117_224220.json,2025-11-17T23:28:57.714507
monitoring_log_20251117_224220.json,2025-11-17T23:13:42.396360
SWdisable_cpuintensive.json,2025-11-19T07:05:17.340990
SWdisable_cpuintensive.json,2025-11-19T05:59:30.296462
baseline_log_cpuintensive.json,2025-07-31T23:02:23.954819
SWdisable_cpuintensive.json,2025-11-19T06:18:25.081570
baseline_log_cpuintensive.json,2025-07-31T23:00:28.070761
SWdisable_cpuintensive.json,2025-11-19T07:39:35.557031
monitoring_log_20251117_224220.json,2025-11-17T23:42:15.067072
monitoring_log_20251118_031154.json,2025-11-18T03:19:15.871821
SWdisable_cpuintensive.json,2025-11-19T08:22:02.155612
monitoring_log_20251117_224220.json,2025-11-17T23:29:14.939659
SWdisable_cpuintensive.json,2025-11-19T07:09:39.218201
SWdisable_cpuintensive.json,2025-11-19T05:28:17.715396
SWdisable_cpuintensive.json,2025-11-19T07:31:39.839587
SWdisable_cpuintensive.json,2025-11-19T06:41:23.843803
monitoring_log_20251118_031154.json,2025-11-18T03:33:30.628792
SWdisable_cpuintensive.json,2025-11-19T08:42:50.451513
SWdisable_cpuintensive.json,2025-11-19T08:10:51.693800
SWdisable_cpuintensive.json,2025-11-19T07:54:45.119843
SWdisable_cpuintensive.json,2025-11-19T06:16:00.800388
SWdisable_cpuintensive.json,2025-11-19T06:59:29.657235
SWdisable_cpuintensive.json,2025-11-19T06:13:54.176581
SWdisable_cpuintensive.json,2025-11-19T07:45:42.397537
SWdisable_cpuintensive.json,2025-11-19T08:40:17.555155
SWdisable_cpuintensive.json,2025-11-19T07:55:19.066681
SWdisable_cpuintensive.json,2025-11-19T06:29:52.919499
SWdisable_cpuintensive.json,2025-11-19T08:46:22.412948
monitoring_log_20251118_031154.json,2025-11-18T06:37:43.005085
baseline_log_cpuintensive.json,2025-07-31T22:58:45.196832
SWdisable_cpuintensive.json,2025-11-19T08:26:34.444489
monitoring_log_20251117_224220.json,2025-11-17T23:50:37.964798
baseline_log_cpuintensive.json,2025-07-31T22:59:04.426208
monitoring_log_20251118_031154.json,2025-11-18T06:33:43.265701
SWdisable_cpuintensive.json,2025-11-19T08:25:43.266699
monitoring_log_20251117_224220.json,2025-11-17T22:53:39.337164
SWdisable_cpuintensive.json,2025-11-19T08:26:00.229720
monitoring_log_20251118_031154.json,2025-11-18T07:21:44.306966
SWdisable_cpuintensive.json,2025-11-19T05:34:37.294106
SWdisable_cpuintensive.json,2025-11-19T08:14:40.815576
SWdisable_cpuintensive.json,2025-11-19T07:20:13.853601
monitoring_log_20251117_224220.json,2025-11-17T23:15:44.251217
monitoring_log_20251118_031154.json,2025-11-18T06:38:25.487344
monitoring_log_20251117_224220.json,2025-11-17T23:52:12.071471
SWdisable_cpuintensive.json,2025-11-19T05:42:15.075796
