source_file,timestamp
swenable_cpuintensive_w6_2.json,2025-12-26T07:46:43.132497
swenable_cpuintensive_w14_3.json,2025-12-28T15:41:38.809281
swdisable_cpuintensive_4_3.json,2025-12-24T08:04:33.544481
swenable_mixed_w14_1.json,2026-01-03T20:39:38.679291
SWdisable_cpuintensive8.json,2025-12-11T21:09:12.067924
swdisable_memoryintensive_w12_2.json,2025-12-28T14:48:19.126758
SWdisable_cpuintensive.json,2025-11-25T02:51:08.514321
swdisable_mixed_w14_2.json,2026-01-03T20:54:20.213508
mlpdisable_memoryintensive2.json,2026-02-16T23:31:33.570202
dvfs_log_cpuintensive3.json,2025-08-08T08:19:56.133205
swdisable_memoryintensive_w10_1.json,2025-12-28T09:05:26.377404
swdisable_memoryintensive_w10_1.json,2025-12-28T09:05:31.136971
swenable_memoryintensive6.json,2025-12-11T15:34:07.259854
swdisable_memoryintensive_w10_1.json,2025-12-28T09:03:28.220205
swenable_cpuintensive_w10_2.json,2025-12-28T08:22:42.813763
SWenable_cpuintensive4.json,2025-12-11T07:03:20.405021
swdisable_cpuintensive_w10_3.json,2025-12-28T07:34:35.698508
SWdisable_memoryintensive3.json,2025-12-11T06:03:02.100890
swdisable_memoryintensive_w4_2.json,2025-12-25T08:52:52.229969
swdisable_memoryintensive_w14_3.json,2025-12-28T16:05:12.309108
mlpdisable_memoryintensive3.json,2026-02-16T23:48:39.622846
baseline_log_memoryintensive2.json,2025-08-05T19:26:20.886671
swenable_memoryintensive_w4_3.json,2025-12-25T09:10:15.506054
swdisable_cpuintensive_w10_2.json,2025-12-28T07:57:04.192344
swenable_cpuintensive_w12_2.json,2025-12-28T14:26:14.400825
swdisable_memoryintensive_w12_1.json,2025-12-28T13:17:57.854126
baseline_log_cpuintensive3.json,2025-08-08T08:28:24.127408
SWdisable_memoryintensive7.json,2025-12-11T20:58:06.877139
mlp.json,2025-11-22T10:14:30.095416
mlpenable_cpuintensive.json,2025-11-22T15:10:34.240123
swenable_cpuintensive7.json,2025-12-11T17:43:03.593731
swenable_cpuintensive_w14_3.json,2025-12-28T15:40:37.690542
SWdisable_cpuintensive7.json,2025-12-11T17:35:28.350601
swdisable_mixed_w6_1.json,2026-01-03T09:38:06.956365
swenable_memoryintensive5.json,2025-12-11T12:53:18.636013
swenable_cpuintensive_w6_1.json,2025-12-26T06:57:09.187905
mlp.json,2025-11-22T10:18:45.143268
swenable_memoryintensive_w4_1.json,2025-12-25T08:25:34.293161
swenable_memoryintensive_w4_2.json,2025-12-25T08:40:00.156683
dvfs_log_cpuIntensive.json,2025-07-31T23:56:02.586003
mlpdisable_mixed1.json,2026-02-16T23:33:42.482681
swenable_cpuintensive5.json,2025-12-11T11:38:41.270672
swdisable_cpuintensive_w14_1.json,2025-12-28T21:12:05.658340
mlpenable_memoryintensive3.json,2026-02-17T00:10:24.385412
SWenable_cpuintensive.json,2025-11-25T02:56:24.800643
swdisable_mixed_w4_1.json,2026-01-03T08:03:04.496235
swenable_memoryintensive_w12_2.json,2025-12-28T14:31:11.921546
swdisable_mixed_w8_2.json,2026-01-03T10:08:17.809352
swdisable_cpuintensive_w14_2.json,2025-12-28T19:39:25.874167
swdisable_mixed_w10_1.json,2026-01-03T18:39:09.343126
swenable_memoryintensive_w12_2.json,2025-12-28T14:33:18.544537
swenable_memoryintensive_w4_1.json,2025-12-25T08:28:24.724895
mlp.json,2025-11-22T10:17:59.183421
swdisable_mixed_w6_1.json,2026-01-03T09:39:44.499640
swenable_memoryintensive_w4_1.json,2025-12-25T08:25:03.349509
swenable_memoryintensive_w6_3.json,2025-12-26T09:03:36.084547
SW-disable_cpuintensive3.json,2025-12-10T23:16:32.032231
swenable_mixed_w6_1.json,2026-01-03T09:23:13.432475
swenable_cpuintensive_w4_1.json,2025-12-24T06:59:18.588706
swdisable_cpuintensive_w10_1.json,2025-12-28T08:55:48.194461
swdisable_mixed_w6_1.json,2026-01-03T09:35:31.735827
swdisable_cpuintensive_w14_3.json,2025-12-28T15:57:04.014878
swenable_mixed_w4_2.json,2026-01-03T08:30:32.745801
swdisable_cpuintensive_w14_1.json,2025-12-28T21:14:01.522874
SWdisable_memoryintensive7.json,2025-12-11T20:56:10.516020
swdisable_mixed_w14_2.json,2026-01-03T20:56:45.548471
swenable_memoryintensive_w14_2.json,2025-12-28T19:58:25.932174
mlenable_memoryintensive2.json,2026-02-16T23:09:45.459874
swenable_mixed_w8_1.json,2026-01-06T21:13:26.902179
SWdisable_memoryintensive7.json,2025-12-11T20:57:47.204581
swdisable_mixed_w12_2.json,2026-01-03T19:21:28.961399
swdisable_mixed_w4_2.json,2026-01-03T08:21:48.219648
mlp.json,2025-11-22T09:44:38.884139
baseline_log_memoryintensive.json,2025-08-05T17:13:57.973427
SWdisable_memoryintensive8.json,2025-12-11T21:50:33.400242
SWenable_memoryintensive2.json,2025-11-25T08:01:54.155620
mlpdisable_mixed1.json,2026-02-16T23:38:21.556948
swdisable_mixed_w8_2.json,2026-01-03T10:07:34.792674
SWdisable_memoryintensive3.json,2025-12-11T05:59:43.874846
swdisable_memoryintensive_w10_3.json,2025-12-28T07:44:32.585905
SWdisable_memoryintensive2.json,2025-11-25T07:52:38.451287
mlpdisable_mixed2.json,2026-02-16T23:56:18.679694
swdisable_cpuintensive_w14_1.json,2025-12-28T21:11:42.201633
SWdisable_cpuintensive8.json,2025-12-11T21:13:28.997186
swdisable_mixed_w8_2.json,2026-01-03T10:12:06.604512
swdisable_mixed_w8_1.json,2026-01-03T11:04:08.618384
swdisable_cpuintensive6.json,2025-12-11T13:25:33.459945
SWdisable_memoryintensive3.json,2025-12-11T06:02:13.854999
swdisable_memoryintensive_w12_1.json,2025-12-28T13:17:13.379817
baseline_log_memoryintensive3.json,2025-08-08T08:44:01.151428
SWdisable_memoryintensive8.json,2025-12-11T21:50:28.718375
mlp.json,2025-11-22T09:57:51.943697
swdisable_mixed_w6_1.json,2026-01-03T09:38:55.865800
mlpdisable_memoryintensive.json,2025-11-22T23:11:46.536552
swdisable_mixed_w6_1.json,2026-01-03T09:36:30.092026
swdisable_memoryintensive_w6_3.json,2025-12-26T08:48:17.694865
swdisable_mixed_w12_2.json,2026-01-03T19:20:09.534640
swenable_memoryintensive_w6_2.json,2025-12-26T07:59:38.884809
swdisable_cpuintensive_w12_2.json,2025-12-28T14:38:06.590439
swdisable_memoryintensive_w6_3.json,2025-12-26T08:47:58.310110
swdisable_memoryintensive_w4_1.json,2025-12-25T08:16:44.866928
swdisable_memoryintensive_w12_3.json,2025-12-28T15:07:33.130602
swenable_memoryintensive_w12_3.json,2025-12-28T15:22:20.618847
mlp.json,2025-11-22T09:50:26.164132
mlpenable_cpuintensive2.json,2026-02-16T22:55:58.570936
swenable_mixed_w12_1.json,2026-01-03T20:18:35.079285
swdisable_cpuintensive_w10_3.json,2025-12-28T07:35:14.929054
mlpdisable_cpuintensive2.json,2026-02-16T23:23:08.412752
swenable_memoryintensive_w6_2.json,2025-12-26T07:56:16.545349
swdisable_cpuintensive_w6_2.json,2025-12-26T08:08:54.302694
swdisable_mixed_w10_2.json,2026-01-03T18:47:12.398979
dvfs_log_cpuintensive2.json,2025-08-05T20:27:03.999088
baseline_log_memoryintensive.json,2025-08-05T17:09:24.460918
swdisable_memoryintensive_w6_2.json,2025-12-26T08:15:30.336339
swenable_cpuintensive_w6_3.json,2025-12-26T08:56:38.216829
mlpenable_mixed1.json,2026-02-16T23:17:39.353147
swdisable_memoryintensive_w14_1.json,2025-12-28T21:21:54.781805
swdisable_cpuintensive5.json,2025-12-11T11:46:57.178133
swenable_memoryintensive_w14_1.json,2025-12-28T21:05:04.163783
swenable_memoryintensive8.json,2025-12-11T21:41:09.619287
swdisable_cpuintensive_w14_3.json,2025-12-28T16:00:22.380844
SWdisable_memoryintensive7.json,2025-12-11T20:59:20.094642
swdisable_mixed_w4_2.json,2026-01-03T08:25:22.966931
swdisable_memoryintensive5.json,2025-12-11T12:44:24.073630
SWenable_cpuintensive4.json,2025-12-11T07:02:03.754893
swenable_mixed_w6_1.json,2026-01-03T09:24:14.775396
mlp.json,2025-11-22T10:15:40.163257
mlenable_memoryintensive2.json,2026-02-16T23:08:20.444060
dvfs_log_cpuintensive2.json,2025-08-05T20:26:28.325729
swdisable_memoryintensive_w4_1.json,2025-12-25T08:14:19.357364
mlp.json,2025-11-22T10:04:24.874015
swenable_memoryintensive_w12_2.json,2025-12-28T14:32:15.510020
swdisable_memoryintensive_w4_2.json,2025-12-25T08:52:37.517829
swenable_memoryintensive_w10_2.json,2025-12-28T08:27:31.109238
swdisable_memoryintensive_w12_3.json,2025-12-28T15:06:38.869160
SWdisable_memoryintensive4.json,2025-12-11T09:06:28.965472
SWdisable_memoryintensive4.json,2025-12-11T09:06:47.965066
swdisable_mixed_w6_1.json,2026-01-03T09:36:58.685464
swenable_memoryintensive_w4_2.json,2025-12-25T08:39:29.913186
swdisable_mixed_w12_2.json,2026-01-03T19:24:37.520761
baseline_log_memoryintensive3.json,2025-08-08T08:44:04.535751
dvfs_log_cpuintensive2.json,2025-08-05T20:26:34.747063
swenable_mixed_w8_2.json,2026-01-03T10:44:08.454532
baseline_log_memoryintensive.json,2025-08-05T17:09:59.874859
swdisable_cpuintensive_w10_2.json,2025-12-28T07:58:36.641571
baseline_log_cpuintensive.json,2025-07-31T22:58:16.352682
swenable_cpuintensive_w12_3.json,2025-12-28T15:11:42.804567
swenable_memoryintensive_w10_3.json,2025-12-28T07:29:11.987545
swdisable_mixed_w8_1.json,2026-01-03T11:07:17.416642
mlpdisable_cpuintensive2.json,2026-02-16T23:24:15.349721
swenable_cpuintensive_w10_2.json,2025-12-28T08:23:43.446316
mlpdisable_cpuintensive2.json,2026-02-16T23:21:19.547362
mlpenable_memoryintensive.json,2025-11-22T23:37:49.775809
swdisable_memoryintensive_w14_2.json,2025-12-28T19:47:02.924768
SWenable_cpuintensive8.json,2025-12-11T21:29:13.252861
mlp.json,2025-11-22T09:59:56.193745
swdisable_mixed_w8_2.json,2026-01-03T10:07:49.160960
swenable_memoryintensive_w10_2.json,2025-12-28T08:27:56.097529
mlpenable_cpuintensive2.json,2026-02-16T22:56:41.943076
mlp.json,2025-11-22T09:45:47.814411
swenable_memoryintensive_w4_3.json,2025-12-25T09:06:12.919181
baseline_log_cpuintensive.json,2025-07-31T22:59:01.221489
swdisable_memoryintensive_w14_3.json,2025-12-28T16:04:41.311671
swdisable_cpuintensive_w4_2.json,2025-12-24T07:14:57.762961
SWdisable_cpuintensive8.json,2025-12-11T21:09:21.646751
swenable_memoryintensive_w6_1.json,2025-12-26T07:32:50.914369
SWenable_memoryintensive4.json,2025-12-11T08:57:20.160589
swenable_memoryintensive8.json,2025-12-11T21:39:39.919794
swenable_cpuintensive_w10_1.json,2025-12-28T08:41:45.607446
swenable_memoryintensive8.json,2025-12-11T21:41:49.195781
swdisable_cpuintensive_4_3.json,2025-12-24T08:06:01.860138
swdisable_mixed_w6_2.json,2026-01-03T08:40:56.373497
swenable_memoryintensive_w14_1.json,2025-12-28T21:07:53.524653
swenable_cpuintensive_w6_2.json,2025-12-26T07:45:11.660713
dvfs_log_memoryintensive.json,2025-08-05T16:52:13.772163
mlp.json,2025-11-22T09:59:23.875883
swenable_mixed_w14_2.json,2026-01-03T21:05:23.921930
swenable_mixed_w14_2.json,2026-01-03T21:01:29.961245
swdisable_cpuintensive_w4_1.json,2025-12-24T07:08:37.902221
swdisable_cpuintensive_w10_3.json,2025-12-28T07:37:13.368689
mlenable_memoryintensive2.json,2026-02-16T23:11:06.908559
swdisable_cpuintensive_w4_2.json,2025-12-24T07:16:46.564583
swdisable_mixed_w14_2.json,2026-01-03T20:56:50.476690
swenable_memoryintensive8.json,2025-12-11T21:41:14.327496
swdisable_mixed_w6_1.json,2026-01-03T09:36:39.652075
swdisable_cpuintensive_w14_2.json,2025-12-28T19:37:44.042273
swdisable_cpuintensive6.json,2025-12-11T13:26:42.212004
swenable_cpuintensive_w4_3.json,2025-12-24T07:57:17.989810
mlpdisable_memoryintensive3.json,2026-02-16T23:48:35.011098
swdisable_memoryintensive_w14_1.json,2025-12-28T21:23:38.097625
mlpenable_cpuintensive3.json,2026-02-17T00:01:59.540193
swenable_mixed_w6_1.json,2026-01-03T09:22:34.145105
swdisable_cpuintensive_w6_2.json,2025-12-26T08:10:46.872747
SWdisable_memoryintensive2.json,2025-11-25T07:52:04.883575
baseline_log_cpuintensive.json,2025-07-31T22:59:14.068677
baseline_log_memoryintensive.json,2025-08-05T17:09:50.256880
swdisable_memoryintensive_w10_2.json,2025-12-28T08:03:18.250686
mlenable_memoryintensive2.json,2026-02-16T23:08:25.256522
swdisable_cpuintensive_w14_1.json,2025-12-28T21:16:02.379210
mlenable_memoryintensive2.json,2026-02-16T23:08:48.593861
baseline_log_memoryintensive.json,2025-08-05T17:11:42.862907
swenable_mixed_w8_1.json,2026-01-06T21:12:08.227020
SWenable_memoryintensive4.json,2025-12-11T08:56:44.377081
mlpdisable_memoryintensive.json,2025-11-22T23:12:33.159182
baseline_log_cpuintensive.json,2025-07-31T23:00:11.972106
swenable_memoryintensive_w14_1.json,2025-12-28T21:04:59.380970
swdisable_mixed_w4_2.json,2026-01-03T08:24:29.307677
swdisable_mixed_w12_2.json,2026-01-03T19:23:42.531661
baseline_log_cpuintensive.json,2025-07-31T22:58:09.923650
swdisable_mixed_w12_2.json,2026-01-03T19:20:33.982950
SWdisable_cpuintensive8.json,2025-12-11T21:13:14.668696
swdisable_memoryintensive6.json,2025-12-11T15:43:12.434801
swenable_cpuintensive_w12_3.json,2025-12-28T15:11:22.706342
SWdisable_cpuintensive4.json,2025-12-11T07:08:36.105462
mlp.json,2025-11-22T10:22:03.363311
swdisable_cpuintensive_w4_1.json,2025-12-24T07:05:27.027673
mlp.json,2025-11-22T09:59:00.873891
SWdisable_memoryintensive4.json,2025-12-11T09:09:19.397827
mlpdisable_mixed1.json,2026-02-16T23:34:21.127064
swenable_cpuintensive_w10_1.json,2025-12-28T08:40:08.597288
swenable_mixed_w12_1.json,2026-01-03T20:19:14.587877
mlpenable_cpuintensive3.json,2026-02-17T00:04:40.462050
SWdisable_cpuintensive8.json,2025-12-11T21:13:43.903877
swenable_mixed_w12_1.json,2026-01-03T20:18:05.115398
swdisable_cpuintensive_4_3.json,2025-12-24T08:06:06.897649
SWdisable_memoryintensive.json,2025-11-25T02:25:57.448226
swdisable_mixed_w14_1.json,2026-01-03T20:47:52.497671
swenable_memoryintensive_w4_1.json,2025-12-25T08:25:23.766740
SW-disable_cpuintensive3.json,2025-12-10T23:20:21.568369
mlp.json,2025-11-22T10:21:12.743355
dvfs_log_memoryintensive.json,2025-08-05T16:51:46.807955
swenable_memoryintensive_w6_1.json,2025-12-26T07:33:10.549085
swdisable_memoryintensive_w6_2.json,2025-12-26T08:18:35.286353
swenable_cpuintensive_w6_1.json,2025-12-26T06:57:58.874469
dvfs_log_memoryintensive2.json,2025-08-05T19:33:13.852626
SWenable_cpuintensive4.json,2025-12-11T06:59:55.083636
swenable_cpuintensive_w6_3.json,2025-12-26T08:55:55.063332
swdisable_memoryintensive5.json,2025-12-11T12:44:33.674472
swdisable_memoryintensive_w10_1.json,2025-12-28T09:04:02.926745
swenable_cpuintensive_w14_3.json,2025-12-28T15:40:47.031798
swenable_memoryintensive_w14_1.json,2025-12-28T21:05:32.899162
swdisable_mixed_w14_1.json,2026-01-03T20:49:58.917159
baseline_log_cpuintensive2.json,2025-08-05T20:13:56.525537
swenable_memoryintensive5.json,2025-12-11T12:49:43.896590
swdisable_mixed_w4_2.json,2026-01-03T08:21:57.896369
swenable_memoryintensive_w14_2.json,2025-12-28T20:01:32.013909
swdisable_mixed_w10_2.json,2026-01-03T18:48:59.954111
mlpenable_mixed1.json,2026-02-16T23:13:23.446579
mlpdisable_cpuintensive2.json,2026-02-16T23:22:49.744060
swdisable_memoryintensive_w12_1.json,2025-12-28T13:18:22.464026
swdisable_mixed_w8_2.json,2026-01-03T10:09:45.452908
swdisable_cpuintensive_w14_3.json,2025-12-28T15:57:38.286703
swenable_memoryintensive8.json,2025-12-11T21:40:27.375211
SW-enable_cpuintensive3.json,2025-12-10T23:09:35.170557
swdisable_cpuintensive_w10_3.json,2025-12-28T07:33:14.396743
mlp.json,2025-11-22T10:17:08.693435
swenable_mixed_w6_1.json,2026-01-03T09:21:19.548563
swdisable_cpuintensive_w4_2.json,2025-12-24T07:14:53.173043
swenable_cpuintensive7.json,2025-12-11T17:42:31.337149
mlp.json,2025-11-22T09:45:52.491256
swenable_cpuintensive_w10_3.json,2025-12-28T07:10:35.944191
swdisable_mixed_w8_2.json,2026-01-03T10:10:39.263542
baseline_log_memoryintensive.json,2025-08-05T17:11:04.283051
swenable_cpuintensive_w10_2.json,2025-12-28T08:20:31.676497
swenable_memoryintensive_w10_2.json,2025-12-28T08:31:14.718917
dvfs_log_memoryintensive3.json,2025-08-08T08:50:59.232569
SW-disable_cpuintensive3.json,2025-12-10T23:20:06.412706
swdisable_memoryintensive_w6_2.json,2025-12-26T08:18:15.870897
swdisable_cpuintensive5.json,2025-12-11T11:46:18.555170
SWdisable_memoryintensive8.json,2025-12-11T21:51:36.205455
swenable_cpuintensive_w12_1.json,2025-12-28T13:26:26.551183
swenable_memoryintensive_w4_3.json,2025-12-25T09:07:34.090716
swenable_memoryintensive_w4_3.json,2025-12-25T09:07:05.508627
SWdisable_memoryintensive7.json,2025-12-11T21:00:08.712381
swenable_memoryintensive8.json,2025-12-11T21:41:54.491064
baseline_log_cpuintensive2.json,2025-08-05T20:16:12.431902
mlpenable_cpuintensive2.json,2026-02-16T22:55:39.609249
baseline_log_memoryintensive.json,2025-08-05T17:09:56.668248
swdisable_memoryintensive_w10_3.json,2025-12-28T07:42:12.031990
mlpdisable_memoryintensive3.json,2026-02-16T23:49:52.956178
swdisable_cpuintensive_w14_3.json,2025-12-28T15:59:21.047789
swenable_mixed_w12_2.json,2026-01-03T19:11:41.389198
swenable_memoryintensive_w4_3.json,2025-12-25T09:07:44.298931
swenable_memoryintensive_w12_2.json,2025-12-28T14:34:56.887187
mlpdisable_mixed2.json,2026-02-16T23:58:57.564841
swdisable_memoryintensive5.json,2025-12-11T12:44:04.445319
SWdisable_cpuintensive.json,2025-11-25T02:50:09.732162
mlp.json,2025-11-22T10:21:08.111026
swenable_memoryintensive_w14_1.json,2025-12-28T21:06:02.690146
swenable_mixed_w8_1.json,2026-01-06T21:12:13.083254
swdisable_cpuintensive_4_3.json,2025-12-24T08:07:58.771521
mlpdisable_memoryintensive.json,2025-11-22T23:13:24.586443
swenable_cpuintensive_w4_2.json,2025-12-24T07:24:59.331770
swenable_mixed_w8_2.json,2026-01-03T10:41:59.862988
swdisable_memoryintensive_w14_2.json,2025-12-28T19:46:33.472918
swenable_cpuintensive_w14_2.json,2025-12-28T19:51:34.692864
swdisable_cpuintensive_w4_2.json,2025-12-24T07:17:20.566843
swenable_memoryintensive_w12_2.json,2025-12-28T14:31:56.522383
SW-enable_cpuintensive3.json,2025-12-10T23:07:59.128066
swenable_memoryintensive_w12_3.json,2025-12-28T15:22:15.306073
swenable_memoryintensive_w4_1.json,2025-12-25T08:28:54.821955
swenable_mixed_w6_2.json,2026-01-06T21:31:06.481719
swdisable_cpuintensive5.json,2025-12-11T11:47:21.570913
swenable_cpuintensive_w4_1.json,2025-12-24T06:58:32.602534
swenable_mixed_w10_1.json,2026-01-03T18:21:17.118495
swdisable_cpuintensive_w14_3.json,2025-12-28T15:56:59.205852
swdisable_mixed_w6_2.json,2026-01-03T08:42:58.433367
swdisable_cpuintensive_w12_3.json,2025-12-28T15:00:17.744225
swdisable_mixed_w14_1.json,2026-01-03T20:51:16.954480
SWenable_cpuintensive8.json,2025-12-11T21:29:52.814997
swenable_mixed_w14_1.json,2026-01-03T20:41:17.754206
swenable_memoryintensive7.json,2025-12-11T20:47:53.487200
dvfs_log_cpuintensive3.json,2025-08-08T08:20:06.170597
mlpenable_memoryintensive.json,2025-11-22T23:38:22.105782
swenable_cpuintensive_w4_1.json,2025-12-24T06:59:38.880607
mlp.json,2025-11-22T09:54:41.654329
SWdisable_memoryintensive8.json,2025-12-11T21:50:14.326517
mlpenable_cpuintensive3.json,2026-02-17T00:02:24.145806
swdisable_memoryintensive_w4_1.json,2025-12-25T08:14:03.852693
swdisable_memoryintensive_w6_3.json,2025-12-26T08:48:51.723811
swdisable_mixed_w10_2.json,2026-01-03T18:44:46.755991
mlpdisable_cpuintensive.json,2025-11-22T15:31:27.570052
swdisable_mixed_w10_2.json,2026-01-03T18:45:40.245104
dvfs_log_cpuIntensive.json,2025-07-31T23:53:21.835421
mlpenable_cpuintensive2.json,2026-02-16T22:58:00.940831
dvfs_log_cpuIntensive.json,2025-07-31T23:54:58.541810
SWenable_memoryintensive4.json,2025-12-11T08:57:35.253508
swdisable_memoryintensive_w12_3.json,2025-12-28T15:03:47.987103
mlenable_memoryintensive2.json,2026-02-16T23:09:40.657003
swdisable_mixed_w8_2.json,2026-01-03T10:11:37.437560
mlpenable_memoryintensive.json,2025-11-22T23:41:19.175963
mlp.json,2025-11-22T09:54:55.662499
swenable_cpuintensive_w14_2.json,2025-12-28T19:53:34.436628
swdisable_cpuintensive6.json,2025-12-11T13:25:43.168662
baseline_log_cpuintensive2.json,2025-08-05T20:17:49.319394
swenable_memoryintensive_w6_2.json,2025-12-26T07:57:15.403118
swdisable_mixed_w10_1.json,2026-01-03T18:39:52.876726
mlp.json,2025-11-22T09:46:24.754315
mlp.json,2025-11-22T09:48:30.228100
swenable_cpuintensive5.json,2025-12-11T11:40:47.476098
swdisable_memoryintensive_w4_3.json,2025-12-25T09:00:11.820271
mlpenable_memoryintensive3.json,2026-02-17T00:10:15.173839
swenable_mixed_w6_1.json,2026-01-03T09:23:28.414990
swenable_memoryintensive_w14_2.json,2025-12-28T19:59:50.469681
swdisable_memoryintensive_w12_1.json,2025-12-28T13:20:16.385044
baseline_log_memoryintensive.json,2025-08-05T17:10:48.100784
swenable_memoryintensive_w10_2.json,2025-12-28T08:31:21.278201
swdisable_mixed_w8_1.json,2026-01-03T11:05:30.542710
swdisable_mixed_w10_1.json,2026-01-03T18:41:54.256679
SW-enable_cpuintensive3.json,2025-12-10T23:07:18.752710
swenable_cpuintensive_w14_2.json,2025-12-28T19:52:53.923340
SW-enable_cpuintensive3.json,2025-12-10T23:06:57.665255
mlp.json,2025-11-22T09:57:38.063696
swdisable_memoryintensive_w4_2.json,2025-12-25T08:52:42.435185
swdisable_cpuintensive_w10_3.json,2025-12-28T07:35:43.989498
swdisable_cpuintensive_w14_1.json,2025-12-28T21:15:47.470672
swdisable_memoryintensive6.json,2025-12-11T15:40:41.910480
swenable_cpuintensive_w10_2.json,2025-12-28T08:24:30.586297
mlpdisable_mixed1.json,2026-02-16T23:34:16.325603
baseline_log_memoryintensive3.json,2025-08-08T08:41:39.339537
swenable_mixed_w14_2.json,2026-01-03T21:00:47.967327
swdisable_mixed_w10_1.json,2026-01-03T18:38:59.459065
swenable_mixed_w6_2.json,2026-01-06T21:29:14.958312
SWenable_memoryintensive3.json,2025-12-11T06:09:12.825277
swdisable_mixed_w8_1.json,2026-01-03T11:06:04.125661
swenable_mixed_w8_1.json,2026-01-06T21:14:54.646829
swdisable_cpuintensive_w10_1.json,2025-12-28T08:54:35.240908
swdisable_cpuintensive_w6_1.json,2025-12-26T07:07:55.375540
swenable_mixed_w6_1.json,2026-01-03T09:21:24.156085
swdisable_cpuintensive_w12_3.json,2025-12-28T14:59:29.574787
swdisable_cpuintensive6.json,2025-12-11T13:24:54.022104
swenable_memoryintensive_w6_2.json,2025-12-26T07:57:05.432799
mlpenable_memoryintensive.json,2025-11-22T23:42:00.705716
swdisable_memoryintensive_w14_2.json,2025-12-28T19:48:16.675006
mlp.json,2025-11-22T10:02:47.207222
swenable_memoryintensive_w12_2.json,2025-12-28T14:32:01.302663
swdisable_cpuintensive_w4_2.json,2025-12-24T07:15:48.853625
swdisable_cpuintensive6.json,2025-12-11T13:26:47.084954
mlp.json,2025-11-22T09:54:18.444865
swenable_memoryintensive_w12_3.json,2025-12-28T15:22:37.043860
swenable_memoryintensive5.json,2025-12-11T12:51:46.551962
baseline_log_cpuintensive2.json,2025-08-05T20:16:09.222391
mlpdisable_mixed2.json,2026-02-16T23:56:33.028323
mlpenable_mixed1.json,2026-02-16T23:15:43.415511
dvfs_log_cpuintensive2.json,2025-08-05T20:23:21.558189
SW-enable_cpuintensive3.json,2025-12-10T23:08:26.622545
swdisable_mixed_w12_1.json,2026-01-03T20:12:13.415198
swdisable_cpuintensive_w14_2.json,2025-12-28T19:39:52.021221
mlp.json,2025-11-22T10:02:14.903837
swenable_cpuintensive6.json,2025-12-11T15:11:24.896505
mlp.json,2025-11-22T10:10:23.037399
swdisable_cpuintensive_w10_1.json,2025-12-28T08:56:47.121239
baseline_log_cpuintensive.json,2025-07-31T22:59:39.856515
swdisable_mixed_w8_2.json,2026-01-03T10:11:32.635089
dvfs_log_memoryintensive3.json,2025-08-08T08:47:56.594768
swenable_cpuintensive_w14_2.json,2025-12-28T19:54:30.815747
mlp.json,2025-11-22T10:12:33.593595
swdisable_cpuintensive_w10_3.json,2025-12-28T07:32:41.031930
mlpenable_memoryintensive.json,2025-11-22T23:38:08.187484
baseline_log_cpuintensive2.json,2025-08-05T20:18:15.178248
swenable_memoryintensive7.json,2025-12-11T20:49:10.035692
baseline_log_cpuintensive.json,2025-07-31T22:57:44.159725
swenable_cpuintensive_w12_2.json,2025-12-28T14:24:25.112234
swenable_memoryintensive_w10_2.json,2025-12-28T08:29:27.327780
swdisable_cpuintensive_4_3.json,2025-12-24T08:03:54.925849
mlpdisable_cpuintensive2.json,2026-02-16T23:24:58.343188
mlp.json,2025-11-22T10:11:46.991553
swenable_memoryintensive7.json,2025-12-11T20:49:21.824085
SWenable_memoryintensive2.json,2025-11-25T08:03:10.539758
dvfs_log_memoryintensive3.json,2025-08-08T08:48:33.209203
swdisable_mixed_w12_2.json,2026-01-03T19:24:32.420956
swenable_cpuintensive_w6_1.json,2025-12-26T06:57:24.275812
swdisable_memoryintensive_w6_3.json,2025-12-26T08:50:05.314187
baseline_log_cpuintensive.json,2025-07-31T23:01:42.062527
swenable_cpuintensive_w12_3.json,2025-12-28T15:13:56.524388
swenable_cpuintensive_w4_1.json,2025-12-24T06:56:21.807019
swenable_cpuintensive_w6_2.json,2025-12-26T07:45:33.890513
mlp.json,2025-11-22T10:16:22.414268
mlp.json,2025-11-22T10:20:17.497017
swdisable_memoryintensive6.json,2025-12-11T15:39:24.435806
swdisable_memoryintensive_w6_3.json,2025-12-26T08:47:43.852819
dvfs_log_cpuintensive3.json,2025-08-08T08:18:45.372387
SWdisable_cpuintensive8.json,2025-12-11T21:09:54.996235
swenable_memoryintensive_w6_2.json,2025-12-26T07:59:50.689905
swdisable_mixed_w4_2.json,2026-01-03T08:23:30.735083
swdisable_mixed_w10_2.json,2026-01-03T18:48:15.857842
mlpenable_cpuintensive3.json,2026-02-17T00:02:44.070725
swdisable_cpuintensive5.json,2025-12-11T11:50:15.564106
baseline_log_cpuintensive3.json,2025-08-08T08:29:11.292074
baseline_log_memoryintensive.json,2025-08-05T17:12:11.809922
mlpdisable_memoryintensive.json,2025-11-22T23:09:22.213125
swdisable_cpuintensive_w4_2.json,2025-12-24T07:17:05.889148
SWenable_cpuintensive8.json,2025-12-11T21:28:19.292606
swenable_mixed_w6_2.json,2026-01-06T21:27:50.874166
swdisable_memoryintensive_w12_1.json,2025-12-28T13:20:45.848855
swdisable_memoryintensive_w10_2.json,2025-12-28T08:05:27.861519
baseline_log_memoryintensive.json,2025-08-05T17:10:38.484771
swenable_mixed_w14_1.json,2026-01-03T20:38:04.793866
swdisable_memoryintensive_w6_3.json,2025-12-26T08:50:15.276647
dvfs_log_cpuIntensive.json,2025-07-31T23:53:25.130583
swdisable_cpuintensive_w4_2.json,2025-12-24T07:19:08.158355
swdisable_cpuintensive_4_3.json,2025-12-24T08:07:00.198038
swdisable_mixed_w10_2.json,2026-01-03T18:45:49.762691
swenable_memoryintensive6.json,2025-12-11T15:31:01.035984
swdisable_cpuintensive_w14_1.json,2025-12-28T21:13:16.660580
dvfs_log_cpuIntensive.json,2025-07-31T23:56:05.971362
SW-enable_cpuintensive3.json,2025-12-10T23:09:40.478466
swdisable_cpuintensive6.json,2025-12-11T13:27:50.935629
swdisable_memoryintensive_w6_2.json,2025-12-26T08:15:44.960447
swdisable_cpuintensive_w6_2.json,2025-12-26T08:07:08.399647
swdisable_mixed_w8_1.json,2026-01-03T11:05:54.545558
SWenable_cpuintensive8.json,2025-12-11T21:28:09.447863
swenable_cpuintensive_w4_2.json,2025-12-24T07:22:32.370284
swenable_mixed_w8_1.json,2026-01-06T21:16:43.438641
swenable_mixed_w12_1.json,2026-01-03T20:19:09.726944
baseline_log_cpuintensive2.json,2025-08-05T20:17:07.387855
swdisable_cpuintensive_w14_1.json,2025-12-28T21:13:02.019587
swenable_cpuintensive_w12_3.json,2025-12-28T15:11:32.274520
swenable_mixed_w4_1.json,2026-01-03T07:57:48.006949
swenable_memoryintensive_w6_3.json,2025-12-26T09:03:07.349049
swenable_mixed_w4_2.json,2026-01-03T08:30:22.944826
mlpenable_mixed2.json,2026-02-17T00:14:32.586990
baseline_log_cpuintensive3.json,2025-08-08T08:24:49.998900
mlpdisable_mixed1.json,2026-02-16T23:37:52.734427
baseline_log_memoryintensive3.json,2025-08-08T08:39:48.451661
swenable_memoryintensive_w6_2.json,2025-12-26T07:58:19.754194
swenable_memoryintensive7.json,2025-12-11T20:48:28.431935
mlpenable_mixed2.json,2026-02-17T00:15:46.982051
swdisable_mixed_w14_1.json,2026-01-03T20:51:26.615183
swenable_cpuintensive_w14_2.json,2025-12-28T19:51:39.477101
swenable_memoryintensive7.json,2025-12-11T20:48:57.436933
swdisable_mixed_w8_1.json,2026-01-03T11:05:16.077548
swenable_memoryintensive_w12_1.json,2025-12-28T13:33:26.057533
swenable_mixed_w4_2.json,2026-01-03T08:31:45.308685
SW-disable_cpuintensive3.json,2025-12-10T23:18:58.384569
swenable_cpuintensive_w6_2.json,2025-12-26T07:47:04.853292
swdisable_memoryintensive_w4_1.json,2025-12-25T08:14:53.051697
swdisable_cpuintensive_w14_2.json,2025-12-28T19:36:15.233847
SWdisable_cpuintensive8.json,2025-12-11T21:10:53.498047
swenable_cpuintensive6.json,2025-12-11T15:08:08.072169
swenable_memoryintensive_w4_2.json,2025-12-25T08:38:35.424611
swdisable_memoryintensive_w10_1.json,2025-12-28T09:04:17.551980
SWdisable_memoryintensive.json,2025-11-25T02:24:39.184690
dvfs_log_cpuintensive3.json,2025-08-08T08:20:02.760148
swenable_mixed_w14_1.json,2026-01-03T20:38:49.076207
swdisable_mixed_w6_1.json,2026-01-03T09:39:10.187597
dvfs_log_cpuintensive2.json,2025-08-05T20:25:59.308659
SWdisable_memoryintensive.json,2025-11-25T02:24:54.032046
swenable_cpuintensive_w4_1.json,2025-12-24T06:59:08.234724
dvfs_log_cpuIntensive.json,2025-07-31T23:57:57.452826
baseline_log_cpuintensive.json,2025-07-31T23:01:00.239605
mlp.json,2025-11-22T10:06:49.083393
mlp.json,2025-11-22T10:12:00.935392
swdisable_cpuintensive_w6_1.json,2025-12-26T07:08:00.202577
swdisable_memoryintensive5.json,2025-12-11T12:41:12.000558
swenable_memoryintensive_w10_2.json,2025-12-28T08:30:17.544717
mlpdisable_memoryintensive.json,2025-11-22T23:09:13.178798
baseline_log_memoryintensive2.json,2025-08-05T19:23:09.737032
swenable_cpuintensive_w4_2.json,2025-12-24T07:21:38.116198
swenable_memoryintensive5.json,2025-12-11T12:53:48.663761
dvfs_log_cpuintensive2.json,2025-08-05T20:26:21.905002
swdisable_memoryintensive_w12_3.json,2025-12-28T15:05:16.066674
swdisable_memoryintensive_w4_2.json,2025-12-25T08:52:57.054601
swenable_memoryintensive6.json,2025-12-11T15:31:34.886861
dvfs_log_cpuIntensive.json,2025-07-31T23:54:51.675653
swdisable_memoryintensive_w14_3.json,2025-12-28T16:03:56.166130
SWdisable_memoryintensive4.json,2025-12-11T09:07:51.014842
swenable_cpuintensive_w10_3.json,2025-12-28T07:12:07.068641
swdisable_cpuintensive_w12_2.json,2025-12-28T14:37:47.082676
swenable_cpuintensive6.json,2025-12-11T15:10:00.466872
SWenable_cpuintensive4.json,2025-12-11T07:00:09.749561
swenable_mixed_w4_1.json,2026-01-03T07:58:06.843743
SWdisable_memoryintensive7.json,2025-12-11T20:59:39.522734
swdisable_mixed_w10_2.json,2026-01-03T18:45:15.563121
SW-enable_cpuintensive3.json,2025-12-10T23:08:37.706247
mlp.json,2025-11-22T10:02:51.949938
swenable_cpuintensive_w12_1.json,2025-12-28T13:24:20.579549
dvfs_log_memoryintensive.json,2025-08-05T16:53:58.341545
SWdisable_cpuintensive7.json,2025-12-11T17:35:42.582187
SWenable_memoryintensive3.json,2025-12-11T06:10:11.888987
swenable_memoryintensive5.json,2025-12-11T12:53:33.400034
swenable_mixed_w4_1.json,2026-01-03T07:57:13.484788
swenable_cpuintensive_w6_1.json,2025-12-26T07:00:51.052193
swenable_memoryintensive_w12_2.json,2025-12-28T14:34:30.532889
mlpenable_cpuintensive2.json,2026-02-16T22:57:00.615053
baseline_log_cpuintensive2.json,2025-08-05T20:14:22.507310
swdisable_cpuintensive6.json,2025-12-11T13:27:16.667522
swenable_cpuintensive_w6_2.json,2025-12-26T07:46:58.601187
swenable_cpuintensive_w14_2.json,2025-12-28T19:55:32.327006
swenable_mixed_w4_2.json,2026-01-03T08:31:30.920931
swenable_memoryintensive_w4_2.json,2025-12-25T08:42:01.679844
swdisable_mixed_w14_1.json,2026-01-03T20:47:33.267017
dvfs_log_memoryintensive.json,2025-08-05T16:53:44.871842
baseline_log_cpuintensive.json,2025-07-31T23:01:22.804981
swenable_mixed_w6_1.json,2026-01-03T09:19:51.843230
dvfs_log_cpuintensive2.json,2025-08-05T20:22:59.004567
mlp.json,2025-11-22T09:41:24.797565
swenable_cpuintensive_w4_2.json,2025-12-24T07:24:34.059239
swdisable_memoryintensive_w12_2.json,2025-12-28T14:45:57.082329
mlp.json,2025-11-22T10:02:24.124998
dvfs_log_cpuIntensive.json,2025-07-31T23:55:35.309158
SWdisable_cpuintensive.json,2025-11-25T02:52:11.737608
mlpdisable_cpuintensive.json,2025-11-22T15:31:13.399724
SW-disable_cpuintensive3.json,2025-12-10T23:17:50.376498
dvfs_log_memoryintensive2.json,2025-08-05T19:33:00.992795
swenable_memoryintensive_w10_1.json,2025-12-28T08:48:56.860561
swdisable_mixed_w4_2.json,2026-01-03T08:23:21.191620
swdisable_cpuintensive_w12_1.json,2025-12-28T13:12:09.941261
swenable_memoryintensive_w12_2.json,2025-12-28T14:30:56.717032
swdisable_memoryintensive_w12_2.json,2025-12-28T14:48:29.173224
swenable_mixed_w4_2.json,2026-01-03T08:29:20.507434
swenable_cpuintensive_w10_3.json,2025-12-28T07:14:51.963612
swdisable_memoryintensive6.json,2025-12-11T15:39:48.340500
baseline_log_memoryintensive2.json,2025-08-05T19:24:17.830444
baseline_log_memoryintensive2.json,2025-08-05T19:26:33.727736
swenable_memoryintensive_w10_3.json,2025-12-28T07:29:02.678189
SWenable_cpuintensive.json,2025-11-25T02:57:42.355792
swenable_memoryintensive_w14_2.json,2025-12-28T20:00:15.790375
swenable_mixed_w14_2.json,2026-01-03T21:03:31.355956
SWdisable_memoryintensive2.json,2025-11-25T07:53:46.438301
swdisable_cpuintensive_w4_1.json,2025-12-24T07:09:32.334433
swdisable_memoryintensive6.json,2025-12-11T15:39:29.300699
swenable_memoryintensive_w4_2.json,2025-12-25T08:38:05.641821
baseline_log_memoryintensive.json,2025-08-05T17:11:36.390712
swenable_mixed_w12_1.json,2026-01-03T20:19:00.086492
mlpdisable_memoryintensive.json,2025-11-22T23:12:19.278286
mlpdisable_cpuintensive2.json,2026-02-16T23:26:05.614828
mlp.json,2025-11-22T09:39:33.354478
baseline_log_cpuintensive.json,2025-07-31T23:01:51.799436
swenable_cpuintensive6.json,2025-12-11T15:11:30.761936
swdisable_mixed_w12_1.json,2026-01-03T20:12:48.147801
swenable_memoryintensive_w10_2.json,2025-12-28T08:30:12.366150
swdisable_mixed_w10_1.json,2026-01-03T18:40:12.194579
dvfs_log_memoryintensive3.json,2025-08-08T08:50:14.879316
dvfs_log_cpuintensive3.json,2025-08-08T08:21:24.066765
swenable_cpuintensive6.json,2025-12-11T15:11:06.807209
baseline_log_memoryintensive2.json,2025-08-05T19:23:32.390935
swenable_cpuintensive_w10_1.json,2025-12-28T08:39:58.913003
swenable_memoryintensive6.json,2025-12-11T15:33:03.624134
baseline_log_memoryintensive2.json,2025-08-05T19:23:38.998645
SWenable_cpuintensive8.json,2025-12-11T21:28:28.876642
swdisable_memoryintensive_w10_3.json,2025-12-28T07:44:42.523204
baseline_log_cpuintensive2.json,2025-08-05T20:15:01.144520
SWdisable_cpuintensive4.json,2025-12-11T07:12:54.029277
swdisable_memoryintensive_w6_2.json,2025-12-26T08:17:35.586775
swdisable_mixed_w6_2.json,2026-01-03T08:42:24.145319
swdisable_memoryintensive_w12_3.json,2025-12-28T15:05:35.283847
baseline_log_cpuintensive2.json,2025-08-05T20:16:44.748866
swdisable_cpuintensive_w4_1.json,2025-12-24T07:09:42.224513
mlpenable_memoryintensive.json,2025-11-22T23:41:42.255657
mlpdisable_memoryintensive.json,2025-11-22T23:10:36.118381
swenable_cpuintensive_w4_2.json,2025-12-24T07:25:10.170002
swdisable_cpuintensive_w10_2.json,2025-12-28T07:57:19.178825
swenable_cpuintensive_w12_3.json,2025-12-28T15:11:49.628636
mlpenable_cpuintensive2.json,2026-02-16T22:54:49.308860
swenable_cpuintensive_w4_2.json,2025-12-24T07:21:18.967849
swenable_mixed_w14_2.json,2026-01-03T21:02:49.390022
swdisable_memoryintensive_w10_1.json,2025-12-28T09:01:41.702837
swdisable_memoryintensive_w4_2.json,2025-12-25T08:49:23.990213
swenable_cpuintensive5.json,2025-12-11T11:41:38.093828
SWenable_cpuintensive4.json,2025-12-11T07:02:58.118531
swenable_memoryintensive_w10_1.json,2025-12-28T08:47:17.364109
swdisable_cpuintensive_w4_2.json,2025-12-24T07:15:44.254435
swenable_memoryintensive_w6_2.json,2025-12-26T07:55:39.276086
swdisable_cpuintensive_w10_3.json,2025-12-28T07:35:04.933735
swdisable_memoryintensive5.json,2025-12-11T12:44:14.274926
baseline_log_cpuintensive3.json,2025-08-08T08:25:59.388680
swdisable_mixed_w14_1.json,2026-01-03T20:46:30.141423
SW-enable_cpuintensive3.json,2025-12-10T23:08:21.019337
swdisable_cpuintensive_w10_3.json,2025-12-28T07:32:55.417594
swdisable_memoryintensive_w14_1.json,2025-12-28T21:20:56.416355
swenable_cpuintensive6.json,2025-12-11T15:10:35.823185
mlpdisable_cpuintensive3.json,2026-02-16T23:46:14.704372
swdisable_cpuintensive_w14_3.json,2025-12-28T16:00:12.208246
swdisable_mixed_w8_2.json,2026-01-03T10:08:08.267493
swdisable_mixed_w14_2.json,2026-01-03T20:54:10.208104
dvfs_log_memoryintensive.json,2025-08-05T16:49:14.368538
mlp.json,2025-11-22T10:00:56.135144
swenable_memoryintensive_w10_1.json,2025-12-28T08:48:15.724864
swenable_mixed_w6_1.json,2026-01-03T09:23:03.855627
swenable_mixed_w10_2.json,2026-01-03T19:00:42.535398
swenable_mixed_w6_1.json,2026-01-03T09:23:23.246609
swenable_cpuintensive_w10_1.json,2025-12-28T08:38:04.808211
mlp.json,2025-11-22T09:41:57.271284
baseline_log_cpuintensive.json,2025-07-31T23:01:16.390166
swenable_memoryintensive_w4_1.json,2025-12-25T08:25:53.585318
mlpdisable_mixed1.json,2026-02-16T23:34:06.912177
SW-disable_cpuintensive3.json,2025-12-10T23:17:06.412752
mlpdisable_cpuintensive2.json,2026-02-16T23:23:03.767950
mlp.json,2025-11-22T09:45:43.246433
swenable_memoryintensive_w6_2.json,2025-12-26T07:58:08.517859
swdisable_mixed_w8_2.json,2026-01-03T10:07:39.587044
swdisable_mixed_w14_1.json,2026-01-03T20:49:29.713428
mlpdisable_memoryintensive.json,2025-11-22T23:09:40.651042
swdisable_cpuintensive_w12_3.json,2025-12-28T14:59:43.903985
swenable_cpuintensive7.json,2025-12-11T17:43:30.400360
swenable_memoryintensive6.json,2025-12-11T15:35:06.412374
swenable_mixed_w4_2.json,2026-01-03T08:32:00.140021
swdisable_mixed_w4_1.json,2026-01-03T08:03:13.915946
swdisable_memoryintensive_w12_3.json,2025-12-28T15:04:35.455426
swdisable_cpuintensive_w14_1.json,2025-12-28T21:13:46.509697
swenable_memoryintensive8.json,2025-12-11T21:43:46.479627
swdisable_memoryintensive_w4_1.json,2025-12-25T08:15:50.385042
swenable_memoryintensive_w14_1.json,2025-12-28T21:09:20.965191
swdisable_memoryintensive5.json,2025-12-11T12:41:21.521394
swenable_memoryintensive_w6_3.json,2025-12-26T09:06:54.799781
swdisable_cpuintensive5.json,2025-12-11T11:47:59.527548
swdisable_cpuintensive_w10_1.json,2025-12-28T08:54:25.120489
mlpdisable_memoryintensive3.json,2026-02-16T23:51:04.828216
swdisable_cpuintensive_w12_3.json,2025-12-28T14:59:34.259539
dvfs_log_cpuintensive2.json,2025-08-05T20:24:00.141771
baseline_log_memoryintensive3.json,2025-08-08T08:40:32.357495
swdisable_mixed_w8_2.json,2026-01-03T10:09:50.260597
swdisable_cpuintensive_w12_3.json,2025-12-28T14:57:14.085410
mlpenable_cpuintensive3.json,2026-02-17T00:03:28.193133
swenable_mixed_w14_1.json,2026-01-03T20:39:08.374548
swdisable_memoryintensive5.json,2025-12-11T12:42:08.824224
SWdisable_cpuintensive.json,2025-11-25T02:51:27.470062
baseline_log_cpuintensive3.json,2025-08-08T08:28:17.304198
swdisable_memoryintensive_w12_1.json,2025-12-28T13:19:21.856334
swenable_memoryintensive_w12_3.json,2025-12-28T15:18:42.366416
swenable_mixed_w10_2.json,2026-01-03T19:02:32.055311
swenable_mixed_w6_2.json,2026-01-06T21:27:05.539592
swdisable_memoryintensive5.json,2025-12-11T12:43:44.774928
swdisable_mixed_w6_2.json,2026-01-03T08:40:03.180183
swenable_cpuintensive_w6_2.json,2025-12-26T07:45:45.505845
swenable_mixed_w8_1.json,2026-01-06T21:15:05.695373
mlpdisable_memoryintensive2.json,2026-02-16T23:28:34.338824
mlp.json,2025-11-22T09:43:29.848563
swdisable_memoryintensive_w10_3.json,2025-12-28T07:44:13.042756
swdisable_memoryintensive_w14_1.json,2025-12-28T21:23:48.430628
swdisable_memoryintensive5.json,2025-12-11T12:43:49.961135
swdisable_memoryintensive_w14_3.json,2025-12-28T16:03:41.351918
swdisable_memoryintensive_w12_3.json,2025-12-28T15:05:25.704955
swenable_cpuintensive_w6_1.json,2025-12-26T06:58:13.610147
dvfs_log_cpuintensive2.json,2025-08-05T20:26:57.577312
swdisable_mixed_w10_2.json,2026-01-03T18:48:11.113015
swenable_mixed_w4_2.json,2026-01-03T08:33:23.016196
mlpenable_mixed1.json,2026-02-16T23:14:06.610861
swenable_memoryintensive5.json,2025-12-11T12:51:06.917784
swdisable_memoryintensive_w12_1.json,2025-12-28T13:16:20.959140
swenable_memoryintensive_w14_2.json,2025-12-28T19:58:11.668383
SWdisable_memoryintensive4.json,2025-12-11T09:08:35.163773
mlp.json,2025-11-22T09:46:52.693919
swenable_cpuintensive5.json,2025-12-11T11:39:23.796331
swdisable_mixed_w8_1.json,2026-01-03T11:08:00.934441
swdisable_memoryintensive_w12_1.json,2025-12-28T13:17:48.060022
dvfs_log_cpuIntensive.json,2025-07-31T23:55:18.794079
swdisable_memoryintensive_w4_3.json,2025-12-25T09:00:50.267902
SW-enable_cpuintensive3.json,2025-12-10T23:09:19.970725
swenable_cpuintensive_w10_1.json,2025-12-28T08:40:52.865137
mlp.json,2025-11-22T10:17:45.334450
baseline_log_memoryintensive3.json,2025-08-08T08:42:16.342719
mlpdisable_cpuintensive3.json,2026-02-16T23:45:45.838289
mlpdisable_memoryintensive3.json,2026-02-16T23:47:55.802276
swdisable_memoryintensive_w6_1.json,2025-12-26T07:16:11.745338
baseline_log_memoryintensive.json,2025-08-05T17:12:34.307932
baseline_log_memoryintensive3.json,2025-08-08T08:43:57.761728
dvfs_log_cpuintensive2.json,2025-08-05T20:24:48.386303
dvfs_log_cpuIntensive.json,2025-07-31T23:55:28.706381
swenable_mixed_w4_2.json,2026-01-03T08:33:41.483454
baseline_log_memoryintensive3.json,2025-08-08T08:39:11.727523
dvfs_log_memoryintensive2.json,2025-08-05T19:33:43.211182
swenable_mixed_w4_2.json,2026-01-03T08:29:34.835774
SWenable_memoryintensive3.json,2025-12-11T06:08:05.183299
dvfs_log_cpuIntensive.json,2025-07-31T23:53:01.801796
swdisable_cpuintensive_w4_1.json,2025-12-24T07:08:42.873797
SWenable_cpuintensive8.json,2025-12-11T21:30:29.364125
mlp.json,2025-11-22T10:01:51.653750
swenable_memoryintensive7.json,2025-12-11T20:51:44.710250
swenable_memoryintensive_w14_2.json,2025-12-28T19:59:06.031405
baseline_log_memoryintensive3.json,2025-08-08T08:39:35.068078
swdisable_cpuintensive_w6_3.json,2025-12-26T08:38:21.621108
SWdisable_cpuintensive4.json,2025-12-11T07:12:04.880518
swdisable_memoryintensive_w4_1.json,2025-12-25T08:17:14.501198
swdisable_memoryintensive5.json,2025-12-11T12:42:55.839060
mlp.json,2025-11-22T10:15:21.453574
mlpdisable_cpuintensive.json,2025-11-22T15:31:22.691756
swdisable_memoryintensive_w6_2.json,2025-12-26T08:17:30.766145
swenable_memoryintensive_w12_2.json,2025-12-28T14:32:44.037338
swenable_cpuintensive_w10_2.json,2025-12-28T08:21:29.564479
swenable_cpuintensive_w14_1.json,2025-12-28T20:58:40.189262
swenable_cpuintensive_w10_1.json,2025-12-28T08:40:29.739944
swdisable_memoryintensive_w10_3.json,2025-12-28T07:41:24.663593
baseline_log_memoryintensive2.json,2025-08-05T19:25:06.348193
swenable_mixed_w10_2.json,2026-01-03T19:00:28.220564
mlp.json,2025-11-22T10:00:28.453891
swdisable_cpuintensive_w12_1.json,2025-12-28T13:12:14.857683
swenable_mixed_w6_1.json,2026-01-03T09:19:39.391457
dvfs_log_cpuintensive3.json,2025-08-08T08:20:36.791372
swdisable_mixed_w4_1.json,2026-01-03T08:07:07.250554
swenable_cpuintensive_w14_1.json,2025-12-28T21:01:54.150337
swdisable_memoryintensive_w12_2.json,2025-12-28T14:49:22.747572
swenable_cpuintensive_w6_1.json,2025-12-26T07:01:20.187227
dvfs_log_memoryintensive2.json,2025-08-05T19:36:18.369178
dvfs_log_memoryintensive3.json,2025-08-08T08:47:39.719202
swdisable_cpuintensive_w4_2.json,2025-12-24T07:14:25.063725
swenable_cpuintensive_w12_2.json,2025-12-28T14:23:42.869782
swdisable_memoryintensive_w10_1.json,2025-12-28T09:01:56.221102
baseline_log_cpuintensive3.json,2025-08-08T08:25:49.582960
SWenable_cpuintensive4.json,2025-12-11T06:59:14.403964
mlp.json,2025-11-22T10:10:18.483402
mlpenable_mixed1.json,2026-02-16T23:16:12.017234
SWdisable_cpuintensive7.json,2025-12-11T17:34:59.357044
swenable_cpuintensive_w14_1.json,2025-12-28T21:01:44.328103
swdisable_cpuintensive_w12_2.json,2025-12-28T14:40:34.711132
mlpenable_cpuintensive3.json,2026-02-17T00:03:51.888965
swdisable_mixed_w4_2.json,2026-01-03T08:22:46.918142
swdisable_memoryintensive_w12_2.json,2025-12-28T14:46:27.432937
swdisable_memoryintensive_w12_2.json,2025-12-28T14:45:47.506495
swdisable_cpuintensive5.json,2025-12-11T11:50:20.352770
swdisable_cpuintensive_w12_1.json,2025-12-28T13:13:54.266880
swdisable_memoryintensive_w4_3.json,2025-12-25T08:59:08.644709
swdisable_cpuintensive_w10_3.json,2025-12-28T07:33:38.125847
swdisable_mixed_w8_1.json,2026-01-03T11:06:33.097511
swdisable_cpuintensive6.json,2025-12-11T13:24:21.263584
mlpenable_cpuintensive2.json,2026-02-16T22:56:27.894891
dvfs_log_cpuIntensive.json,2025-07-31T23:54:45.085638
baseline_log_memoryintensive.json,2025-08-05T17:14:01.217242
swdisable_memoryintensive_w12_1.json,2025-12-28T13:16:54.188780
baseline_log_memoryintensive2.json,2025-08-05T19:22:37.438234
mlenable_memoryintensive2.json,2026-02-16T23:09:55.242497
swdisable_cpuintensive_w6_2.json,2025-12-26T08:06:58.905070
swdisable_mixed_w4_2.json,2026-01-03T08:24:34.076912
swenable_cpuintensive_w14_3.json,2025-12-28T15:40:14.230396
swdisable_cpuintensive_w12_1.json,2025-12-28T13:13:19.606643
swdisable_memoryintensive_w4_1.json,2025-12-25T08:14:43.608199
swenable_mixed_w6_1.json,2026-01-03T09:23:56.346705
SWdisable_cpuintensive8.json,2025-12-11T21:11:22.028962
swenable_memoryintensive6.json,2025-12-11T15:31:30.239570
swenable_memoryintensive_w10_1.json,2025-12-28T08:45:56.695111
baseline_log_cpuintensive.json,2025-07-31T23:02:01.416374
swenable_cpuintensive_w10_2.json,2025-12-28T08:23:04.673578
swdisable_cpuintensive_w12_3.json,2025-12-28T14:57:33.478408
swdisable_memoryintensive6.json,2025-12-11T15:40:22.450692
swdisable_memoryintensive_w6_1.json,2025-12-26T07:16:21.594876
SWdisable_memoryintensive2.json,2025-11-25T07:51:30.968504
SWdisable_cpuintensive8.json,2025-12-11T21:12:21.431650
swdisable_cpuintensive_w10_1.json,2025-12-28T08:52:52.911498
mlpdisable_cpuintensive.json,2025-11-22T15:29:34.641089
SWdisable_memoryintensive4.json,2025-12-11T09:05:45.246805
mlenable_memoryintensive2.json,2026-02-16T23:07:00.768727
mlp.json,2025-11-22T09:45:57.054065
swdisable_memoryintensive_w6_3.json,2025-12-26T08:49:36.138477
swenable_memoryintensive7.json,2025-12-11T20:51:20.792760
swdisable_cpuintensive_w10_3.json,2025-12-28T07:34:21.218232
swenable_cpuintensive_w4_3.json,2025-12-24T08:00:16.776721
swenable_mixed_w10_2.json,2026-01-03T19:01:26.654389
swenable_cpuintensive_w4_2.json,2025-12-24T07:24:08.797656
swenable_cpuintensive_w6_3.json,2025-12-26T08:56:18.335203
swdisable_cpuintensive_w6_2.json,2025-12-26T08:10:42.017439
baseline_log_cpuintensive2.json,2025-08-05T20:18:05.546343
baseline_log_cpuintensive2.json,2025-08-05T20:16:02.669107
swenable_mixed_w4_2.json,2026-01-03T08:32:52.166244
swenable_memoryintensive5.json,2025-12-11T12:54:18.637503
mlpdisable_cpuintensive.json,2025-11-22T15:28:38.959748
dvfs_log_memoryintensive2.json,2025-08-05T19:34:12.382656
SWenable_cpuintensive4.json,2025-12-11T07:03:08.955028
swenable_memoryintensive_w4_2.json,2025-12-25T08:37:54.878260
swenable_memoryintensive6.json,2025-12-11T15:32:03.206598
swenable_cpuintensive_w12_2.json,2025-12-28T14:25:48.703229
swenable_mixed_w10_1.json,2026-01-03T18:20:37.562300
swenable_memoryintensive8.json,2025-12-11T21:40:36.547262
swenable_memoryintensive_w12_2.json,2025-12-28T14:31:46.444313
swdisable_memoryintensive_w6_3.json,2025-12-26T08:49:16.784949
swdisable_cpuintensive_4_3.json,2025-12-24T08:05:51.529938
swenable_cpuintensive_w4_3.json,2025-12-24T08:00:04.713980
mlpenable_mixed2.json,2026-02-17T00:16:15.272190
swdisable_cpuintensive_w10_1.json,2025-12-28T08:54:30.335109
dvfs_log_memoryintensive3.json,2025-08-08T08:49:06.640825
SWenable_memoryintensive3.json,2025-12-11T06:10:22.082591
swenable_cpuintensive_w12_1.json,2025-12-28T13:24:15.828282
baseline_log_memoryintensive.json,2025-08-05T17:10:54.518787
swdisable_memoryintensive_w6_2.json,2025-12-26T08:19:24.381103
swenable_memoryintensive_w12_2.json,2025-12-28T14:31:26.355031
mlpenable_mixed2.json,2026-02-17T00:14:46.616288
mlp.json,2025-11-22T10:15:58.836801
mlpdisable_mixed2.json,2026-02-16T23:58:33.145551
mlpdisable_cpuintensive.json,2025-11-22T15:30:54.268244
mlpdisable_memoryintensive2.json,2026-02-16T23:29:41.738404
swdisable_memoryintensive_w4_2.json,2025-12-25T08:50:44.383815
mlp.json,2025-11-22T09:51:35.814176
dvfs_log_cpuintensive3.json,2025-08-08T08:19:28.965059
swdisable_mixed_w8_2.json,2026-01-03T10:08:27.773813
swdisable_cpuintensive_w14_2.json,2025-12-28T19:36:58.796536
SWdisable_memoryintensive8.json,2025-12-11T21:52:53.896065
swenable_cpuintensive5.json,2025-12-11T11:39:05.355882
swenable_cpuintensive7.json,2025-12-11T17:41:55.940169
swenable_cpuintensive_w10_2.json,2025-12-28T08:20:37.558229
swenable_cpuintensive_w10_1.json,2025-12-28T08:40:47.242706
swenable_mixed_w12_2.json,2026-01-03T19:14:05.678711
swenable_cpuintensive5.json,2025-12-11T11:40:29.679346
mlpenable_cpuintensive.json,2025-11-22T15:10:29.690329
swenable_memoryintensive_w12_1.json,2025-12-28T13:32:17.723718
swdisable_memoryintensive_w4_3.json,2025-12-25T09:00:26.077356
SWdisable_memoryintensive8.json,2025-12-11T21:49:30.407624
mlp.json,2025-11-22T10:07:53.923528
swdisable_cpuintensive_w4_1.json,2025-12-24T07:07:58.434816
swdisable_cpuintensive_w6_2.json,2025-12-26T08:10:12.264254
mlp.json,2025-11-22T10:10:51.073671
swenable_mixed_w6_1.json,2026-01-03T09:21:33.909548
mlpdisable_cpuintensive.json,2025-11-22T15:26:36.520016
swenable_cpuintensive_w14_1.json,2025-12-28T20:58:49.764363
SWdisable_memoryintensive7.json,2025-12-11T20:57:03.852889
SWdisable_memoryintensive4.json,2025-12-11T09:08:45.101378
swdisable_cpuintensive_w6_2.json,2025-12-26T08:06:04.723035
baseline_log_memoryintensive3.json,2025-08-08T08:40:05.273834
swdisable_memoryintensive_w6_1.json,2025-12-26T07:15:04.890798
swenable_cpuintensive_w14_3.json,2025-12-28T15:42:16.501591
swdisable_mixed_w4_2.json,2026-01-03T08:24:24.555355
dvfs_log_memoryintensive3.json,2025-08-08T08:47:16.195727
swdisable_mixed_w12_1.json,2026-01-03T20:14:46.372087
swenable_mixed_w8_1.json,2026-01-06T21:13:07.713458
swdisable_cpuintensive_w14_1.json,2025-12-28T21:11:51.483552
swenable_memoryintensive_w12_3.json,2025-12-28T15:21:58.421791
swdisable_memoryintensive_w12_2.json,2025-12-28T14:48:24.116203
swdisable_cpuintensive_w6_2.json,2025-12-26T08:09:57.869972
swdisable_cpuintensive_w10_1.json,2025-12-28T08:52:18.800498
swenable_mixed_w6_2.json,2026-01-06T21:27:25.238449
swenable_cpuintensive_w4_3.json,2025-12-24T08:00:10.665409
mlp.json,2025-11-22T09:56:10.543569
swenable_mixed_w8_2.json,2026-01-03T10:42:44.501086
baseline_log_memoryintensive3.json,2025-08-08T08:43:10.248381
mlpdisable_cpuintensive.json,2025-11-22T15:27:44.277894
swdisable_mixed_w8_2.json,2026-01-03T10:07:29.906246
swdisable_cpuintensive_w12_3.json,2025-12-28T14:58:51.228702
mlpenable_mixed1.json,2026-02-16T23:13:13.927616
SW-disable_cpuintensive3.json,2025-12-10T23:17:25.437483
swdisable_memoryintensive_w6_3.json,2025-12-26T08:51:13.478307
mlpdisable_memoryintensive2.json,2026-02-16T23:28:29.528409
mlp.json,2025-11-22T09:56:56.474022
swdisable_mixed_w4_1.json,2026-01-03T08:07:26.978330
dvfs_log_cpuIntensive.json,2025-07-31T23:56:36.846693
swenable_cpuintensive_w14_1.json,2025-12-28T21:00:54.041812
swenable_cpuintensive_w6_2.json,2025-12-26T07:48:13.431218
swdisable_cpuintensive_w10_2.json,2025-12-28T07:59:24.920555
baseline_log_cpuintensive2.json,2025-08-05T20:18:31.254828
mlp.json,2025-11-22T09:51:26.723837
swenable_memoryintensive7.json,2025-12-11T20:47:59.384377
swenable_mixed_w8_1.json,2026-01-06T21:14:05.134175
swdisable_cpuintensive_w12_3.json,2025-12-28T15:01:57.416858
swdisable_cpuintensive_w10_1.json,2025-12-28T08:54:59.538734
swdisable_cpuintensive_w10_2.json,2025-12-28T07:59:20.134860
swenable_mixed_w6_1.json,2026-01-03T09:23:33.817965
mlpdisable_cpuintensive.json,2025-11-22T15:27:35.342902
mlp.json,2025-11-22T10:20:45.203233
swenable_memoryintensive_w10_1.json,2025-12-28T08:45:46.779222
swdisable_cpuintensive_w12_3.json,2025-12-28T15:01:32.946068
swenable_mixed_w12_1.json,2026-01-03T20:20:05.840777
swenable_mixed_w10_1.json,2026-01-03T18:23:00.663821
SWdisable_memoryintensive8.json,2025-12-11T21:52:24.621450
dvfs_log_cpuIntensive.json,2025-07-31T23:56:09.452112
swenable_mixed_w12_2.json,2026-01-03T19:15:24.826923
mlpdisable_cpuintensive2.json,2026-02-16T23:22:07.132857
swenable_memoryintensive_w10_1.json,2025-12-28T08:47:32.007923
swdisable_cpuintensive_w12_1.json,2025-12-28T13:09:19.496831
baseline_log_memoryintensive2.json,2025-08-05T19:24:56.717297
SW-disable_cpuintensive3.json,2025-12-10T23:21:00.849560
mlp.json,2025-11-22T10:09:55.023490
swdisable_memoryintensive_w14_2.json,2025-12-28T19:43:38.639435
swdisable_cpuintensive_w6_1.json,2025-12-26T07:09:04.235781
swenable_mixed_w6_2.json,2026-01-06T21:29:55.543456
swdisable_memoryintensive_w6_1.json,2025-12-26T07:16:56.710519
swenable_mixed_w12_1.json,2026-01-03T20:21:31.771115
swdisable_cpuintensive5.json,2025-12-11T11:46:52.380456
swdisable_memoryintensive_w10_2.json,2025-12-28T08:04:06.950209
swenable_mixed_w12_1.json,2026-01-03T20:21:11.911334
swdisable_mixed_w14_1.json,2026-01-03T20:48:21.473228
dvfs_log_cpuIntensive.json,2025-07-31T23:55:59.051614
swdisable_memoryintensive_w14_2.json,2025-12-28T19:44:36.179831
mlenable_memoryintensive2.json,2026-02-16T23:06:41.841415
swenable_mixed_w10_1.json,2026-01-03T18:24:10.601515
SWenable_cpuintensive.json,2025-11-25T02:57:06.083397
swdisable_cpuintensive_w10_3.json,2025-12-28T07:33:23.864942
swdisable_cpuintensive_4_3.json,2025-12-24T08:07:05.165292
swenable_mixed_w6_2.json,2026-01-06T21:28:55.558612
swdisable_cpuintensive_w10_3.json,2025-12-28T07:34:55.391385
mlenable_memoryintensive2.json,2026-02-16T23:09:21.609806
mlp.json,2025-11-22T10:09:31.455796
swenable_cpuintensive_w4_2.json,2025-12-24T07:23:01.603989
swdisable_memoryintensive_w4_2.json,2025-12-25T08:48:41.100406
dvfs_log_memoryintensive3.json,2025-08-08T08:50:42.265361
swdisable_memoryintensive_w12_2.json,2025-12-28T14:48:48.669290
swdisable_cpuintensive_w10_2.json,2025-12-28T08:00:43.913165
dvfs_log_memoryintensive2.json,2025-08-05T19:33:52.990847
SWenable_memoryintensive2.json,2025-11-25T08:02:44.862407
swdisable_cpuintensive_w14_3.json,2025-12-28T15:55:46.833521
swdisable_cpuintensive_w14_2.json,2025-12-28T19:38:39.878671
swenable_cpuintensive_w14_2.json,2025-12-28T19:52:58.832312
swenable_mixed_w8_2.json,2026-01-03T10:44:29.971062
mlpdisable_memoryintensive.json,2025-11-22T23:09:31.595515
mlpdisable_cpuintensive.json,2025-11-22T15:28:06.932725
dvfs_log_cpuIntensive.json,2025-07-31T23:56:53.440270
swdisable_memoryintensive_w4_2.json,2025-12-25T08:50:01.727994
swdisable_mixed_w10_1.json,2026-01-03T18:40:46.264515
swenable_memoryintensive_w6_1.json,2025-12-26T07:35:02.221809
swdisable_memoryintensive_w12_1.json,2025-12-28T13:18:12.659567
baseline_log_cpuintensive2.json,2025-08-05T20:14:25.715517
swdisable_mixed_w6_1.json,2026-01-03T09:38:41.174486
swenable_memoryintensive_w4_3.json,2025-12-25T09:07:59.837185
swenable_memoryintensive_w6_3.json,2025-12-26T09:02:57.283065
mlpdisable_cpuintensive.json,2025-11-22T15:29:48.580216
swenable_memoryintensive_w6_1.json,2025-12-26T07:34:55.879070
dvfs_log_cpuintensive2.json,2025-08-05T20:23:18.288023
dvfs_log_memoryintensive.json,2025-08-05T16:50:52.861723
baseline_log_cpuintensive.json,2025-07-31T23:00:50.518965
swdisable_memoryintensive_w4_2.json,2025-12-25T08:49:28.666564
dvfs_log_memoryintensive3.json,2025-08-08T08:51:33.591970
swenable_mixed_w8_2.json,2026-01-03T10:40:17.862652
dvfs_log_cpuIntensive.json,2025-07-31T23:53:45.144791
mlp.json,2025-11-22T09:44:43.469118
swenable_memoryintensive_w12_1.json,2025-12-28T13:34:57.718302
SW-disable_cpuintensive3.json,2025-12-10T23:18:09.276776
swenable_memoryintensive_w4_3.json,2025-12-25T09:07:54.643391
mlp.json,2025-11-22T09:47:06.614719
swenable_cpuintensive_w4_3.json,2025-12-24T07:56:41.204990
mlpdisable_mixed1.json,2026-02-16T23:37:04.274368
swenable_mixed_w6_2.json,2026-01-06T21:30:50.841222
SWenable_memoryintensive4.json,2025-12-11T08:57:40.460038
swdisable_cpuintensive_w4_2.json,2025-12-24T07:14:29.704534
swenable_cpuintensive_w6_1.json,2025-12-26T06:56:22.992545
swenable_memoryintensive7.json,2025-12-11T20:47:47.778930
swdisable_memoryintensive_w14_2.json,2025-12-28T19:46:43.628295
baseline_log_memoryintensive2.json,2025-08-05T19:27:19.201571
dvfs_log_cpuintensive3.json,2025-08-08T08:19:52.580177
swenable_memoryintensive_w12_1.json,2025-12-28T13:33:00.871480
SWenable_cpuintensive8.json,2025-12-11T21:28:33.571111
mlenable_memoryintensive2.json,2026-02-16T23:06:32.226841
swenable_mixed_w14_1.json,2026-01-03T20:38:09.677472
swdisable_memoryintensive_w4_2.json,2025-12-25T08:49:47.487562
mlp.json,2025-11-22T09:43:34.537934
baseline_log_memoryintensive2.json,2025-08-05T19:24:14.451644
swdisable_cpuintensive_w12_2.json,2025-12-28T14:42:12.451743
dvfs_log_memoryintensive.json,2025-08-05T16:49:31.456434
swenable_memoryintensive_w14_1.json,2025-12-28T21:05:18.454038
swdisable_mixed_w6_1.json,2026-01-03T09:38:51.099886
swenable_mixed_w10_1.json,2026-01-03T18:23:26.492880
mlp.json,2025-11-22T09:38:56.182705
baseline_log_memoryintensive3.json,2025-08-08T08:41:25.784194
baseline_log_cpuintensive2.json,2025-08-05T20:16:25.272738
swenable_memoryintensive_w12_3.json,2025-12-28T15:19:55.805613
swdisable_mixed_w12_1.json,2026-01-03T20:11:49.356617
swdisable_cpuintensive_w14_3.json,2025-12-28T15:57:43.307757
dvfs_log_memoryintensive2.json,2025-08-05T19:36:24.809440
SWenable_memoryintensive4.json,2025-12-11T08:57:10.054291
swdisable_memoryintensive_w14_1.json,2025-12-28T21:22:34.306172
baseline_log_memoryintensive2.json,2025-08-05T19:27:12.651532
swdisable_mixed_w4_1.json,2026-01-03T08:03:18.860102
SWenable_memoryintensive.json,2025-11-25T02:30:23.079504
swdisable_memoryintensive_w6_1.json,2025-12-26T07:16:46.634500
SWdisable_memoryintensive8.json,2025-12-11T21:48:51.869030
swdisable_memoryintensive_w14_1.json,2025-12-28T21:23:43.290129
baseline_log_memoryintensive2.json,2025-08-05T19:25:16.003001
baseline_log_memoryintensive3.json,2025-08-08T08:42:26.447441
mlpdisable_cpuintensive3.json,2026-02-16T23:41:48.695616
mlenable_memoryintensive2.json,2026-02-16T23:07:43.178339
mlpdisable_cpuintensive.json,2025-11-22T15:27:03.589617
swenable_memoryintensive_w14_1.json,2025-12-28T21:07:27.935306
dvfs_log_memoryintensive.json,2025-08-05T16:50:08.862516
swenable_mixed_w8_2.json,2026-01-03T10:40:13.057549
dvfs_log_memoryintensive2.json,2025-08-05T19:35:13.832333
swenable_cpuintensive_w14_1.json,2025-12-28T21:00:23.842424
swdisable_mixed_w6_2.json,2026-01-03T08:41:35.594838
swenable_cpuintensive_w4_2.json,2025-12-24T07:24:18.622049
dvfs_log_cpuintensive3.json,2025-08-08T08:19:02.015665
mlpenable_mixed1.json,2026-02-16T23:17:10.457121
swenable_memoryintensive_w10_2.json,2025-12-28T08:29:21.442953
mlp.json,2025-11-22T09:57:42.567330
swdisable_memoryintensive_w10_3.json,2025-12-28T07:45:06.530201
dvfs_log_cpuintensive3.json,2025-08-08T08:20:50.182588
mlp.json,2025-11-22T10:15:16.793569
swdisable_memoryintensive5.json,2025-12-11T12:42:22.921000
mlpenable_mixed1.json,2026-02-16T23:14:45.653251
swenable_memoryintensive_w10_1.json,2025-12-28T08:45:41.678877
mlenable_memoryintensive2.json,2026-02-16T23:07:33.807024
swenable_cpuintensive_w12_3.json,2025-12-28T15:11:55.662239
SWdisable_cpuintensive4.json,2025-12-11T07:12:49.224622
SWenable_cpuintensive8.json,2025-12-11T21:28:24.139132
swdisable_memoryintensive6.json,2025-12-11T15:43:17.204810
swenable_cpuintensive_w14_3.json,2025-12-28T15:39:31.780934
swenable_cpuintensive_w12_3.json,2025-12-28T15:09:55.952166
SWenable_memoryintensive2.json,2025-11-25T08:02:04.046604
swenable_memoryintensive_w12_3.json,2025-12-28T15:20:12.191576
mlp.json,2025-11-22T10:20:40.595420
dvfs_log_memoryintensive3.json,2025-08-08T08:48:03.362424
swdisable_cpuintensive_w10_3.json,2025-12-28T07:33:33.398323
swdisable_mixed_w14_2.json,2026-01-03T20:54:34.560934
swenable_memoryintensive6.json,2025-12-11T15:31:11.301389
swdisable_mixed_w4_2.json,2026-01-03T08:24:53.756204
swdisable_mixed_w6_2.json,2026-01-03T08:39:19.189473
SWenable_memoryintensive4.json,2025-12-11T08:59:45.938236
swenable_cpuintensive_w14_3.json,2025-12-28T15:39:41.239877
SWenable_cpuintensive4.json,2025-12-11T07:01:47.922244
dvfs_log_memoryintensive.json,2025-08-05T16:54:08.566762
mlpenable_memoryintensive.json,2025-11-22T23:37:30.926067
mlpenable_mixed1.json,2026-02-16T23:16:41.071823
baseline_log_cpuintensive3.json,2025-08-08T08:26:12.996947
SWdisable_memoryintensive3.json,2025-12-11T06:03:40.845852
swenable_cpuintensive_w14_1.json,2025-12-28T21:00:49.062180
dvfs_log_memoryintensive3.json,2025-08-08T08:51:19.613175
swdisable_mixed_w14_2.json,2026-01-03T20:56:21.268577
dvfs_log_cpuIntensive.json,2025-07-31T23:53:55.118570
swenable_memoryintensive_w12_1.json,2025-12-28T13:31:29.704369
SWdisable_cpuintensive4.json,2025-12-11T07:09:53.020512
SWenable_memoryintensive4.json,2025-12-11T09:00:27.334988
swenable_cpuintensive_w4_2.json,2025-12-24T07:23:42.547513
SWdisable_memoryintensive2.json,2025-11-25T07:55:21.205014
swenable_mixed_w8_1.json,2026-01-06T21:15:53.499503
swenable_memoryintensive_w14_1.json,2025-12-28T21:05:52.809250
swdisable_cpuintensive_w4_2.json,2025-12-24T07:16:41.643804
mlpdisable_mixed1.json,2026-02-16T23:36:35.177477
baseline_log_cpuintensive2.json,2025-08-05T20:16:18.852285
dvfs_log_cpuintensive3.json,2025-08-08T08:22:14.989547
swdisable_mixed_w12_2.json,2026-01-03T19:21:23.975224
swdisable_cpuintensive_w4_2.json,2025-12-24T07:18:04.539670
swdisable_mixed_w6_1.json,2026-01-03T09:36:05.318385
mlp.json,2025-11-22T10:21:54.181965
swdisable_cpuintensive_w12_2.json,2025-12-28T14:38:17.033298
swdisable_cpuintensive_w4_1.json,2025-12-24T07:06:30.181444
swenable_cpuintensive_w14_2.json,2025-12-28T19:52:04.409295
swdisable_cpuintensive_4_3.json,2025-12-24T08:04:13.871652
swenable_memoryintensive_w4_1.json,2025-12-25T08:26:04.265686
baseline_log_cpuintensive.json,2025-07-31T22:57:40.953332
swdisable_memoryintensive_w12_3.json,2025-12-28T15:07:47.500053
mlpenable_cpuintensive3.json,2026-02-17T00:02:14.453600
swdisable_memoryintensive_w12_3.json,2025-12-28T15:04:30.709439
swdisable_cpuintensive_w12_3.json,2025-12-28T14:58:55.940219
baseline_log_memoryintensive2.json,2025-08-05T19:23:51.836342
swdisable_memoryintensive_w12_1.json,2025-12-28T13:16:58.962273
swenable_cpuintensive_w4_1.json,2025-12-24T06:55:57.370118
swenable_mixed_w8_1.json,2026-01-06T21:15:36.208048
SWenable_memoryintensive2.json,2025-11-25T08:03:51.206859
swdisable_memoryintensive_w4_3.json,2025-12-25T08:58:45.027969
swdisable_cpuintensive_w12_3.json,2025-12-28T15:00:48.229297
mlp.json,2025-11-22T09:39:51.969116
swdisable_cpuintensive5.json,2025-12-11T11:48:04.260170
swenable_mixed_w14_1.json,2026-01-03T20:42:52.970391
swdisable_cpuintensive_w4_2.json,2025-12-24T07:14:34.393121
mlp.json,2025-11-22T09:58:19.436061
SWenable_memoryintensive2.json,2025-11-25T08:04:11.541852
dvfs_log_memoryintensive3.json,2025-08-08T08:49:13.239849
swdisable_mixed_w10_2.json,2026-01-03T18:47:02.821478
SWdisable_cpuintensive4.json,2025-12-11T07:11:59.981918
swenable_cpuintensive_w14_2.json,2025-12-28T19:51:20.006987
swdisable_cpuintensive_w12_3.json,2025-12-28T15:01:52.614658
swenable_mixed_w12_2.json,2026-01-03T19:11:06.144998
swdisable_cpuintensive_w12_3.json,2025-12-28T15:01:09.009225
swdisable_mixed_w6_1.json,2026-01-03T09:37:13.480207
mlp.json,2025-11-22T10:08:59.083659
swenable_mixed_w8_1.json,2026-01-06T21:12:38.842797
swenable_memoryintensive_w10_3.json,2025-12-28T07:28:53.326302
swenable_mixed_w10_2.json,2026-01-03T19:01:41.010860
swenable_memoryintensive_w6_1.json,2025-12-26T07:35:07.844392
swenable_cpuintensive_w10_1.json,2025-12-28T08:38:58.596227
swenable_mixed_w8_2.json,2026-01-03T10:41:16.265552
swenable_memoryintensive_w6_3.json,2025-12-26T09:05:11.282121
swdisable_memoryintensive_w14_1.json,2025-12-28T21:22:29.328557
SWenable_memoryintensive3.json,2025-12-11T06:08:36.599966
SW-disable_cpuintensive3.json,2025-12-10T23:17:15.914409
mlpdisable_memoryintensive2.json,2026-02-16T23:27:41.816993
swdisable_memoryintensive_w4_3.json,2025-12-25T09:01:44.651110
SWenable_cpuintensive4.json,2025-12-11T07:02:20.122453
SWdisable_memoryintensive3.json,2025-12-11T06:02:42.907218
swdisable_memoryintensive5.json,2025-12-11T12:41:31.084223
SWenable_memoryintensive3.json,2025-12-11T06:09:45.263463
mlp.json,2025-11-22T09:57:28.868448
SW-disable_cpuintensive3.json,2025-12-10T23:19:17.709415
swdisable_memoryintensive_w6_2.json,2025-12-26T08:17:01.860332
swenable_mixed_w8_2.json,2026-01-03T10:44:59.821239
swdisable_memoryintensive_w14_2.json,2025-12-28T19:48:21.497383
SWenable_memoryintensive3.json,2025-12-11T06:10:55.264467
mlpenable_mixed2.json,2026-02-17T00:15:00.508549
swdisable_cpuintensive_w4_2.json,2025-12-24T07:16:31.764114
swdisable_mixed_w12_2.json,2026-01-03T19:21:08.928290
dvfs_log_memoryintensive3.json,2025-08-08T08:50:55.856953
swdisable_mixed_w10_2.json,2026-01-03T18:46:04.623149
SWenable_cpuintensive4.json,2025-12-11T07:02:31.232402
SWdisable_memoryintensive7.json,2025-12-11T20:55:46.211033
swenable_memoryintensive_w12_1.json,2025-12-28T13:32:51.248622
swdisable_memoryintensive_w4_3.json,2025-12-25T08:59:27.658828
mlpdisable_mixed2.json,2026-02-16T23:59:07.519431
swenable_memoryintensive_w4_2.json,2025-12-25T08:41:31.498682
swdisable_cpuintensive_w14_3.json,2025-12-28T15:55:56.621405
mlp.json,2025-11-22T09:51:17.293877
mlp.json,2025-11-22T09:43:43.766638
swenable_mixed_w14_1.json,2026-01-03T20:42:47.178248
swdisable_mixed_w4_2.json,2026-01-03T08:21:38.759998
swenable_cpuintensive6.json,2025-12-11T15:09:05.001803
swenable_cpuintensive_w10_1.json,2025-12-28T08:42:15.838575
mlpenable_memoryintensive.json,2025-11-22T23:37:45.225842
swenable_memoryintensive_w12_2.json,2025-12-28T14:33:43.449762
swdisable_mixed_w12_1.json,2026-01-03T20:14:36.631737
swenable_memoryintensive_w4_2.json,2025-12-25T08:38:44.964294
swdisable_cpuintensive_w10_2.json,2025-12-28T08:00:58.842771
swdisable_cpuintensive_w10_2.json,2025-12-28T08:01:32.862732
swenable_cpuintensive_w10_2.json,2025-12-28T08:20:48.706002
swenable_memoryintensive_w12_3.json,2025-12-28T15:18:10.951022
swenable_memoryintensive_w12_1.json,2025-12-28T13:35:23.473434
swdisable_cpuintensive_4_3.json,2025-12-24T08:06:45.788185
swenable_memoryintensive_w4_3.json,2025-12-25T09:11:00.697925
swenable_cpuintensive7.json,2025-12-11T17:43:48.705980
mlpenable_cpuintensive2.json,2026-02-16T22:53:52.702838
swenable_cpuintensive_w14_3.json,2025-12-28T15:41:29.031792
swenable_mixed_w14_1.json,2026-01-03T20:40:08.009542
swenable_memoryintensive_w4_2.json,2025-12-25T08:37:35.381708
swdisable_cpuintensive_w10_3.json,2025-12-28T07:34:11.554094
swdisable_memoryintensive_w14_1.json,2025-12-28T21:22:09.527966
swdisable_memoryintensive_w4_3.json,2025-12-25T08:58:54.438414
swdisable_memoryintensive_w10_1.json,2025-12-28T09:02:30.025169
swenable_cpuintensive_w10_3.json,2025-12-28T07:12:38.119708
dvfs_log_memoryintensive2.json,2025-08-05T19:36:37.651363
mlp.json,2025-11-22T10:10:55.589487
baseline_log_cpuintensive2.json,2025-08-05T20:16:47.959002
mlp.json,2025-11-22T10:06:25.845678
swdisable_mixed_w6_2.json,2026-01-03T08:42:29.123935
swenable_memoryintensive_w10_1.json,2025-12-28T08:47:36.589879
swenable_memoryintensive_w4_1.json,2025-12-25T08:27:59.542031
swenable_cpuintensive_w14_2.json,2025-12-28T19:53:44.346953
mlp.json,2025-11-22T09:58:24.013951
swenable_mixed_w12_1.json,2026-01-03T20:20:21.540846
swenable_mixed_w14_2.json,2026-01-03T21:01:39.221000
swenable_cpuintensive_w4_3.json,2025-12-24T07:56:26.785979
dvfs_log_memoryintensive3.json,2025-08-08T08:51:02.643733
mlpdisable_mixed1.json,2026-02-16T23:37:23.597700
swdisable_cpuintensive_w12_3.json,2025-12-28T14:58:36.514477
baseline_log_memoryintensive3.json,2025-08-08T08:43:13.665408
mlpenable_cpuintensive3.json,2026-02-17T00:01:54.563650
swenable_memoryintensive_w4_3.json,2025-12-25T09:07:10.264370
swenable_cpuintensive_w14_1.json,2025-12-28T21:00:03.881774
swenable_mixed_w14_2.json,2026-01-03T21:05:13.255890
mlp.json,2025-11-22T10:03:38.333468
swenable_cpuintensive_w12_1.json,2025-12-28T13:25:30.734991
mlpdisable_memoryintensive2.json,2026-02-16T23:31:08.735057
mlp.json,2025-11-22T10:21:21.873503
swenable_cpuintensive_w12_2.json,2025-12-28T14:24:39.132045
swenable_memoryintensive_w10_1.json,2025-12-28T08:48:20.811368
swdisable_cpuintensive_w4_1.json,2025-12-24T07:05:51.551602
swenable_memoryintensive_w12_3.json,2025-12-28T15:19:32.424281
baseline_log_cpuintensive2.json,2025-08-05T20:16:38.326501
swdisable_cpuintensive_w10_1.json,2025-12-28T08:57:01.463469
mlpenable_cpuintensive.json,2025-11-22T15:07:18.593650
dvfs_log_cpuintensive2.json,2025-08-05T20:24:13.009770
swenable_memoryintensive_w6_3.json,2025-12-26T09:03:31.031398
swenable_cpuintensive_w6_1.json,2025-12-26T06:59:45.041580
swenable_cpuintensive_w10_2.json,2025-12-28T08:20:26.693634
swenable_memoryintensive_w12_2.json,2025-12-28T14:32:39.399966
swdisable_memoryintensive6.json,2025-12-11T15:41:35.089212
swdisable_cpuintensive_w4_2.json,2025-12-24T07:16:07.704909
swdisable_mixed_w6_1.json,2026-01-03T09:35:55.763326
swenable_memoryintensive_w4_2.json,2025-12-25T08:38:10.876351
mlp.json,2025-11-22T09:42:34.104321
swenable_cpuintensive_w12_2.json,2025-12-28T14:23:00.750253
swdisable_cpuintensive_w12_1.json,2025-12-28T13:09:14.832176
SWdisable_memoryintensive4.json,2025-12-11T09:07:31.703581
mlp.json,2025-11-22T10:09:59.627921
SWenable_cpuintensive8.json,2025-12-11T21:27:54.344086
swdisable_cpuintensive_w6_3.json,2025-12-26T08:41:01.113020
swdisable_mixed_w4_2.json,2026-01-03T08:25:47.131952
baseline_log_cpuintensive.json,2025-07-31T22:58:22.761977
swenable_memoryintensive_w14_1.json,2025-12-28T21:08:19.295364
mlpenable_cpuintensive2.json,2026-02-16T22:57:19.537966
swdisable_mixed_w14_2.json,2026-01-03T20:55:27.515323
baseline_log_cpuintensive.json,2025-07-31T23:00:15.212745
mlpdisable_cpuintensive3.json,2026-02-16T23:42:22.378285
mlp.json,2025-11-22T09:37:05.584366
swenable_cpuintensive_w10_2.json,2025-12-28T08:24:43.178303
swenable_cpuintensive_w12_3.json,2025-12-28T15:14:37.366011
mlpdisable_mixed2.json,2026-02-16T23:57:49.801998
mlpdisable_cpuintensive2.json,2026-02-16T23:21:24.216619
swdisable_memoryintensive_w14_1.json,2025-12-28T21:22:14.360333
mlpdisable_cpuintensive2.json,2026-02-16T23:23:13.057280
swdisable_memoryintensive_w14_3.json,2025-12-28T16:06:20.311343
swenable_cpuintensive_w12_3.json,2025-12-28T15:13:38.150135
swdisable_cpuintensive_w14_2.json,2025-12-28T19:36:10.268970
mlpenable_memoryintensive.json,2025-11-22T23:41:37.631919
swenable_cpuintensive_w6_3.json,2025-12-26T08:57:25.279506
baseline_log_cpuintensive2.json,2025-08-05T20:15:13.984232
mlpdisable_cpuintensive2.json,2026-02-16T23:25:22.620519
swdisable_cpuintensive_w4_1.json,2025-12-24T07:06:59.056386
mlpdisable_cpuintensive3.json,2026-02-16T23:46:29.068945
mlp.json,2025-11-22T09:52:27.214052
SWdisable_cpuintensive.json,2025-11-25T02:52:36.351172
swdisable_memoryintensive_w10_1.json,2025-12-28T09:04:27.205807
swenable_cpuintensive_w14_2.json,2025-12-28T19:50:59.565994
mlpdisable_memoryintensive2.json,2026-02-16T23:31:47.747099
mlp.json,2025-11-22T09:37:14.524354
baseline_log_memoryintensive3.json,2025-08-08T08:43:33.974491
swdisable_cpuintensive_w12_3.json,2025-12-28T14:59:20.056123
swdisable_cpuintensive_w12_1.json,2025-12-28T13:14:14.020049
baseline_log_cpuintensive3.json,2025-08-08T08:27:40.025694
baseline_log_memoryintensive3.json,2025-08-08T08:44:11.328705
swdisable_memoryintensive_w10_3.json,2025-12-28T07:43:48.395567
swdisable_memoryintensive_w6_3.json,2025-12-26T08:50:24.827020
swdisable_memoryintensive5.json,2025-12-11T12:44:28.836233
mlp.json,2025-11-22T09:39:00.754234
mlpdisable_cpuintensive3.json,2026-02-16T23:45:35.808442
swenable_memoryintensive_w10_1.json,2025-12-28T08:47:41.696505
SWdisable_memoryintensive7.json,2025-12-11T20:56:44.642310
swenable_cpuintensive_w10_1.json,2025-12-28T08:39:05.144633
swenable_mixed_w10_2.json,2026-01-03T19:00:07.652793
mlpdisable_cpuintensive.json,2025-11-22T15:29:44.011928
SW-disable_cpuintensive3.json,2025-12-10T23:17:40.764376
mlp.json,2025-11-22T09:40:01.124540
swdisable_cpuintensive_w14_3.json,2025-12-28T15:56:20.880704
swenable_memoryintensive_w14_2.json,2025-12-28T20:00:31.438581
swdisable_cpuintensive_w12_2.json,2025-12-28T14:40:25.127774
swenable_memoryintensive7.json,2025-12-11T20:50:27.766845
swenable_mixed_w10_1.json,2026-01-03T18:20:07.764159
mlpenable_mixed1.json,2026-02-16T23:16:07.327780
swdisable_cpuintensive_w14_2.json,2025-12-28T19:37:38.953704
swenable_cpuintensive_w4_3.json,2025-12-24T07:58:38.425075
baseline_log_cpuintensive.json,2025-07-31T23:02:17.459742
swenable_cpuintensive_w12_2.json,2025-12-28T14:22:46.275901
swdisable_cpuintensive_w10_2.json,2025-12-28T07:58:27.137073
mlpdisable_memoryintensive.json,2025-11-22T23:11:22.972099
swenable_cpuintensive_w12_3.json,2025-12-28T15:12:22.388694
mlp.json,2025-11-22T10:19:26.783312
SWdisable_cpuintensive4.json,2025-12-11T07:08:31.318027
mlpdisable_memoryintensive2.json,2026-02-16T23:27:27.583860
swenable_mixed_w14_1.json,2026-01-03T20:39:13.153035
mlpdisable_memoryintensive.json,2025-11-22T23:13:19.836947
swdisable_cpuintensive_w10_2.json,2025-12-28T07:59:15.377998
swenable_cpuintensive_w4_3.json,2025-12-24T07:57:42.246148
swdisable_cpuintensive_w6_3.json,2025-12-26T08:43:04.629447
swenable_cpuintensive_w4_1.json,2025-12-24T07:00:34.199381
swenable_memoryintensive6.json,2025-12-11T15:31:20.599531
swdisable_memoryintensive_w14_1.json,2025-12-28T21:19:25.349929
swdisable_mixed_w8_1.json,2026-01-03T11:04:37.452177
mlp.json,2025-11-22T09:49:02.664216
mlpenable_memoryintensive.json,2025-11-22T23:38:12.765701
SWenable_cpuintensive4.json,2025-12-11T07:00:45.517746
swenable_mixed_w4_2.json,2026-01-03T08:29:15.618040
swenable_cpuintensive_w10_3.json,2025-12-28T07:13:13.704921
dvfs_log_cpuintensive2.json,2025-08-05T20:22:49.380534
swenable_cpuintensive_w4_1.json,2025-12-24T06:59:23.480788
swenable_mixed_w8_1.json,2026-01-06T21:15:30.132988
mlpenable_cpuintensive2.json,2026-02-16T22:55:30.403087
swenable_memoryintensive_w14_3.json,2025-12-28T15:46:54.318893
swdisable_memoryintensive_w10_2.json,2025-12-28T08:04:21.201711
mlpdisable_memoryintensive.json,2025-11-22T23:09:08.649063
mlpenable_cpuintensive.json,2025-11-22T15:07:00.430240
mlpdisable_memoryintensive.json,2025-11-22T23:12:00.466471
mlpenable_mixed1.json,2026-02-16T23:15:29.167523
swenable_mixed_w14_2.json,2026-01-03T21:00:57.431398
dvfs_log_memoryintensive2.json,2025-08-05T19:35:10.600634
swdisable_cpuintensive_w14_1.json,2025-12-28T21:12:43.338408
swdisable_cpuintensive6.json,2025-12-11T13:26:56.815321
swenable_memoryintensive5.json,2025-12-11T12:52:07.012016
swenable_cpuintensive7.json,2025-12-11T17:40:59.129709
mlp.json,2025-11-22T10:08:12.543414
mlp.json,2025-11-22T09:41:52.579431
dvfs_log_memoryintensive2.json,2025-08-05T19:32:18.925797
swenable_memoryintensive8.json,2025-12-11T21:40:18.074056
dvfs_log_memoryintensive2.json,2025-08-05T19:32:38.333945
swenable_cpuintensive_w6_1.json,2025-12-26T06:59:35.479966
swdisable_memoryintensive_w6_1.json,2025-12-26T07:19:29.942305
swenable_cpuintensive_w12_1.json,2025-12-28T13:24:30.170398
swdisable_cpuintensive_4_3.json,2025-12-24T08:04:48.376639
swenable_cpuintensive_w6_3.json,2025-12-26T08:59:48.420190
swdisable_cpuintensive_w10_2.json,2025-12-28T07:58:55.895547
swdisable_mixed_w6_1.json,2026-01-03T09:36:00.498515
swdisable_memoryintensive_w12_3.json,2025-12-28T15:07:23.042116
swenable_cpuintensive_w12_3.json,2025-12-28T15:14:25.463332
mlenable_memoryintensive2.json,2026-02-16T23:06:22.763535
swenable_cpuintensive_w4_3.json,2025-12-24T08:00:30.267410
swenable_cpuintensive_w10_3.json,2025-12-28T07:14:22.340304
swdisable_memoryintensive_w12_2.json,2025-12-28T14:47:35.326868
SWenable_cpuintensive.json,2025-11-25T02:57:37.474657
swdisable_cpuintensive_w12_1.json,2025-12-28T13:12:39.581020
baseline_log_memoryintensive2.json,2025-08-05T19:26:01.236522
swdisable_memoryintensive_w14_3.json,2025-12-28T16:06:04.912168
mlpdisable_memoryintensive2.json,2026-02-16T23:28:05.682492
mlpenable_mixed1.json,2026-02-16T23:17:58.368452
swenable_memoryintensive_w6_1.json,2025-12-26T07:34:07.000407
swdisable_memoryintensive_w4_1.json,2025-12-25T08:18:44.494478
swenable_cpuintensive5.json,2025-12-11T11:41:21.857168
swdisable_memoryintensive_w12_2.json,2025-12-28T14:49:12.778220
swdisable_mixed_w10_2.json,2026-01-03T18:46:28.871073
mlpdisable_cpuintensive.json,2025-11-22T15:30:16.394862
dvfs_log_memoryintensive.json,2025-08-05T16:53:55.018853
swenable_memoryintensive8.json,2025-12-11T21:42:04.350372
swdisable_cpuintensive_w12_2.json,2025-12-28T14:38:26.593500
swdisable_memoryintensive_w4_2.json,2025-12-25T08:49:14.512571
swenable_cpuintensive_w14_3.json,2025-12-28T15:39:59.984424
swdisable_mixed_w14_1.json,2026-01-03T20:51:12.178602
swenable_memoryintensive_w4_2.json,2025-12-25T08:42:06.618510
SWdisable_memoryintensive3.json,2025-12-11T06:00:46.363762
swdisable_memoryintensive_w12_3.json,2025-12-28T15:03:24.253696
mlpdisable_memoryintensive3.json,2026-02-16T23:48:30.183766
SWdisable_memoryintensive2.json,2025-11-25T07:54:06.241046
swdisable_cpuintensive_4_3.json,2025-12-24T08:05:46.742122
swenable_mixed_w6_1.json,2026-01-03T09:21:48.240739
swenable_mixed_w4_2.json,2026-01-03T08:32:29.459617
swdisable_memoryintensive_w4_3.json,2025-12-25T09:03:33.209975
swenable_mixed_w12_2.json,2026-01-03T19:13:54.110185
mlpenable_mixed1.json,2026-02-16T23:13:32.989843
swdisable_cpuintensive_w12_1.json,2025-12-28T13:13:34.594786
swenable_cpuintensive6.json,2025-12-11T15:10:06.242745
swdisable_mixed_w4_1.json,2026-01-03T08:05:54.396813
swdisable_mixed_w14_1.json,2026-01-03T20:50:47.731825
dvfs_log_cpuintensive3.json,2025-08-08T08:18:05.139512
baseline_log_cpuintensive.json,2025-07-31T23:00:08.730434
SWdisable_cpuintensive7.json,2025-12-11T17:34:31.102509
mlpdisable_memoryintensive2.json,2026-02-16T23:29:17.629259
mlp.json,2025-11-22T10:03:29.117204
swenable_cpuintensive_w14_2.json,2025-12-28T19:50:49.977192
dvfs_log_cpuIntensive.json,2025-07-31T23:56:26.722904
swenable_cpuintensive5.json,2025-12-11T11:41:27.129976
SWenable_cpuintensive8.json,2025-12-11T21:32:26.905686
swenable_memoryintensive7.json,2025-12-11T20:47:36.376541
mlpdisable_cpuintensive2.json,2026-02-16T23:23:36.995547
dvfs_log_cpuintensive2.json,2025-08-05T20:26:15.482921
swenable_memoryintensive_w4_2.json,2025-12-25T08:40:15.626071
mlpdisable_cpuintensive.json,2025-11-22T15:31:08.901650
swdisable_memoryintensive_w6_1.json,2025-12-26T07:17:51.151407
mlpenable_cpuintensive.json,2025-11-22T15:09:52.314578
swdisable_mixed_w4_2.json,2026-01-03T08:20:58.879746
swdisable_memoryintensive_w12_3.json,2025-12-28T15:07:28.172112
SW-enable_cpuintensive3.json,2025-12-10T23:10:01.847905
swenable_memoryintensive_w14_1.json,2025-12-28T21:04:35.434589
dvfs_log_cpuintensive3.json,2025-08-08T08:18:28.669893
mlp.json,2025-11-22T09:44:57.296078
mlpenable_memoryintensive.json,2025-11-22T23:39:31.338088
SW-enable_cpuintensive3.json,2025-12-10T23:09:09.620260
SWdisable_cpuintensive8.json,2025-12-11T21:13:33.852698
mlp.json,2025-11-22T09:40:05.874140
mlenable_memoryintensive2.json,2026-02-16T23:09:07.307442
SWdisable_memoryintensive8.json,2025-12-11T21:50:38.078857
swenable_cpuintensive5.json,2025-12-11T11:40:41.491493
swenable_cpuintensive_w4_2.json,2025-12-24T07:21:14.319758
swenable_cpuintensive_w4_1.json,2025-12-24T07:00:13.742728
mlpenable_cpuintensive.json,2025-11-22T15:10:52.833873
baseline_log_cpuintensive3.json,2025-08-08T08:24:36.666460
mlpdisable_memoryintensive2.json,2026-02-16T23:29:07.995364
dvfs_log_cpuintensive2.json,2025-08-05T20:27:00.788195
swenable_mixed_w8_1.json,2026-01-06T21:14:24.056325
SWdisable_memoryintensive.json,2025-11-25T02:24:58.929140
swenable_memoryintensive5.json,2025-12-11T12:49:58.799799
mlpdisable_memoryintensive3.json,2026-02-16T23:48:10.430414
swdisable_mixed_w8_2.json,2026-01-03T10:09:35.945339
swdisable_memoryintensive_w12_1.json,2025-12-28T13:17:03.752278
swenable_cpuintensive_w12_1.json,2025-12-28T13:23:45.882294
mlp.json,2025-11-22T10:24:49.637618
SWdisable_memoryintensive3.json,2025-12-11T06:03:21.263994
dvfs_log_cpuIntensive.json,2025-07-31T23:57:30.270834
baseline_log_cpuintensive.json,2025-07-31T22:59:59.097725
SWenable_cpuintensive.json,2025-11-25T02:58:53.809910
SW-disable_cpuintensive3.json,2025-12-10T23:16:56.551949
SW-enable_cpuintensive3.json,2025-12-10T23:08:59.315979
swenable_mixed_w12_1.json,2026-01-03T20:18:00.255751
swenable_memoryintensive_w6_3.json,2025-12-26T09:07:08.913759
mlpdisable_memoryintensive2.json,2026-02-16T23:30:25.068122
mlpdisable_cpuintensive3.json,2026-02-16T23:46:09.936408
swdisable_memoryintensive_w4_3.json,2025-12-25T09:00:40.516747
swenable_cpuintensive_w4_1.json,2025-12-24T06:58:02.447651
SW-disable_cpuintensive3.json,2025-12-10T23:18:48.387391
mlpdisable_cpuintensive3.json,2026-02-16T23:42:08.159440
swdisable_mixed_w12_2.json,2026-01-03T19:20:14.627508
swenable_cpuintensive_w14_1.json,2025-12-28T21:01:03.841833
swenable_mixed_w14_2.json,2026-01-03T21:04:43.744591
swdisable_cpuintensive_w14_2.json,2025-12-28T19:39:36.299521
SWdisable_memoryintensive7.json,2025-12-11T20:55:55.613512
swdisable_cpuintensive_w12_1.json,2025-12-28T13:09:52.523927
swenable_cpuintensive_w6_2.json,2025-12-26T07:45:02.449788
mlpdisable_cpuintensive.json,2025-11-22T15:30:11.769747
swenable_cpuintensive7.json,2025-12-11T17:43:36.443673
swdisable_memoryintensive_w6_1.json,2025-12-26T07:18:55.424243
swenable_memoryintensive7.json,2025-12-11T20:48:04.287980
mlpenable_cpuintensive3.json,2026-02-17T00:02:29.023687
mlpdisable_cpuintensive3.json,2026-02-16T23:43:24.690130
swdisable_memoryintensive_w14_1.json,2025-12-28T21:20:23.076838
swenable_mixed_w14_1.json,2026-01-03T20:38:24.061671
mlpdisable_cpuintensive2.json,2026-02-16T23:21:29.069944
swdisable_memoryintensive_w6_1.json,2025-12-26T07:19:34.713937
swdisable_cpuintensive_4_3.json,2025-12-24T08:06:26.222869
swenable_cpuintensive_w6_1.json,2025-12-26T06:59:30.680915
dvfs_log_cpuintensive2.json,2025-08-05T20:26:31.536381
swenable_memoryintensive_w10_3.json,2025-12-28T07:25:25.932258
swdisable_memoryintensive_w14_2.json,2025-12-28T19:45:10.805764
swdisable_cpuintensive_w14_1.json,2025-12-28T21:11:13.967830
baseline_log_memoryintensive3.json,2025-08-08T08:42:46.612717
swenable_memoryintensive7.json,2025-12-11T20:50:10.770423
swenable_memoryintensive_w4_1.json,2025-12-25T08:26:09.509131
mlp.json,2025-11-22T10:17:04.089164
swenable_mixed_w10_1.json,2026-01-03T18:22:36.438201
mlpenable_memoryintensive3.json,2026-02-17T00:12:43.059652
SWdisable_memoryintensive8.json,2025-12-11T21:48:42.506404
swdisable_cpuintensive_w4_1.json,2025-12-24T07:05:08.141844
swenable_memoryintensive_w4_1.json,2025-12-25T08:25:43.903356
swenable_mixed_w14_1.json,2026-01-03T20:41:35.792703
swenable_mixed_w8_2.json,2026-01-03T10:44:42.011973
baseline_log_cpuintensive.json,2025-07-31T22:59:33.445660
swenable_memoryintensive7.json,2025-12-11T20:48:38.305626
mlpdisable_cpuintensive2.json,2026-02-16T23:23:22.751114
swenable_memoryintensive_w14_1.json,2025-12-28T21:08:39.658715
swenable_cpuintensive_w6_1.json,2025-12-26T06:56:33.531592
mlpenable_cpuintensive3.json,2026-02-17T00:01:34.917861
SWdisable_cpuintensive8.json,2025-12-11T21:11:17.284989
dvfs_log_memoryintensive3.json,2025-08-08T08:47:26.524326
swdisable_cpuintensive_w6_3.json,2025-12-26T08:42:10.418974
mlpenable_mixed2.json,2026-02-17T00:15:23.734088
mlpdisable_memoryintensive.json,2025-11-22T23:11:13.606663
swdisable_mixed_w6_1.json,2026-01-03T09:35:21.716995
swdisable_memoryintensive_w14_1.json,2025-12-28T21:19:20.635280
SWdisable_memoryintensive8.json,2025-12-11T21:50:04.102455
swdisable_mixed_w10_2.json,2026-01-03T18:48:20.723832
swdisable_cpuintensive_w6_3.json,2025-12-26T08:42:59.520283
SWdisable_memoryintensive7.json,2025-12-11T21:00:18.646402
swenable_cpuintensive_w14_1.json,2025-12-28T21:00:58.912189
swenable_cpuintensive_w12_2.json,2025-12-28T14:24:34.418794
swdisable_memoryintensive_w4_2.json,2025-12-25T08:51:23.579633
swdisable_memoryintensive_w4_2.json,2025-12-25T08:49:56.986237
mlp.json,2025-11-22T10:02:19.473685
swenable_cpuintensive7.json,2025-12-11T17:41:32.267409
swdisable_cpuintensive_w14_1.json,2025-12-28T21:13:41.440656
mlpdisable_cpuintensive.json,2025-11-22T15:26:27.512571
swenable_mixed_w10_2.json,2026-01-03T19:00:02.866180
swenable_memoryintensive_w12_3.json,2025-12-28T15:19:22.674292
swenable_mixed_w10_2.json,2026-01-03T18:59:43.090338
swenable_memoryintensive_w14_3.json,2025-12-28T15:50:39.129161
mlpenable_memoryintensive3.json,2026-02-17T00:08:14.475894
swenable_mixed_w14_1.json,2026-01-03T20:41:59.903976
swenable_memoryintensive_w6_2.json,2025-12-26T07:56:50.335948
mlpenable_cpuintensive2.json,2026-02-16T22:57:33.286814
swdisable_memoryintensive_w10_2.json,2025-12-28T08:04:25.945990
swdisable_cpuintensive_w6_1.json,2025-12-26T07:06:51.299862
swdisable_mixed_w8_1.json,2026-01-03T11:06:47.883478
swdisable_mixed_w10_2.json,2026-01-03T18:48:06.348386
dvfs_log_cpuintensive2.json,2025-08-05T20:27:16.844905
swenable_cpuintensive_w4_3.json,2025-12-24T07:57:48.035180
swenable_cpuintensive6.json,2025-12-11T15:07:24.578462
swenable_mixed_w4_2.json,2026-01-03T08:32:41.707581
swdisable_memoryintensive_w6_1.json,2025-12-26T07:17:41.020593
swdisable_memoryintensive_w12_2.json,2025-12-28T14:47:06.046229
mlpdisable_memoryintensive.json,2025-11-22T23:09:50.285614
swenable_cpuintensive7.json,2025-12-11T17:42:25.806718
swdisable_cpuintensive_4_3.json,2025-12-24T08:07:34.884980
swenable_memoryintensive_w12_1.json,2025-12-28T13:33:30.967325
swenable_cpuintensive6.json,2025-12-11T15:09:36.878876
SWdisable_memoryintensive2.json,2025-11-25T07:54:44.802430
swdisable_memoryintensive_w4_2.json,2025-12-25T08:53:01.990481
baseline_log_memoryintensive.json,2025-08-05T17:11:17.156550
swdisable_memoryintensive5.json,2025-12-11T12:43:34.854994
swdisable_cpuintensive_w12_3.json,2025-12-28T14:59:24.857362
swenable_mixed_w10_1.json,2026-01-03T18:19:47.303254
mlp.json,2025-11-22T10:03:42.964487
swdisable_memoryintensive_w10_2.json,2025-12-28T08:03:23.116588
mlp.json,2025-11-22T09:36:38.227713
swenable_cpuintensive_w12_1.json,2025-12-28T13:27:32.497201
dvfs_log_cpuintensive2.json,2025-08-05T20:26:51.155794
swdisable_memoryintensive_w4_2.json,2025-12-25T08:51:08.770050
swenable_memoryintensive_w14_3.json,2025-12-28T15:47:13.199315
swenable_cpuintensive_w12_2.json,2025-12-28T14:25:26.051589
baseline_log_memoryintensive3.json,2025-08-08T08:41:29.200157
swdisable_memoryintensive6.json,2025-12-11T15:40:17.627469
swenable_mixed_w10_2.json,2026-01-03T19:03:46.904288
mlpenable_memoryintensive.json,2025-11-22T23:37:07.811866
swdisable_cpuintensive6.json,2025-12-11T13:24:49.321752
swenable_cpuintensive_w6_3.json,2025-12-26T08:56:33.430030
swdisable_cpuintensive_w10_1.json,2025-12-28T08:55:23.654624
swdisable_memoryintensive6.json,2025-12-11T15:41:49.421596
swenable_memoryintensive_w6_2.json,2025-12-26T07:57:29.353291
swdisable_mixed_w6_2.json,2026-01-03T08:39:58.429078
swdisable_memoryintensive_w4_3.json,2025-12-25T09:01:39.663076
swenable_mixed_w4_2.json,2026-01-03T08:33:01.691770
SWenable_cpuintensive4.json,2025-12-11T07:03:26.187938
swenable_memoryintensive5.json,2025-12-11T12:49:49.002787
swenable_cpuintensive6.json,2025-12-11T15:11:12.974056
swenable_memoryintensive_w12_1.json,2025-12-28T13:36:04.667951
swenable_mixed_w8_1.json,2026-01-06T21:12:43.700750
SWdisable_memoryintensive7.json,2025-12-11T20:58:50.620392
swdisable_cpuintensive_w6_1.json,2025-12-26T07:05:12.451918
mlpenable_mixed1.json,2026-02-16T23:16:46.046785
mlenable_memoryintensive2.json,2026-02-16T23:06:56.012324
baseline_log_cpuintensive2.json,2025-08-05T20:15:10.776297
swdisable_memoryintensive_w14_1.json,2025-12-28T21:19:39.801164
swdisable_cpuintensive_w4_1.json,2025-12-24T07:08:13.209832
swenable_mixed_w10_1.json,2026-01-03T18:21:12.110067
swenable_cpuintensive_w4_1.json,2025-12-24T06:56:54.590630
swdisable_memoryintensive_w6_1.json,2025-12-26T07:16:16.645633
swenable_memoryintensive_w6_3.json,2025-12-26T09:05:40.803488
swenable_memoryintensive7.json,2025-12-11T20:51:56.015788
swdisable_mixed_w8_1.json,2026-01-03T11:05:49.678978
swdisable_cpuintensive_w4_2.json,2025-12-24T07:16:26.958061
baseline_log_memoryintensive.json,2025-08-05T17:12:43.970202
mlpdisable_cpuintensive.json,2025-11-22T15:29:57.708039
mlp.json,2025-11-22T10:09:40.933442
swenable_memoryintensive_w6_2.json,2025-12-26T07:56:55.611052
swdisable_mixed_w4_1.json,2026-01-03T08:03:33.971351
swenable_mixed_w4_1.json,2026-01-03T07:54:12.114956
SWenable_cpuintensive.json,2025-11-25T02:56:03.487270
swenable_cpuintensive_w10_3.json,2025-12-28T07:11:09.837564
mlpenable_cpuintensive.json,2025-11-22T15:08:28.216695
SWenable_memoryintensive2.json,2025-11-25T08:00:39.081194
swdisable_cpuintensive5.json,2025-12-11T11:51:04.239774
dvfs_log_cpuintensive2.json,2025-08-05T20:25:49.674403
swenable_memoryintensive_w4_1.json,2025-12-25T08:24:58.689209
swdisable_cpuintensive_w12_3.json,2025-12-28T14:57:57.475883
SWenable_memoryintensive2.json,2025-11-25T07:59:59.394231
swenable_memoryintensive_w12_1.json,2025-12-28T13:33:56.369549
swdisable_memoryintensive_w4_2.json,2025-12-25T08:48:55.457599
SWenable_memoryintensive2.json,2025-11-25T08:03:15.427388
mlp.json,2025-11-22T10:22:31.013961
mlp.json,2025-11-22T09:39:05.314370
swenable_memoryintensive_w6_2.json,2025-12-26T07:58:38.638739
swenable_memoryintensive_w12_3.json,2025-12-28T15:22:09.615286
swdisable_cpuintensive6.json,2025-12-11T13:22:57.318580
swenable_memoryintensive7.json,2025-12-11T20:47:41.804743
mlp.json,2025-11-22T10:16:40.935325
swdisable_memoryintensive_w6_3.json,2025-12-26T08:48:41.674822
mlpenable_mixed1.json,2026-02-16T23:17:48.798071
swdisable_mixed_w12_2.json,2026-01-03T19:19:50.413896
swenable_memoryintensive_w12_2.json,2025-12-28T14:32:29.773563
swenable_memoryintensive_w4_3.json,2025-12-25T09:09:09.512604
mlp.json,2025-11-22T09:50:07.593969
swdisable_cpuintensive_w12_3.json,2025-12-28T14:57:38.435853
swenable_mixed_w8_2.json,2026-01-03T10:41:55.267872
swenable_cpuintensive_w4_3.json,2025-12-24T08:00:48.149022
swenable_memoryintensive8.json,2025-12-11T21:40:22.658842
swenable_memoryintensive_w12_2.json,2025-12-28T14:32:54.444060
swdisable_memoryintensive_w14_3.json,2025-12-28T16:04:31.111704
swenable_mixed_w8_2.json,2026-01-03T10:42:50.660190
swenable_memoryintensive6.json,2025-12-11T15:34:30.549187
SWdisable_memoryintensive3.json,2025-12-11T05:59:20.058143
SWdisable_memoryintensive8.json,2025-12-11T21:49:40.453976
mlp.json,2025-11-22T09:37:50.984317
swdisable_mixed_w8_1.json,2026-01-03T11:08:15.412772
swdisable_cpuintensive_w4_2.json,2025-12-24T07:14:43.636900
baseline_log_memoryintensive2.json,2025-08-05T19:25:09.559583
swenable_mixed_w12_1.json,2026-01-03T20:17:00.546691
swdisable_mixed_w8_2.json,2026-01-03T10:10:10.068232
swenable_cpuintensive_w10_3.json,2025-12-28T07:11:33.917654
swdisable_memoryintensive_w14_2.json,2025-12-28T19:47:07.852024
dvfs_log_memoryintensive3.json,2025-08-08T08:47:02.796107
swenable_memoryintensive8.json,2025-12-11T21:39:49.318497
swenable_mixed_w4_1.json,2026-01-03T07:58:02.178932
baseline_log_memoryintensive2.json,2025-08-05T19:24:27.657082
swdisable_cpuintensive_w14_3.json,2025-12-28T15:56:11.225282
SWdisable_memoryintensive8.json,2025-12-11T21:48:56.766029
swdisable_mixed_w8_1.json,2026-01-03T11:04:03.765702
swenable_memoryintensive_w14_3.json,2025-12-28T15:47:08.345175
SW-disable_cpuintensive3.json,2025-12-10T23:18:43.583034
swdisable_memoryintensive_w12_3.json,2025-12-28T15:04:50.156418
swenable_mixed_w14_2.json,2026-01-03T21:02:16.538377
SWdisable_cpuintensive7.json,2025-12-11T17:36:56.261955
mlpdisable_cpuintensive3.json,2026-02-16T23:42:46.467406
SWdisable_cpuintensive7.json,2025-12-11T17:35:37.909971
mlpenable_memoryintensive.json,2025-11-22T23:38:54.480384
SWenable_memoryintensive2.json,2025-11-25T08:01:34.672772
mlpdisable_cpuintensive3.json,2026-02-16T23:46:33.865324
swdisable_cpuintensive_w6_1.json,2025-12-26T07:08:49.510725
SWdisable_cpuintensive4.json,2025-12-11T07:11:01.503753
SWdisable_memoryintensive4.json,2025-12-11T09:10:27.699386
SWdisable_memoryintensive4.json,2025-12-11T09:06:38.366034
dvfs_log_cpuintensive3.json,2025-08-08T08:17:27.541112
baseline_log_cpuintensive3.json,2025-08-08T08:26:06.365308
swdisable_memoryintensive_w14_1.json,2025-12-28T21:22:24.284551
swenable_memoryintensive_w6_2.json,2025-12-26T07:56:40.242552
SWdisable_memoryintensive3.json,2025-12-11T06:02:52.370100
swenable_memoryintensive_w14_2.json,2025-12-28T20:00:51.993759
baseline_log_cpuintensive3.json,2025-08-08T08:24:43.385406
swdisable_mixed_w8_2.json,2026-01-03T10:08:32.796778
mlpenable_cpuintensive.json,2025-11-22T15:10:43.549478
swenable_cpuintensive_w14_3.json,2025-12-28T15:42:03.410305
swenable_cpuintensive_w4_1.json,2025-12-24T06:59:28.394563
swenable_cpuintensive_w14_2.json,2025-12-28T19:52:32.841348
swdisable_cpuintensive_w14_1.json,2025-12-28T21:14:21.294410
swdisable_memoryintensive_w10_2.json,2025-12-28T08:06:50.605576
swenable_cpuintensive_w4_1.json,2025-12-24T06:59:53.788317
swdisable_memoryintensive_w10_3.json,2025-12-28T07:43:58.373908
swdisable_cpuintensive_w12_3.json,2025-12-28T14:57:23.532971
SWenable_memoryintensive2.json,2025-11-25T08:02:24.417161
SW-disable_cpuintensive3.json,2025-12-10T23:20:01.580449
SWenable_memoryintensive3.json,2025-12-11T06:11:32.406826
swenable_memoryintensive5.json,2025-12-11T12:51:41.634727
swdisable_cpuintensive_w14_1.json,2025-12-28T21:14:52.070427
swenable_memoryintensive5.json,2025-12-11T12:50:18.033429
swdisable_mixed_w4_1.json,2026-01-03T08:04:07.590411
dvfs_log_cpuintensive2.json,2025-08-05T20:23:15.059664
swenable_memoryintensive_w6_1.json,2025-12-26T07:35:24.988158
swenable_cpuintensive_w10_1.json,2025-12-28T08:38:52.572476
swdisable_mixed_w14_2.json,2026-01-03T20:58:13.814744
swenable_memoryintensive_w12_3.json,2025-12-28T15:22:47.914406
swenable_memoryintensive_w6_1.json,2025-12-26T07:33:41.805252
mlp.json,2025-11-22T09:40:19.841246
baseline_log_cpuintensive3.json,2025-08-08T08:27:50.353415
baseline_log_memoryintensive.json,2025-08-05T17:13:48.245150
mlpdisable_memoryintensive.json,2025-11-22T23:09:17.705360
SWdisable_cpuintensive4.json,2025-12-11T07:12:29.220020
SWenable_memoryintensive4.json,2025-12-11T09:00:43.101032
mlpdisable_cpuintensive.json,2025-11-22T15:29:16.249874
swenable_cpuintensive5.json,2025-12-11T11:42:12.215340
swdisable_memoryintensive_w4_1.json,2025-12-25T08:17:54.290691
swenable_memoryintensive_w12_2.json,2025-12-28T14:33:38.707550
swdisable_memoryintensive_w4_3.json,2025-12-25T09:01:29.903156
swdisable_cpuintensive_w14_3.json,2025-12-28T16:00:02.042664
swdisable_memoryintensive_w10_2.json,2025-12-28T08:08:04.031898
swdisable_cpuintensive5.json,2025-12-11T11:46:13.852991
swenable_cpuintensive6.json,2025-12-11T15:10:17.829527
swenable_memoryintensive_w14_3.json,2025-12-28T15:48:05.956630
SWenable_cpuintensive.json,2025-11-25T02:57:01.107758
swdisable_memoryintensive_w6_1.json,2025-12-26T07:14:41.103261
mlenable_memoryintensive2.json,2026-02-16T23:10:19.539229
swenable_cpuintensive_w4_1.json,2025-12-24T06:59:58.986531
baseline_log_memoryintensive2.json,2025-08-05T19:25:35.467502
mlp.json,2025-11-22T09:40:24.434467
SWdisable_cpuintensive7.json,2025-12-11T17:34:12.315222
swdisable_mixed_w8_1.json,2026-01-03T11:04:13.568085
mlpenable_cpuintensive3.json,2026-02-17T00:01:24.913566
swenable_mixed_w14_2.json,2026-01-03T21:02:32.637700
swdisable_memoryintensive_w12_3.json,2025-12-28T15:05:05.917641
swdisable_memoryintensive_w4_3.json,2025-12-25T09:03:03.418677
dvfs_log_memoryintensive2.json,2025-08-05T19:34:09.135515
swdisable_cpuintensive_w6_2.json,2025-12-26T08:07:46.353747
mlp.json,2025-11-22T10:21:58.753211
swenable_cpuintensive_w6_3.json,2025-12-26T08:56:23.359076
SWdisable_cpuintensive4.json,2025-12-11T07:11:49.967952
mlenable_memoryintensive2.json,2026-02-16T23:10:52.792854
dvfs_log_memoryintensive3.json,2025-08-08T08:49:47.798810
swdisable_mixed_w8_2.json,2026-01-03T10:10:44.115041
mlp.json,2025-11-22T10:12:47.415252
mlpenable_memoryintensive.json,2025-11-22T23:41:04.965902
swdisable_mixed_w4_1.json,2026-01-03T08:05:20.335133
mlenable_memoryintensive2.json,2026-02-16T23:06:27.454771
swdisable_memoryintensive_w6_2.json,2025-12-26T08:17:06.594649
swdisable_cpuintensive_w10_2.json,2025-12-28T07:57:09.249744
swdisable_cpuintensive_w6_2.json,2025-12-26T08:09:48.100530
baseline_log_memoryintensive.json,2025-08-05T17:10:51.306211
swdisable_mixed_w12_1.json,2026-01-03T20:11:00.622379
swdisable_cpuintensive_w6_1.json,2025-12-26T07:05:56.717960
swdisable_cpuintensive_w4_2.json,2025-12-24T07:19:03.119718
SWdisable_memoryintensive.json,2025-11-25T02:25:13.326126
swdisable_cpuintensive_w14_1.json,2025-12-28T21:15:16.925821
swenable_mixed_w14_1.json,2026-01-03T20:38:53.945768
swenable_mixed_w4_2.json,2026-01-03T08:31:54.763465
mlpenable_cpuintensive3.json,2026-02-17T00:05:38.620933
swenable_cpuintensive_w14_1.json,2025-12-28T21:02:50.286940
swdisable_mixed_w6_1.json,2026-01-03T09:36:44.413207
mlp.json,2025-11-22T10:03:06.037519
swenable_cpuintensive_w10_2.json,2025-12-28T08:23:00.045055
swenable_cpuintensive_w4_3.json,2025-12-24T07:56:51.530237
swenable_mixed_w14_2.json,2026-01-03T21:01:02.054634
swdisable_mixed_w12_1.json,2026-01-03T20:14:56.582140
baseline_log_cpuintensive3.json,2025-08-08T08:26:19.527078
swdisable_cpuintensive_w6_2.json,2025-12-26T08:09:18.923487
SW-enable_cpuintensive3.json,2025-12-10T23:08:43.188321
swdisable_mixed_w12_1.json,2026-01-03T20:10:36.574525
swdisable_cpuintensive_4_3.json,2025-12-24T08:07:10.177885
swenable_cpuintensive6.json,2025-12-11T15:10:12.066769
mlpdisable_memoryintensive2.json,2026-02-16T23:31:28.432416
swdisable_mixed_w6_2.json,2026-01-03T08:40:41.989664
swenable_cpuintensive_w4_3.json,2025-12-24T07:59:28.591983
mlpdisable_memoryintensive.json,2025-11-22T23:12:47.246512
swenable_memoryintensive_w10_2.json,2025-12-28T08:28:06.063983
swenable_memoryintensive_w6_2.json,2025-12-26T08:00:13.533179
mlp.json,2025-11-22T10:13:47.976715
baseline_log_cpuintensive.json,2025-07-31T22:58:06.700035
swdisable_memoryintensive_w12_1.json,2025-12-28T13:17:23.115670
swenable_memoryintensive_w4_3.json,2025-12-25T09:06:46.453181
swdisable_cpuintensive_w14_2.json,2025-12-28T19:37:23.574184
swdisable_cpuintensive_w10_1.json,2025-12-28T08:56:02.709622
mlpenable_cpuintensive.json,2025-11-22T15:08:42.256279
SWdisable_memoryintensive2.json,2025-11-25T07:51:16.652957
swdisable_memoryintensive_w10_2.json,2025-12-28T08:05:56.499106
mlp.json,2025-11-22T10:02:05.579732
mlpdisable_mixed2.json,2026-02-16T23:59:12.639925
swenable_cpuintensive_w4_3.json,2025-12-24T07:59:22.775129
dvfs_log_cpuintensive3.json,2025-08-08T08:19:18.785963
swdisable_mixed_w12_2.json,2026-01-03T19:21:52.794393
swdisable_cpuintensive_4_3.json,2025-12-24T08:03:21.583339
mlenable_memoryintensive2.json,2026-02-16T23:08:01.763914
swdisable_cpuintensive_w10_2.json,2025-12-28T08:00:48.882913
baseline_log_cpuintensive3.json,2025-08-08T08:25:26.471741
SWdisable_memoryintensive7.json,2025-12-11T20:57:52.006667
swenable_memoryintensive5.json,2025-12-11T12:51:16.443111
mlpdisable_memoryintensive3.json,2026-02-16T23:50:21.422710
mlpdisable_memoryintensive.json,2025-11-22T23:10:17.947188
swdisable_memoryintensive_w10_3.json,2025-12-28T07:42:40.460868
swdisable_cpuintensive_4_3.json,2025-12-24T08:06:31.247613
swenable_memoryintensive_w10_1.json,2025-12-28T08:46:52.889249
swdisable_cpuintensive_w6_1.json,2025-12-26T07:08:09.876493
swdisable_memoryintensive_w14_2.json,2025-12-28T19:47:27.924915
swdisable_memoryintensive_w6_1.json,2025-12-26T07:15:45.745282
swenable_memoryintensive_w12_2.json,2025-12-28T14:33:57.737543
SWenable_cpuintensive4.json,2025-12-11T07:02:52.782450
SWdisable_cpuintensive4.json,2025-12-11T07:09:29.105643
baseline_log_cpuintensive2.json,2025-08-05T20:14:35.339769
swenable_memoryintensive_w12_2.json,2025-12-28T14:31:16.857277
swenable_mixed_w10_1.json,2026-01-03T18:20:12.512473
swdisable_memoryintensive_w12_2.json,2025-12-28T14:44:54.369135
SWdisable_memoryintensive2.json,2025-11-25T07:51:11.821406
SWdisable_memoryintensive4.json,2025-12-11T09:08:54.641844
dvfs_log_cpuintensive2.json,2025-08-05T20:24:22.680324
swenable_cpuintensive_w12_2.json,2025-12-28T14:26:27.268964
swdisable_memoryintensive_w6_1.json,2025-12-26T07:16:06.489393
swenable_memoryintensive_w12_3.json,2025-12-28T15:20:28.695765
swenable_cpuintensive_w10_3.json,2025-12-28T07:12:21.585488
swdisable_cpuintensive5.json,2025-12-11T11:50:49.416900
swdisable_cpuintensive_w10_2.json,2025-12-28T07:59:54.621265
swdisable_memoryintensive_w4_3.json,2025-12-25T08:59:42.572671
SW-enable_cpuintensive3.json,2025-12-10T23:07:23.665844
baseline_log_memoryintensive.json,2025-08-05T17:11:20.362200
mlp.json,2025-11-22T10:18:26.719512
swdisable_mixed_w12_1.json,2026-01-03T20:10:50.901031
mlpenable_cpuintensive3.json,2026-02-17T00:01:29.957170
dvfs_log_cpuIntensive.json,2025-07-31T23:55:55.635132
swdisable_mixed_w14_1.json,2026-01-03T20:49:05.463487
SWenable_memoryintensive.json,2025-11-25T02:30:39.374322
mlpdisable_memoryintensive.json,2025-11-22T23:08:59.487266
baseline_log_memoryintensive3.json,2025-08-08T08:40:48.973657
dvfs_log_memoryintensive3.json,2025-08-08T08:50:04.656084
mlpenable_mixed2.json,2026-02-17T00:18:49.752798
dvfs_log_cpuintensive3.json,2025-08-08T08:18:38.732975
swdisable_mixed_w10_1.json,2026-01-03T18:41:39.684671
swdisable_cpuintensive_w6_2.json,2025-12-26T08:05:59.994198
dvfs_log_memoryintensive2.json,2025-08-05T19:32:48.004328
swenable_mixed_w14_2.json,2026-01-03T21:03:41.021709
dvfs_log_cpuIntensive.json,2025-07-31T23:57:54.057744
mlpdisable_memoryintensive3.json,2026-02-16T23:49:47.994769
mlp.json,2025-11-22T10:09:13.063562
swenable_mixed_w12_1.json,2026-01-03T20:18:44.547215
swenable_mixed_w10_1.json,2026-01-03T18:19:53.275001
swenable_memoryintensive6.json,2025-12-11T15:34:56.006643
swdisable_mixed_w6_2.json,2026-01-03T08:38:39.958811
swdisable_memoryintensive_w12_2.json,2025-12-28T14:49:38.217005
swdisable_cpuintensive_w12_1.json,2025-12-28T13:11:20.828984
dvfs_log_memoryintensive.json,2025-08-05T16:52:44.323496
mlp.json,2025-11-22T09:52:45.516973
swenable_memoryintensive_w6_1.json,2025-12-26T07:32:19.006863
dvfs_log_cpuintensive3.json,2025-08-08T08:19:35.763115
swenable_memoryintensive7.json,2025-12-11T20:49:50.222272
swdisable_cpuintensive_w6_1.json,2025-12-26T07:04:22.402956
mlpdisable_mixed2.json,2026-02-16T23:57:45.057950
swenable_memoryintensive_w10_1.json,2025-12-28T08:48:30.852695
swdisable_cpuintensive_w14_3.json,2025-12-28T15:59:26.218581
mlp.json,2025-11-22T10:23:49.453069
swenable_mixed_w4_1.json,2026-01-03T07:57:57.302140
SWenable_cpuintensive4.json,2025-12-11T07:00:04.908905
swdisable_memoryintensive_w12_3.json,2025-12-28T15:04:11.751317
mlpdisable_cpuintensive.json,2025-11-22T15:30:26.009837
swdisable_mixed_w4_2.json,2026-01-03T08:23:40.576186
swenable_cpuintensive_w4_1.json,2025-12-24T06:56:12.014472
swdisable_mixed_w12_1.json,2026-01-03T20:12:38.145040
mlp.json,2025-11-22T09:41:43.394138
mlpdisable_cpuintensive.json,2025-11-22T15:28:34.309702
swenable_cpuintensive_w12_3.json,2025-12-28T15:11:37.113517
swdisable_cpuintensive_w14_3.json,2025-12-28T15:57:28.231822
swdisable_memoryintensive_w12_1.json,2025-12-28T13:20:36.168096
mlp.json,2025-11-22T09:40:57.166969
swdisable_mixed_w14_1.json,2026-01-03T20:50:52.499018
swenable_cpuintensive_w12_3.json,2025-12-28T15:13:20.017949
swdisable_memoryintensive_w4_2.json,2025-12-25T08:48:45.818762
mlpenable_memoryintensive.json,2025-11-22T23:37:21.781263
swdisable_memoryintensive_w4_2.json,2025-12-25T08:51:43.210373
baseline_log_cpuintensive2.json,2025-08-05T20:15:52.690442
swdisable_cpuintensive_w12_3.json,2025-12-28T14:58:17.258816
swdisable_cpuintensive_w6_3.json,2025-12-26T08:41:15.522162
swenable_cpuintensive_w4_1.json,2025-12-24T06:55:42.872153
swenable_memoryintensive_w4_1.json,2025-12-25T08:26:33.981140
swenable_cpuintensive_w14_1.json,2025-12-28T21:02:34.941980
swenable_mixed_w6_2.json,2026-01-06T21:30:46.034588
swdisable_memoryintensive_w6_3.json,2025-12-26T08:47:33.932641
dvfs_log_cpuIntensive.json,2025-07-31T23:53:28.437990
SWdisable_cpuintensive4.json,2025-12-11T07:08:50.222764
swenable_memoryintensive_w6_2.json,2025-12-26T07:56:04.004153
mlp.json,2025-11-22T09:59:51.595971
SW-disable_cpuintensive3.json,2025-12-10T23:19:27.278562
swdisable_cpuintensive_w12_3.json,2025-12-28T15:00:37.961603
swenable_memoryintensive7.json,2025-12-11T20:47:30.720456
swdisable_cpuintensive_4_3.json,2025-12-24T08:06:16.595506
swenable_cpuintensive_w10_1.json,2025-12-28T08:39:39.865061
swdisable_mixed_w14_1.json,2026-01-03T20:49:10.257552
swenable_mixed_w6_2.json,2026-01-06T21:27:19.988663
mlpdisable_cpuintensive3.json,2026-02-16T23:42:32.114780
swenable_cpuintensive_w6_2.json,2025-12-26T07:44:57.288993
swenable_memoryintensive_w10_2.json,2025-12-28T08:30:38.785324
swenable_memoryintensive7.json,2025-12-11T20:51:09.571634
mlpdisable_cpuintensive3.json,2026-02-16T23:43:34.331293
swenable_memoryintensive_w12_1.json,2025-12-28T13:31:58.394938
swenable_memoryintensive_w6_1.json,2025-12-26T07:33:46.617691
mlp.json,2025-11-22T10:05:16.173662
swenable_mixed_w12_2.json,2026-01-03T19:14:23.519819
swdisable_cpuintensive_w4_1.json,2025-12-24T07:08:03.368098
swenable_cpuintensive_w6_1.json,2025-12-26T06:57:13.791690
swenable_mixed_w14_1.json,2026-01-03T20:42:58.805291
SWenable_memoryintensive2.json,2025-11-25T08:00:04.359683
mlpdisable_memoryintensive3.json,2026-02-16T23:50:07.286655
swdisable_mixed_w6_1.json,2026-01-03T09:38:31.367641
mlpdisable_cpuintensive2.json,2026-02-16T23:25:41.914488
SWdisable_memoryintensive4.json,2025-12-11T09:10:32.448766
SWdisable_memoryintensive4.json,2025-12-11T09:05:39.863575
swenable_memoryintensive_w12_3.json,2025-12-28T15:21:46.961001
swenable_mixed_w8_2.json,2026-01-03T10:41:45.942123
swdisable_memoryintensive_w6_3.json,2025-12-26T08:49:55.580937
SW-enable_cpuintensive3.json,2025-12-10T23:06:01.406036
swdisable_cpuintensive_w4_2.json,2025-12-24T07:15:02.333365
mlpdisable_memoryintensive2.json,2026-02-16T23:28:48.604071
swdisable_mixed_w12_1.json,2026-01-03T20:13:42.324376
mlpenable_cpuintensive.json,2025-11-22T15:08:32.858812
SWdisable_memoryintensive2.json,2025-11-25T07:51:35.714236
mlpdisable_memoryintensive.json,2025-11-22T23:12:56.586297
swdisable_mixed_w10_2.json,2026-01-03T18:49:04.931471
swenable_cpuintensive_w10_2.json,2025-12-28T08:21:09.157473
swdisable_mixed_w14_1.json,2026-01-03T20:49:39.356991
mlenable_memoryintensive2.json,2026-02-16T23:06:37.086569
swdisable_cpuintensive_w6_3.json,2025-12-26T08:39:19.878298
swdisable_cpuintensive_w6_3.json,2025-12-26T08:42:24.954528
swenable_cpuintensive_w12_3.json,2025-12-28T15:13:14.481555
swdisable_cpuintensive_w14_3.json,2025-12-28T15:57:13.628165
swenable_cpuintensive_w6_1.json,2025-12-26T06:59:13.528503
swenable_cpuintensive_w12_1.json,2025-12-28T13:23:36.487636
swenable_cpuintensive_w12_3.json,2025-12-28T15:12:41.110325
SWdisable_memoryintensive3.json,2025-12-11T06:04:14.824015
mlp.json,2025-11-22T09:58:51.593870
mlp.json,2025-11-22T10:19:49.853152
swenable_memoryintensive_w14_2.json,2025-12-28T19:59:55.898566
swdisable_memoryintensive6.json,2025-12-11T15:40:51.564260
swdisable_memoryintensive_w6_1.json,2025-12-26T07:18:50.598633
swdisable_mixed_w8_1.json,2026-01-03T11:03:58.896351
mlenable_memoryintensive2.json,2026-02-16T23:10:57.454776
SWenable_memoryintensive2.json,2025-11-25T08:02:55.050320
swenable_cpuintensive_w10_2.json,2025-12-28T08:21:04.442944
SWdisable_cpuintensive8.json,2025-12-11T21:13:53.582055
swdisable_mixed_w6_1.json,2026-01-03T09:39:20.369655
mlpdisable_memoryintensive3.json,2026-02-16T23:48:49.273396
swenable_memoryintensive_w12_1.json,2025-12-28T13:33:40.753169
swenable_memoryintensive_w4_1.json,2025-12-25T08:26:54.103230
swenable_mixed_w4_2.json,2026-01-03T08:30:56.628767
swdisable_cpuintensive_w10_3.json,2025-12-28T07:33:19.140691
mlpenable_memoryintensive.json,2025-11-22T23:37:12.438148
swenable_memoryintensive_w14_2.json,2025-12-28T20:01:06.651137
swenable_cpuintensive6.json,2025-12-11T15:09:48.570781
swenable_mixed_w10_2.json,2026-01-03T18:59:22.829732
swdisable_memoryintensive_w14_1.json,2025-12-28T21:19:54.319873
swdisable_cpuintensive_w4_2.json,2025-12-24T07:17:30.369767
mlpdisable_cpuintensive2.json,2026-02-16T23:26:10.349457
dvfs_log_cpuintensive3.json,2025-08-08T08:17:24.034731
mlpdisable_memoryintensive2.json,2026-02-16T23:31:42.977668
baseline_log_cpuintensive.json,2025-07-31T23:01:13.183113
swdisable_mixed_w14_2.json,2026-01-03T20:54:48.992623
swenable_cpuintensive_w6_2.json,2025-12-26T07:46:47.751919
baseline_log_cpuintensive3.json,2025-08-08T08:27:53.720532
swdisable_cpuintensive_w4_2.json,2025-12-24T07:17:25.417061
mlpdisable_mixed1.json,2026-02-16T23:34:11.504598
swdisable_mixed_w4_2.json,2026-01-03T08:25:37.519188
swdisable_mixed_w4_1.json,2026-01-03T08:03:09.201021
swdisable_memoryintensive_w6_1.json,2025-12-26T07:17:31.244933
mlpdisable_cpuintensive.json,2025-11-22T15:30:44.566731
swenable_cpuintensive_w12_3.json,2025-12-28T15:13:32.026094
swdisable_memoryintensive_w6_1.json,2025-12-26T07:17:11.815489
swenable_memoryintensive_w10_2.json,2025-12-28T08:27:08.181562
swdisable_mixed_w6_1.json,2026-01-03T09:36:20.468674
swdisable_memoryintensive_w12_2.json,2025-12-28T14:45:04.114098
swdisable_mixed_w4_2.json,2026-01-03T08:21:33.349043
swdisable_mixed_w10_2.json,2026-01-03T18:47:36.707599
SW-enable_cpuintensive3.json,2025-12-10T23:06:42.754956
dvfs_log_memoryintensive.json,2025-08-05T16:51:36.475237
swdisable_cpuintensive_w6_1.json,2025-12-26T07:08:05.030105
swdisable_mixed_w12_2.json,2026-01-03T19:21:43.234054
swdisable_mixed_w10_1.json,2026-01-03T18:39:48.084692
swenable_mixed_w6_2.json,2026-01-06T21:27:40.931255
swenable_memoryintensive8.json,2025-12-11T21:40:04.237361
swenable_cpuintensive_w4_2.json,2025-12-24T07:24:48.993897
swdisable_memoryintensive_w6_3.json,2025-12-26T08:51:53.075710
swdisable_cpuintensive_w14_1.json,2025-12-28T21:12:29.077089
swenable_memoryintensive_w4_2.json,2025-12-25T08:38:59.349189
swenable_mixed_w14_1.json,2026-01-03T20:39:53.212502
swenable_memoryintensive_w4_3.json,2025-12-25T09:10:30.436707
swenable_cpuintensive7.json,2025-12-11T17:42:35.914917
swdisable_cpuintensive_w14_3.json,2025-12-28T15:57:48.471425
baseline_log_memoryintensive3.json,2025-08-08T08:41:15.844079
swenable_cpuintensive_w12_2.json,2025-12-28T14:23:52.328899
swenable_cpuintensive_w10_1.json,2025-12-28T08:41:33.698439
swenable_cpuintensive_w12_2.json,2025-12-28T14:24:06.250891
SW-enable_cpuintensive3.json,2025-12-10T23:10:41.679437
swenable_mixed_w8_1.json,2026-01-06T21:12:18.259169
swdisable_mixed_w8_1.json,2026-01-03T11:07:41.226615
swdisable_cpuintensive_w12_2.json,2025-12-28T14:39:40.870649
swdisable_mixed_w4_1.json,2026-01-03T08:04:46.408924
swenable_memoryintensive_w12_2.json,2025-12-28T14:33:48.168425
mlpdisable_memoryintensive.json,2025-11-22T23:10:50.602234
baseline_log_cpuintensive3.json,2025-08-08T08:25:56.110095
swdisable_cpuintensive_w12_2.json,2025-12-28T14:37:17.686199
mlp.json,2025-11-22T10:15:02.744235
swdisable_mixed_w10_2.json,2026-01-03T18:46:53.218833
mlp.json,2025-11-22T09:40:28.944396
SWdisable_memoryintensive3.json,2025-12-11T06:03:26.016334
swdisable_cpuintensive5.json,2025-12-11T11:47:40.514215
SWdisable_memoryintensive3.json,2025-12-11T06:02:23.402951
swenable_memoryintensive_w6_1.json,2025-12-26T07:30:55.350231
swenable_cpuintensive_w12_2.json,2025-12-28T14:22:51.289487
swenable_mixed_w10_1.json,2026-01-03T18:20:02.992512
SWdisable_memoryintensive2.json,2025-11-25T07:53:36.287706
swenable_cpuintensive_w6_2.json,2025-12-26T07:46:03.588564
swdisable_cpuintensive_w12_2.json,2025-12-28T14:37:42.210275
SWdisable_cpuintensive4.json,2025-12-11T07:09:14.457230
dvfs_log_cpuIntensive.json,2025-07-31T23:57:33.644509
SWdisable_cpuintensive.json,2025-11-25T02:51:13.249907
swenable_memoryintensive_w10_1.json,2025-12-28T08:48:05.614441
swdisable_memoryintensive_w10_3.json,2025-12-28T07:44:27.468847
baseline_log_memoryintensive.json,2025-08-05T17:14:04.424423
dvfs_log_cpuintensive2.json,2025-08-05T20:25:56.097876
mlpdisable_memoryintensive2.json,2026-02-16T23:29:51.211477
SW-disable_cpuintensive3.json,2025-12-10T23:16:16.097065
swenable_mixed_w12_1.json,2026-01-03T20:17:50.561905
SW-enable_cpuintensive3.json,2025-12-10T23:07:54.048362
swenable_cpuintensive_w10_1.json,2025-12-28T08:41:27.740079
mlpdisable_cpuintensive2.json,2026-02-16T23:25:08.025605
swenable_memoryintensive_w10_2.json,2025-12-28T08:31:50.747826
swdisable_cpuintensive_w12_1.json,2025-12-28T13:12:54.808068
swenable_memoryintensive_w12_3.json,2025-12-28T15:20:56.557427
swenable_memoryintensive6.json,2025-12-11T15:35:01.315414
swdisable_memoryintensive_w4_1.json,2025-12-25T08:15:26.479531
swenable_cpuintensive_w6_2.json,2025-12-26T07:47:47.791068
swdisable_cpuintensive6.json,2025-12-11T13:24:11.877254
mlp.json,2025-11-22T09:36:01.999975
swdisable_cpuintensive_w14_3.json,2025-12-28T15:56:35.302692
swdisable_memoryintensive_w4_2.json,2025-12-25T08:50:34.949095
mlp.json,2025-11-22T09:45:34.104491
swenable_mixed_w4_2.json,2026-01-03T08:29:44.572226
mlpdisable_mixed2.json,2026-02-16T23:59:17.482449
SWdisable_memoryintensive2.json,2025-11-25T07:56:00.160923
swenable_mixed_w14_1.json,2026-01-03T20:41:12.464315
swdisable_memoryintensive_w6_1.json,2025-12-26T07:18:30.658329
swenable_memoryintensive_w4_3.json,2025-12-25T09:08:49.115143
baseline_log_cpuintensive.json,2025-07-31T22:58:38.787067
SWdisable_cpuintensive.json,2025-11-25T02:53:15.196639
swdisable_cpuintensive_w4_1.json,2025-12-24T07:05:12.893188
baseline_log_memoryintensive2.json,2025-08-05T19:24:40.504563
SWdisable_memoryintensive2.json,2025-11-25T07:54:20.775122
mlpenable_memoryintensive.json,2025-11-22T23:38:49.945570
mlp.json,2025-11-22T09:54:23.053856
swenable_memoryintensive_w4_3.json,2025-12-25T09:10:40.639463
baseline_log_cpuintensive3.json,2025-08-08T08:29:14.690587
mlp.json,2025-11-22T09:38:42.044097
swdisable_memoryintensive_w10_1.json,2025-12-28T09:02:05.966209
SWenable_cpuintensive4.json,2025-12-11T07:00:15.508455
swdisable_memoryintensive_w4_1.json,2025-12-25T08:13:48.589665
SWdisable_memoryintensive4.json,2025-12-11T09:08:40.145761
dvfs_log_memoryintensive2.json,2025-08-05T19:35:00.891139
baseline_log_cpuintensive.json,2025-07-31T23:00:28.070761
swdisable_mixed_w4_1.json,2026-01-03T08:03:43.646583
swdisable_mixed_w10_2.json,2026-01-03T18:47:07.615032
swdisable_cpuintensive6.json,2025-12-11T13:27:21.602776
dvfs_log_memoryintensive.json,2025-08-05T16:50:46.004108
swenable_memoryintensive_w6_2.json,2025-12-26T07:59:20.952318
swenable_memoryintensive_w10_2.json,2025-12-28T08:30:33.132225
baseline_log_memoryintensive3.json,2025-08-08T08:40:52.274038
swenable_cpuintensive_w6_1.json,2025-12-26T06:57:49.032072
swenable_memoryintensive_w10_2.json,2025-12-28T08:29:09.430975
swenable_memoryintensive8.json,2025-12-11T21:42:45.370599
swenable_cpuintensive_w12_3.json,2025-12-28T15:14:49.358891
mlp.json,2025-11-22T10:15:54.231316
swenable_cpuintensive_w10_3.json,2025-12-28T07:14:27.982043
SWenable_cpuintensive.json,2025-11-25T02:57:16.168286
mlp.json,2025-11-22T09:49:21.299014
swdisable_mixed_w14_1.json,2026-01-03T20:47:08.871465
swdisable_memoryintensive_w6_1.json,2025-12-26T07:17:16.655745
swdisable_mixed_w6_1.json,2026-01-03T09:39:34.740362
dvfs_log_memoryintensive2.json,2025-08-05T19:34:18.863297
swdisable_cpuintensive_w10_2.json,2025-12-28T08:00:53.817651
swdisable_cpuintensive_w12_2.json,2025-12-28T14:40:54.406182
swdisable_mixed_w10_1.json,2026-01-03T18:38:15.639360
swdisable_cpuintensive_w6_1.json,2025-12-26T07:09:18.730853
SW-enable_cpuintensive3.json,2025-12-10T23:09:14.811261
SWenable_memoryintensive4.json,2025-12-11T08:56:28.975182
swdisable_mixed_w6_1.json,2026-01-03T09:39:30.013736
swdisable_cpuintensive_w6_2.json,2025-12-26T08:08:10.647057
swenable_memoryintensive_w6_3.json,2025-12-26T09:05:31.127608
swdisable_mixed_w4_2.json,2026-01-03T08:22:27.019304
mlenable_memoryintensive2.json,2026-02-16T23:07:57.148710
mlpenable_mixed2.json,2026-02-17T00:17:29.282228
SW-enable_cpuintensive3.json,2025-12-10T23:09:45.913936
swenable_memoryintensive_w14_2.json,2025-12-28T19:57:17.705740
SWenable_cpuintensive4.json,2025-12-11T07:01:16.077303
swenable_memoryintensive_w14_1.json,2025-12-28T21:07:17.637817
swenable_cpuintensive_w10_1.json,2025-12-28T08:39:20.481203
swenable_cpuintensive_w6_1.json,2025-12-26T07:01:01.562406
swenable_memoryintensive_w12_1.json,2025-12-28T13:31:05.579513
swdisable_cpuintensive_w14_2.json,2025-12-28T19:40:52.701247
SWenable_cpuintensive8.json,2025-12-11T21:30:57.367537
mlpdisable_cpuintensive2.json,2026-02-16T23:26:00.861896
mlpdisable_memoryintensive3.json,2026-02-16T23:48:00.750769
swenable_mixed_w6_1.json,2026-01-03T09:22:52.798930
swdisable_cpuintensive_w4_2.json,2025-12-24T07:18:29.030559
swenable_cpuintensive_w4_3.json,2025-12-24T07:58:49.994064
swdisable_cpuintensive_w12_3.json,2025-12-28T14:57:04.436084
swdisable_cpuintensive_w14_1.json,2025-12-28T21:12:38.688992
SWdisable_cpuintensive7.json,2025-12-11T17:35:57.213360
swdisable_cpuintensive6.json,2025-12-11T13:26:17.743015
mlpdisable_cpuintensive.json,2025-11-22T15:27:49.022361
mlpenable_memoryintensive3.json,2026-02-17T00:11:01.443507
swdisable_memoryintensive_w6_2.json,2025-12-26T08:16:18.794049
swdisable_mixed_w6_2.json,2026-01-03T08:42:38.742724
swdisable_cpuintensive_w14_1.json,2025-12-28T21:13:36.572573
mlpenable_mixed1.json,2026-02-16T23:14:16.289242
swenable_cpuintensive_w12_1.json,2025-12-28T13:27:07.207796
swdisable_mixed_w8_1.json,2026-01-03T11:04:23.216745
SWdisable_memoryintensive4.json,2025-12-11T09:10:08.033874
baseline_log_cpuintensive3.json,2025-08-08T08:26:42.911443
swenable_memoryintensive_w12_1.json,2025-12-28T13:31:34.472862
swdisable_cpuintensive_w10_1.json,2025-12-28T08:53:36.400315
swenable_memoryintensive6.json,2025-12-11T15:33:13.295523
mlpdisable_memoryintensive.json,2025-11-22T23:09:59.424973
swenable_mixed_w6_2.json,2026-01-06T21:29:49.482358
swdisable_memoryintensive_w6_1.json,2025-12-26T07:15:35.624707
swenable_memoryintensive5.json,2025-12-11T12:53:28.492611
swdisable_mixed_w8_1.json,2026-01-03T11:05:44.652146
swenable_cpuintensive_w6_3.json,2025-12-26T08:59:33.398963
dvfs_log_memoryintensive2.json,2025-08-05T19:35:46.062390
swdisable_cpuintensive_w6_1.json,2025-12-26T07:06:56.332096
swdisable_mixed_w12_1.json,2026-01-03T20:10:31.642966
swdisable_cpuintensive_w12_2.json,2025-12-28T14:38:57.061654
mlpenable_memoryintensive.json,2025-11-22T23:39:54.935814
swdisable_memoryintensive_w10_3.json,2025-12-28T07:45:11.730263
swdisable_memoryintensive_w4_3.json,2025-12-25T08:59:18.044526
baseline_log_memoryintensive2.json,2025-08-05T19:23:19.376534
swdisable_mixed_w12_2.json,2026-01-03T19:23:47.485284
swdisable_memoryintensive_w10_2.json,2025-12-28T08:05:23.023124
swenable_cpuintensive_w12_3.json,2025-12-28T15:14:20.038570
baseline_log_cpuintensive.json,2025-07-31T22:59:27.035576
swdisable_cpuintensive_w6_3.json,2025-12-26T08:38:12.123772
swenable_cpuintensive6.json,2025-12-11T15:10:41.883711
SWdisable_cpuintensive7.json,2025-12-11T17:36:26.716821
swdisable_mixed_w6_1.json,2026-01-03T09:39:15.336379
swenable_memoryintensive_w12_1.json,2025-12-28T13:31:19.981900
swenable_memoryintensive_w14_1.json,2025-12-28T21:05:42.559975
swenable_cpuintensive_w10_1.json,2025-12-28T08:40:13.602087
SWdisable_memoryintensive4.json,2025-12-11T09:08:05.893799
baseline_log_memoryintensive.json,2025-08-05T17:12:31.076271
swdisable_cpuintensive_w14_2.json,2025-12-28T19:39:57.308425
swdisable_memoryintensive5.json,2025-12-11T12:44:09.267305
swenable_cpuintensive_w4_2.json,2025-12-24T07:24:53.933491
swenable_mixed_w10_2.json,2026-01-03T19:02:49.697242
mlp.json,2025-11-22T10:11:00.383694
dvfs_log_memoryintensive2.json,2025-08-05T19:36:31.231458
swdisable_cpuintensive_w10_3.json,2025-12-28T07:35:24.679426
swdisable_memoryintensive_w10_1.json,2025-12-28T09:03:38.256159
swenable_memoryintensive_w6_1.json,2025-12-26T07:31:15.663461
swdisable_memoryintensive_w14_1.json,2025-12-28T21:21:30.176236
SWenable_memoryintensive4.json,2025-12-11T09:00:01.674457
swenable_cpuintensive_w14_2.json,2025-12-28T19:53:29.433988
mlpenable_cpuintensive3.json,2026-02-17T00:04:59.459040
baseline_log_cpuintensive2.json,2025-08-05T20:17:52.529837
SWdisable_memoryintensive7.json,2025-12-11T20:56:49.650529
SWenable_cpuintensive4.json,2025-12-11T07:03:03.660717
swenable_mixed_w4_2.json,2026-01-03T08:32:05.675197
mlp.json,2025-11-22T09:55:09.581919
swdisable_mixed_w10_1.json,2026-01-03T18:38:10.814474
mlp.json,2025-11-22T10:16:26.923470
swenable_memoryintensive5.json,2025-12-11T12:49:33.264721
swenable_memoryintensive_w4_1.json,2025-12-25T08:25:29.033478
swenable_cpuintensive6.json,2025-12-11T15:10:47.903381
swenable_cpuintensive5.json,2025-12-11T11:40:23.820722
swenable_cpuintensive_w4_2.json,2025-12-24T07:23:06.571028
swenable_cpuintensive7.json,2025-12-11T17:42:45.175648
swdisable_cpuintensive_w6_2.json,2025-12-26T08:07:22.653958
swdisable_cpuintensive_w4_2.json,2025-12-24T07:15:25.784321
swdisable_cpuintensive_4_3.json,2025-12-24T08:04:23.479787
SWenable_cpuintensive.json,2025-11-25T02:58:36.675707
swenable_cpuintensive_w14_3.json,2025-12-28T15:38:54.475501
SWenable_memoryintensive4.json,2025-12-11T08:58:38.932307
swdisable_memoryintensive_w4_1.json,2025-12-25T08:17:39.244844
SW-enable_cpuintensive3.json,2025-12-10T23:07:13.095636
mlpdisable_memoryintensive3.json,2026-02-16T23:48:53.988089
swenable_mixed_w8_1.json,2026-01-06T21:15:17.828407
swdisable_memoryintensive_w6_1.json,2025-12-26T07:16:36.542012
swenable_mixed_w10_1.json,2026-01-03T18:24:21.722854
mlp.json,2025-11-22T10:13:43.239534
swenable_memoryintensive_w14_1.json,2025-12-28T21:08:03.383453
swenable_mixed_w6_1.json,2026-01-03T09:19:28.281856
swdisable_memoryintensive_w4_1.json,2025-12-25T08:18:28.907458
SWdisable_memoryintensive3.json,2025-12-11T06:02:04.281891
mlpenable_mixed2.json,2026-02-17T00:18:58.993065
mlpdisable_memoryintensive3.json,2026-02-16T23:48:15.389420
mlpdisable_memoryintensive.json,2025-11-22T23:12:09.707155
dvfs_log_cpuintensive2.json,2025-08-05T20:24:54.807413
SW-enable_cpuintensive3.json,2025-12-10T23:06:16.784476
baseline_log_cpuintensive2.json,2025-08-05T20:17:26.648585
SW-disable_cpuintensive3.json,2025-12-10T23:20:11.495376
baseline_log_cpuintensive.json,2025-07-31T23:00:02.303459
mlpdisable_memoryintensive2.json,2026-02-16T23:31:57.440816
swenable_memoryintensive_w4_1.json,2025-12-25T08:28:44.413343
swenable_cpuintensive_w4_3.json,2025-12-24T07:59:11.484649
swdisable_cpuintensive_w14_3.json,2025-12-28T15:58:14.108274
baseline_log_memoryintensive2.json,2025-08-05T19:27:09.436848
swenable_cpuintensive7.json,2025-12-11T17:42:49.750055
swenable_cpuintensive6.json,2025-12-11T15:09:25.194773
swdisable_cpuintensive_w12_1.json,2025-12-28T13:12:59.994111
SWdisable_cpuintensive7.json,2025-12-11T17:34:17.147327
baseline_log_memoryintensive.json,2025-08-05T17:11:10.745857
SW-disable_cpuintensive3.json,2025-12-10T23:19:37.506548
swdisable_memoryintensive_w6_3.json,2025-12-26T08:49:11.907070
swenable_memoryintensive_w4_1.json,2025-12-25T08:28:14.255636
dvfs_log_cpuintensive2.json,2025-08-05T20:26:25.115330
swdisable_mixed_w6_2.json,2026-01-03T08:38:25.719608
swenable_mixed_w10_1.json,2026-01-03T18:19:41.099108
swenable_cpuintensive_w6_2.json,2025-12-26T07:48:31.546583
swdisable_memoryintensive_w6_3.json,2025-12-26T08:47:53.611515
swenable_memoryintensive_w6_3.json,2025-12-26T09:06:06.985903
baseline_log_memoryintensive3.json,2025-08-08T08:40:15.599049
swenable_memoryintensive_w6_3.json,2025-12-26T09:06:30.247257
SW-disable_cpuintensive3.json,2025-12-10T23:21:15.129711
swenable_mixed_w8_2.json,2026-01-03T10:41:36.335196
swdisable_memoryintensive_w6_2.json,2025-12-26T08:14:56.354000
SWdisable_memoryintensive2.json,2025-11-25T07:55:30.871228
SWdisable_memoryintensive.json,2025-11-25T02:24:49.184320
swenable_memoryintensive_w12_1.json,2025-12-28T13:32:12.897415
swenable_cpuintensive_w4_1.json,2025-12-24T06:59:33.711265
SWdisable_cpuintensive4.json,2025-12-11T07:08:11.842350
swenable_cpuintensive_w4_2.json,2025-12-24T07:25:30.594947
swdisable_cpuintensive_w6_3.json,2025-12-26T08:41:40.564345
swdisable_mixed_w14_2.json,2026-01-03T20:56:16.320957
baseline_log_memoryintensive.json,2025-08-05T17:11:55.774962
mlpdisable_memoryintensive3.json,2026-02-16T23:52:07.589428
dvfs_log_cpuintensive2.json,2025-08-05T20:22:39.756652
SWenable_cpuintensive4.json,2025-12-11T07:03:52.942163
swdisable_cpuintensive_w6_1.json,2025-12-26T07:06:01.614418
SWenable_cpuintensive4.json,2025-12-11T06:59:44.971545
swdisable_memoryintensive_w10_1.json,2025-12-28T09:02:54.024455
swenable_memoryintensive_w10_2.json,2025-12-28T08:27:45.640536
swenable_mixed_w6_2.json,2026-01-06T21:31:18.892196
swenable_memoryintensive_w4_2.json,2025-12-25T08:38:49.748936
mlpenable_cpuintensive2.json,2026-02-16T22:55:12.230181
mlpdisable_cpuintensive2.json,2026-02-16T23:24:39.498195
swenable_memoryintensive_w10_2.json,2025-12-28T08:28:10.776734
swdisable_memoryintensive_w6_3.json,2025-12-26T08:50:58.978030
swenable_memoryintensive_w10_2.json,2025-12-28T08:27:18.924025
swdisable_mixed_w6_1.json,2026-01-03T09:36:25.250418
swenable_cpuintensive_w12_1.json,2025-12-28T13:26:06.827302
swdisable_mixed_w14_2.json,2026-01-03T20:54:15.201410
SWenable_memoryintensive2.json,2025-11-25T08:00:09.207291
swenable_cpuintensive_w4_1.json,2025-12-24T06:56:31.042511
mlp.json,2025-11-22T10:20:49.763400
swenable_cpuintensive_w6_2.json,2025-12-26T07:46:09.949655
swenable_cpuintensive_w12_3.json,2025-12-28T15:10:49.722167
mlp.json,2025-11-22T10:18:49.703476
swenable_mixed_w4_1.json,2026-01-03T07:58:28.215178
swenable_cpuintensive7.json,2025-12-11T17:41:36.933153
baseline_log_cpuintensive2.json,2025-08-05T20:18:47.611056
swdisable_mixed_w12_2.json,2026-01-03T19:24:12.670012
swdisable_cpuintensive_w6_3.json,2025-12-26T08:42:20.169670
mlp.json,2025-11-22T09:52:31.755858
swdisable_cpuintensive_w10_2.json,2025-12-28T07:57:33.778933
SWdisable_memoryintensive3.json,2025-12-11T06:01:06.013620
swdisable_memoryintensive_w6_3.json,2025-12-26T08:47:38.774254
swdisable_mixed_w14_1.json,2026-01-03T20:50:57.278465
swenable_mixed_w8_1.json,2026-01-06T21:15:00.079795
SW-enable_cpuintensive3.json,2025-12-10T23:09:24.978790
swdisable_memoryintensive6.json,2025-12-11T15:39:43.628632
dvfs_log_cpuintensive2.json,2025-08-05T20:22:30.011411
baseline_log_memoryintensive3.json,2025-08-08T08:42:36.527347
swdisable_cpuintensive_w10_3.json,2025-12-28T07:35:09.815136
mlpdisable_memoryintensive3.json,2026-02-16T23:51:24.201307
swenable_cpuintensive_w12_2.json,2025-12-28T14:24:52.980233
swdisable_memoryintensive_w10_2.json,2025-12-28T08:07:59.007247
swdisable_mixed_w12_1.json,2026-01-03T20:10:26.575911
SWdisable_cpuintensive4.json,2025-12-11T07:12:14.402414
swdisable_cpuintensive_w6_2.json,2025-12-26T08:07:17.910090
swenable_cpuintensive_w12_3.json,2025-12-28T15:10:35.599533
swdisable_mixed_w8_2.json,2026-01-03T10:07:53.923049
swenable_cpuintensive7.json,2025-12-11T17:42:15.471655
swdisable_memoryintensive_w12_3.json,2025-12-28T15:03:57.495475
swenable_memoryintensive7.json,2025-12-11T20:49:04.037075
SWdisable_cpuintensive4.json,2025-12-11T07:09:34.078479
swdisable_cpuintensive_w10_2.json,2025-12-28T08:00:29.010305
swenable_memoryintensive_w12_3.json,2025-12-28T15:22:04.124919
mlp.json,2025-11-22T09:42:06.448453
swdisable_cpuintensive_w6_2.json,2025-12-26T08:10:07.394712
swenable_cpuintensive_w12_2.json,2025-12-28T14:26:00.768599
swdisable_mixed_w10_1.json,2026-01-03T18:38:54.618212
SW-enable_cpuintensive3.json,2025-12-10T23:06:27.199054
SWdisable_memoryintensive7.json,2025-12-11T20:56:15.826964
swenable_memoryintensive_w14_1.json,2025-12-28T21:07:12.360322
swdisable_mixed_w14_1.json,2026-01-03T20:47:04.154117
mlpenable_memoryintensive.json,2025-11-22T23:39:21.915881
swenable_mixed_w4_1.json,2026-01-03T07:57:42.074580
swenable_memoryintensive_w14_1.json,2025-12-28T21:04:54.519243
swenable_cpuintensive_w14_2.json,2025-12-28T19:55:12.162383
SWenable_memoryintensive2.json,2025-11-25T08:03:41.122207
SWdisable_cpuintensive4.json,2025-12-11T07:10:46.682235
swenable_mixed_w4_2.json,2026-01-03T08:33:06.696559
mlp.json,2025-11-22T10:06:58.303705
swdisable_memoryintensive_w4_1.json,2025-12-25T08:15:21.724306
swenable_memoryintensive_w12_1.json,2025-12-28T13:33:21.022868
swenable_mixed_w10_2.json,2026-01-03T19:02:26.479153
swdisable_memoryintensive_w14_2.json,2025-12-28T19:47:18.115056
swdisable_memoryintensive_w4_1.json,2025-12-25T08:18:04.493577
swenable_memoryintensive_w10_3.json,2025-12-28T07:24:41.155239
swenable_memoryintensive_w4_2.json,2025-12-25T08:41:26.190277
swenable_cpuintensive_w6_2.json,2025-12-26T07:46:14.906336
mlp.json,2025-11-22T09:41:38.604043
swenable_cpuintensive_w6_3.json,2025-12-26T09:00:23.204648
mlpdisable_memoryintensive2.json,2026-02-16T23:31:23.456714
swdisable_cpuintensive_w14_1.json,2025-12-28T21:15:52.460339
swdisable_cpuintensive_w10_3.json,2025-12-28T07:35:59.075653
swdisable_memoryintensive_w14_2.json,2025-12-28T19:45:15.616896
SWdisable_cpuintensive4.json,2025-12-11T07:12:34.601585
swdisable_cpuintensive_w12_2.json,2025-12-28T14:38:51.787321
mlpenable_mixed2.json,2026-02-17T00:18:24.826450
mlp.json,2025-11-22T09:41:29.495531
baseline_log_cpuintensive3.json,2025-08-08T08:27:19.829658
mlpenable_cpuintensive2.json,2026-02-16T22:54:11.976929
swenable_mixed_w12_2.json,2026-01-03T19:13:33.362797
dvfs_log_memoryintensive3.json,2025-08-08T08:49:16.750255
swenable_memoryintensive7.json,2025-12-11T20:52:01.491898
swdisable_mixed_w8_1.json,2026-01-03T11:05:01.625655
baseline_log_cpuintensive2.json,2025-08-05T20:17:20.229016
swenable_memoryintensive8.json,2025-12-11T21:39:54.749599
SWdisable_memoryintensive3.json,2025-12-11T05:59:39.027813
swenable_mixed_w12_1.json,2026-01-03T20:19:45.691976
swdisable_memoryintensive_w4_1.json,2025-12-25T08:16:39.936633
SWenable_cpuintensive8.json,2025-12-11T21:27:59.056590
baseline_log_memoryintensive2.json,2025-08-05T19:22:43.911055
SWdisable_memoryintensive8.json,2025-12-11T21:52:59.088659
baseline_log_cpuintensive3.json,2025-08-08T08:24:56.688518
swdisable_cpuintensive_w6_2.json,2025-12-26T08:06:38.255556
swenable_memoryintensive_w14_2.json,2025-12-28T20:01:57.321646
swdisable_memoryintensive_w10_1.json,2025-12-28T09:01:07.636259
mlp.json,2025-11-22T09:53:17.783926
SWdisable_memoryintensive.json,2025-11-25T02:24:28.951922
mlpenable_cpuintensive2.json,2026-02-16T22:56:46.643105
swdisable_memoryintensive_w12_3.json,2025-12-28T15:04:55.189252
swenable_memoryintensive_w14_2.json,2025-12-28T19:59:25.265366
dvfs_log_memoryintensive3.json,2025-08-08T08:49:33.827642
swenable_memoryintensive_w10_1.json,2025-12-28T08:45:51.647881
swenable_cpuintensive_w6_3.json,2025-12-26T08:58:12.139887
mlpdisable_memoryintensive2.json,2026-02-16T23:27:37.173527
mlp.json,2025-11-22T10:02:33.323908
baseline_log_cpuintensive3.json,2025-08-08T08:29:24.820801
swenable_cpuintensive_w12_2.json,2025-12-28T14:27:22.934320
swenable_memoryintensive_w10_3.json,2025-12-28T07:29:21.901816
swenable_cpuintensive_w14_2.json,2025-12-28T19:55:17.181590
swenable_cpuintensive_w4_2.json,2025-12-24T07:23:22.184760
baseline_log_cpuintensive3.json,2025-08-08T08:29:28.179819
swenable_cpuintensive_w12_2.json,2025-12-28T14:27:18.161194
mlpdisable_mixed2.json,2026-02-16T23:57:35.570055
baseline_log_memoryintensive2.json,2025-08-05T19:25:32.257778
swenable_mixed_w14_2.json,2026-01-03T21:04:30.854736
swenable_memoryintensive_w12_3.json,2025-12-28T15:19:51.198420
SW-disable_cpuintensive3.json,2025-12-10T23:20:50.666168
swenable_mixed_w6_2.json,2026-01-06T21:29:37.079503
swenable_memoryintensive7.json,2025-12-11T20:49:36.273375
swenable_memoryintensive_w10_3.json,2025-12-28T07:29:31.863551
dvfs_log_memoryintensive.json,2025-08-05T16:49:45.077835
mlp.json,2025-11-22T09:53:55.033919
swenable_memoryintensive_w10_2.json,2025-12-28T08:29:47.231866
swdisable_memoryintensive_w10_3.json,2025-12-28T07:45:42.941319
dvfs_log_cpuintensive2.json,2025-08-05T20:27:10.422063
swenable_cpuintensive_w6_3.json,2025-12-26T08:59:03.344471
swdisable_memoryintensive_w4_3.json,2025-12-25T09:02:04.348506
mlpdisable_mixed2.json,2026-02-16T23:58:42.746076
swdisable_memoryintensive_w14_3.json,2025-12-28T16:03:31.651786
SWenable_cpuintensive4.json,2025-12-11T07:02:42.137981
swenable_cpuintensive_w4_1.json,2025-12-24T06:55:52.700744
swenable_cpuintensive_w6_1.json,2025-12-26T06:57:39.221873
SWdisable_memoryintensive4.json,2025-12-11T09:09:48.799448
swdisable_memoryintensive_w6_2.json,2025-12-26T08:19:14.656463
swenable_memoryintensive_w12_1.json,2025-12-28T13:35:49.076224
swenable_mixed_w10_2.json,2026-01-03T19:01:08.027379
swenable_memoryintensive_w6_2.json,2025-12-26T07:59:56.296454
swenable_memoryintensive8.json,2025-12-11T21:43:52.426098
SWdisable_memoryintensive3.json,2025-12-11T06:01:15.423151
swenable_cpuintensive_w4_2.json,2025-12-24T07:23:11.580191
SWdisable_cpuintensive8.json,2025-12-11T21:12:40.577418
swenable_memoryintensive_w14_1.json,2025-12-28T21:09:11.145139
swdisable_memoryintensive6.json,2025-12-11T15:41:59.335388
SWdisable_memoryintensive2.json,2025-11-25T07:55:26.067953
mlpdisable_cpuintensive3.json,2026-02-16T23:43:48.631243
SWenable_memoryintensive2.json,2025-11-25T08:04:01.166311
swdisable_cpuintensive_w14_2.json,2025-12-28T19:40:57.825933
swdisable_mixed_w4_1.json,2026-01-03T08:05:29.867290
swdisable_cpuintensive_w14_1.json,2025-12-28T21:11:23.462825
swdisable_cpuintensive_w12_2.json,2025-12-28T14:39:31.153112
swenable_memoryintensive_w14_1.json,2025-12-28T21:08:49.717146
swdisable_memoryintensive_w10_1.json,2025-12-28T09:04:22.314096
SWdisable_cpuintensive8.json,2025-12-11T21:11:03.023938
mlpenable_memoryintensive.json,2025-11-22T23:38:17.410933
swenable_cpuintensive_w6_1.json,2025-12-26T06:57:44.118012
swenable_cpuintensive7.json,2025-12-11T17:40:54.446677
SWdisable_memoryintensive4.json,2025-12-11T09:05:55.029318
swdisable_mixed_w14_2.json,2026-01-03T20:54:43.987923
swenable_memoryintensive_w6_1.json,2025-12-26T07:35:43.895007
mlpdisable_cpuintensive2.json,2026-02-16T23:24:20.239476
mlp.json,2025-11-22T09:56:33.524241
swdisable_cpuintensive_w10_1.json,2025-12-28T08:54:00.991784
SWenable_cpuintensive4.json,2025-12-11T07:02:25.616694
swdisable_cpuintensive_w12_2.json,2025-12-28T14:37:52.100052
swdisable_mixed_w14_2.json,2026-01-03T20:58:28.585987
swdisable_cpuintensive_w6_3.json,2025-12-26T08:38:16.926153
swenable_mixed_w8_1.json,2026-01-06T21:16:27.613316
swdisable_memoryintensive_w6_2.json,2025-12-26T08:18:10.850694
swdisable_cpuintensive_w14_3.json,2025-12-28T15:59:57.015336
swdisable_cpuintensive_w10_2.json,2025-12-28T07:57:53.222339
swdisable_memoryintensive_w12_1.json,2025-12-28T13:18:17.559697
mlpdisable_cpuintensive.json,2025-11-22T15:30:02.467469
dvfs_log_memoryintensive.json,2025-08-05T16:49:28.118357
dvfs_log_memoryintensive2.json,2025-08-05T19:35:55.746495
swdisable_mixed_w8_1.json,2026-01-03T11:05:25.766700
mlpenable_mixed2.json,2026-02-17T00:16:43.029141
swenable_mixed_w12_1.json,2026-01-03T20:17:30.364209
SWenable_cpuintensive8.json,2025-12-11T21:31:30.770605
swenable_memoryintensive_w14_2.json,2025-12-28T19:58:16.444183
swdisable_memoryintensive_w4_3.json,2025-12-25T09:00:35.679988
baseline_log_memoryintensive2.json,2025-08-05T19:23:48.624811
swdisable_cpuintensive_w6_3.json,2025-12-26T08:40:07.343854
SW-enable_cpuintensive3.json,2025-12-10T23:06:21.756762
swdisable_memoryintensive_w10_2.json,2025-12-28T08:05:46.963705
mlpdisable_mixed1.json,2026-02-16T23:38:07.105590
dvfs_log_cpuIntensive.json,2025-07-31T23:54:21.651772
swdisable_memoryintensive_w14_2.json,2025-12-28T19:45:34.918502
swdisable_memoryintensive6.json,2025-12-11T15:41:01.295038
baseline_log_cpuintensive.json,2025-07-31T23:01:09.975994
mlp.json,2025-11-22T10:24:26.448356
swenable_mixed_w14_1.json,2026-01-03T20:41:29.643364
mlp.json,2025-11-22T10:25:31.228142
swenable_memoryintensive_w4_3.json,2025-12-25T09:09:14.487977
swdisable_memoryintensive_w14_2.json,2025-12-28T19:44:56.123414
mlpenable_mixed1.json,2026-02-16T23:14:35.957946
mlp.json,2025-11-22T09:56:24.375743
mlp.json,2025-11-22T10:14:53.406134
mlp.json,2025-11-22T10:21:40.461962
swenable_memoryintensive7.json,2025-12-11T20:51:39.823389
mlpdisable_mixed2.json,2026-02-16T23:56:37.760313
swdisable_mixed_w6_1.json,2026-01-03T09:35:46.318512
swenable_memoryintensive_w12_1.json,2025-12-28T13:35:13.642619
SWdisable_memoryintensive4.json,2025-12-11T09:05:59.743101
baseline_log_memoryintensive.json,2025-08-05T17:11:39.615283
swdisable_cpuintensive_4_3.json,2025-12-24T08:03:50.194394
swenable_mixed_w4_1.json,2026-01-03T07:54:33.684091
dvfs_log_cpuintensive3.json,2025-08-08T08:19:08.628246
swdisable_memoryintensive_w14_3.json,2025-12-28T16:02:28.422976
SWenable_cpuintensive4.json,2025-12-11T07:03:42.143046
swdisable_memoryintensive_w10_3.json,2025-12-28T07:42:49.981529
swenable_memoryintensive_w14_2.json,2025-12-28T19:58:06.885869
swenable_mixed_w6_1.json,2026-01-03T09:20:58.950404
swdisable_memoryintensive_w12_3.json,2025-12-28T15:07:42.731981
mlpdisable_cpuintensive3.json,2026-02-16T23:45:16.021207
swenable_memoryintensive_w4_2.json,2025-12-25T08:40:10.507619
swdisable_cpuintensive_w6_2.json,2025-12-26T08:06:23.639798
SWdisable_memoryintensive3.json,2025-12-11T06:03:55.188512
baseline_log_memoryintensive3.json,2025-08-08T08:43:17.120216
swdisable_memoryintensive_w4_3.json,2025-12-25T09:03:23.216278
swdisable_mixed_w4_2.json,2026-01-03T08:23:25.969189
baseline_log_cpuintensive.json,2025-07-31T22:58:32.376783
mlp.json,2025-11-22T09:49:49.093929
swdisable_memoryintensive_w10_2.json,2025-12-28T08:07:00.142651
swdisable_memoryintensive_w10_1.json,2025-12-28T09:04:52.375821
SWenable_cpuintensive8.json,2025-12-11T21:29:07.946061
swdisable_cpuintensive_w12_2.json,2025-12-28T14:41:57.678330
swdisable_cpuintensive5.json,2025-12-11T11:46:37.907050
swenable_mixed_w4_1.json,2026-01-03T07:57:19.354761
SWdisable_memoryintensive8.json,2025-12-11T21:51:55.571466
mlpenable_cpuintensive.json,2025-11-22T15:10:15.710031
swdisable_cpuintensive_w6_3.json,2025-12-26T08:39:34.174725
swenable_memoryintensive_w10_1.json,2025-12-28T08:46:32.286198
baseline_log_cpuintensive2.json,2025-08-05T20:14:12.566907
mlp.json,2025-11-22T10:20:31.403269
mlp.json,2025-11-22T10:18:35.883645
baseline_log_memoryintensive2.json,2025-08-05T19:24:37.286198
swdisable_mixed_w12_2.json,2026-01-03T19:22:52.845033
mlpenable_mixed2.json,2026-02-17T00:14:51.260583
swdisable_cpuintensive_w14_1.json,2025-12-28T21:11:46.862420
swenable_cpuintensive_w6_2.json,2025-12-26T07:45:27.747946
dvfs_log_cpuintensive2.json,2025-08-05T20:23:47.220104
swenable_cpuintensive_w4_2.json,2025-12-24T07:25:20.025374
SWdisable_memoryintensive8.json,2025-12-11T21:51:17.068005
mlp.json,2025-11-22T10:09:03.673527
mlenable_memoryintensive2.json,2026-02-16T23:11:02.167484
swenable_memoryintensive_w6_1.json,2025-12-26T07:34:26.235333
swdisable_mixed_w10_2.json,2026-01-03T18:46:33.632353
swdisable_cpuintensive_w12_3.json,2025-12-28T14:59:58.310836
swdisable_memoryintensive_w14_3.json,2025-12-28T16:07:05.234158
swenable_cpuintensive5.json,2025-12-11T11:37:52.580319
swdisable_memoryintensive_w14_2.json,2025-12-28T19:47:32.721338
swenable_mixed_w12_2.json,2026-01-03T19:12:35.174899
swenable_memoryintensive_w10_1.json,2025-12-28T08:49:54.731976
swenable_mixed_w8_1.json,2026-01-06T21:13:55.704950
baseline_log_cpuintensive2.json,2025-08-05T20:17:39.688886
swdisable_cpuintensive_w10_2.json,2025-12-28T08:01:18.193905
mlpdisable_cpuintensive2.json,2026-02-16T23:24:44.236743
swenable_memoryintensive7.json,2025-12-11T20:48:52.327349
swdisable_mixed_w14_1.json,2026-01-03T20:48:50.729548
swenable_cpuintensive_w14_3.json,2025-12-28T15:39:36.377860
swdisable_cpuintensive6.json,2025-12-11T13:26:22.574368
swdisable_cpuintensive_w4_2.json,2025-12-24T07:17:49.819359
mlp.json,2025-11-22T10:12:42.878663
swenable_cpuintensive_w10_3.json,2025-12-28T07:10:47.534666
swdisable_cpuintensive5.json,2025-12-11T11:49:22.042644
swdisable_cpuintensive_w12_2.json,2025-12-28T14:39:11.945231
swdisable_mixed_w12_2.json,2026-01-03T19:22:22.924702
swenable_cpuintensive_w10_2.json,2025-12-28T08:23:09.278059
SWenable_memoryintensive.json,2025-11-25T02:29:14.845647
mlp.json,2025-11-22T09:53:41.093980
mlenable_memoryintensive2.json,2026-02-16T23:08:15.771912
swenable_memoryintensive6.json,2025-12-11T15:32:54.282415
swenable_cpuintensive_w12_2.json,2025-12-28T14:26:20.773639
swenable_memoryintensive_w4_3.json,2025-12-25T09:08:59.749582
swdisable_memoryintensive_w12_1.json,2025-12-28T13:16:30.430234
swdisable_mixed_w6_2.json,2026-01-03T08:41:40.543438
mlpenable_mixed1.json,2026-02-16T23:16:21.588941
SWdisable_cpuintensive4.json,2025-12-11T07:09:24.055518
swenable_memoryintensive_w6_3.json,2025-12-26T09:06:12.600596
swdisable_cpuintensive6.json,2025-12-11T13:25:28.550459
swdisable_cpuintensive_w6_2.json,2025-12-26T08:07:27.374652
swdisable_cpuintensive_w14_1.json,2025-12-28T21:15:57.374202
baseline_log_cpuintensive2.json,2025-08-05T20:16:51.169451
swenable_cpuintensive_w14_1.json,2025-12-28T21:02:55.183057
baseline_log_memoryintensive3.json,2025-08-08T08:42:33.173460
swenable_memoryintensive_w6_1.json,2025-12-26T07:32:08.181717
baseline_log_memoryintensive3.json,2025-08-08T08:42:43.251615
swenable_cpuintensive6.json,2025-12-11T15:06:52.673107
mlpdisable_cpuintensive2.json,2026-02-16T23:22:35.357135
mlpdisable_cpuintensive.json,2025-11-22T15:29:30.059544
swenable_memoryintensive_w10_1.json,2025-12-28T08:50:25.480137
mlp.json,2025-11-22T09:36:10.937965
swenable_cpuintensive_w12_2.json,2025-12-28T14:27:03.009479
swenable_cpuintensive5.json,2025-12-11T11:38:04.386839
swenable_mixed_w8_1.json,2026-01-06T21:12:53.384124
swenable_memoryintensive7.json,2025-12-11T20:50:39.521565
baseline_log_memoryintensive3.json,2025-08-08T08:39:38.372223
swenable_memoryintensive_w14_2.json,2025-12-28T19:58:35.597593
swenable_mixed_w6_1.json,2026-01-03T09:21:09.035804
swenable_mixed_w8_1.json,2026-01-06T21:16:22.669812
swdisable_memoryintensive_w14_1.json,2025-12-28T21:19:34.909832
swdisable_mixed_w14_1.json,2026-01-03T20:46:53.927057
dvfs_log_memoryintensive2.json,2025-08-05T19:33:36.727939
mlpenable_mixed1.json,2026-02-16T23:14:11.384627
swenable_memoryintensive_w12_2.json,2025-12-28T14:33:52.916607
baseline_log_cpuintensive2.json,2025-08-05T20:17:10.597749
swenable_cpuintensive_w6_2.json,2025-12-26T07:44:37.821454
swdisable_memoryintensive_w4_3.json,2025-12-25T08:59:03.924841
swdisable_memoryintensive6.json,2025-12-11T15:38:26.490941
swdisable_memoryintensive_w12_1.json,2025-12-28T13:16:01.948822
swenable_memoryintensive6.json,2025-12-11T15:34:51.246164
swenable_memoryintensive5.json,2025-12-11T12:52:37.678608
dvfs_log_cpuIntensive.json,2025-07-31T23:55:01.992425
swdisable_mixed_w4_2.json,2026-01-03T08:23:06.034716
SWdisable_cpuintensive8.json,2025-12-11T21:12:01.629594
swenable_memoryintensive_w4_2.json,2025-12-25T08:41:16.366016
swenable_memoryintensive_w12_2.json,2025-12-28T14:30:20.505145
mlp.json,2025-11-22T09:59:46.933813
swenable_cpuintensive_w6_2.json,2025-12-26T07:45:21.474728
swdisable_memoryintensive_w10_2.json,2025-12-28T08:03:57.462398
baseline_log_memoryintensive.json,2025-08-05T17:13:16.120096
mlpdisable_mixed1.json,2026-02-16T23:33:52.259635
swenable_mixed_w14_2.json,2026-01-03T21:04:37.275938
swenable_cpuintensive_w4_1.json,2025-12-24T06:58:07.380527
SWdisable_memoryintensive4.json,2025-12-11T09:06:43.058965
swdisable_memoryintensive_w14_1.json,2025-12-28T21:21:20.377048
swenable_memoryintensive_w14_1.json,2025-12-28T21:06:17.475778
baseline_log_cpuintensive2.json,2025-08-05T20:16:35.073380
swdisable_memoryintensive_w10_1.json,2025-12-28T09:01:17.019649
swdisable_mixed_w6_1.json,2026-01-03T09:38:46.142709
swenable_cpuintensive_w10_3.json,2025-12-28T07:15:04.200891
swenable_cpuintensive_w4_2.json,2025-12-24T07:25:15.118386
swenable_mixed_w4_2.json,2026-01-03T08:29:29.995117
swenable_cpuintensive_w4_2.json,2025-12-24T07:21:47.972196
swdisable_memoryintensive_w12_1.json,2025-12-28T13:20:21.268942
SWenable_cpuintensive.json,2025-11-25T02:56:08.335851
swdisable_cpuintensive_w4_2.json,2025-12-24T07:18:48.352953
swdisable_mixed_w6_1.json,2026-01-03T09:39:05.384378
SWdisable_memoryintensive8.json,2025-12-11T21:52:00.397591
SWdisable_cpuintensive4.json,2025-12-11T07:09:09.742138
swenable_mixed_w8_1.json,2026-01-06T21:14:09.781162
swenable_mixed_w10_2.json,2026-01-03T18:59:58.091756
SWenable_cpuintensive8.json,2025-12-11T21:30:12.684678
swenable_cpuintensive_w10_2.json,2025-12-28T08:25:00.901513
swdisable_mixed_w12_1.json,2026-01-03T20:14:21.762666
swenable_cpuintensive_w14_1.json,2025-12-28T20:59:49.256273
swenable_cpuintensive_w10_3.json,2025-12-28T07:15:10.152154
swenable_cpuintensive_w12_2.json,2025-12-28T14:23:28.934635
SW-enable_cpuintensive3.json,2025-12-10T23:08:15.378369
swdisable_memoryintensive_w10_3.json,2025-12-28T07:40:56.186295
swdisable_memoryintensive_w10_2.json,2025-12-28T08:06:16.289368
swenable_memoryintensive_w10_1.json,2025-12-28T08:47:08.105828
dvfs_log_memoryintensive2.json,2025-08-05T19:34:38.278887
SWdisable_memoryintensive4.json,2025-12-11T09:10:18.042557
swdisable_memoryintensive_w12_2.json,2025-12-28T14:46:47.001415
SWenable_memoryintensive4.json,2025-12-11T08:59:56.802251
mlpenable_cpuintensive.json,2025-11-22T15:09:28.740631
mlp.json,2025-11-22T09:46:34.105686
mlenable_memoryintensive2.json,2026-02-16T23:10:05.105706
swenable_mixed_w4_1.json,2026-01-03T07:55:29.475313
baseline_log_memoryintensive2.json,2025-08-05T19:24:59.927767
swdisable_memoryintensive_w12_3.json,2025-12-28T15:07:52.372533
mlpdisable_cpuintensive3.json,2026-02-16T23:43:00.480448
swdisable_memoryintensive_w6_2.json,2025-12-26T08:19:00.087586
swdisable_memoryintensive_w12_1.json,2025-12-28T13:20:41.017253
mlpenable_cpuintensive2.json,2026-02-16T22:54:07.160887
swenable_mixed_w6_1.json,2026-01-03T09:21:59.416807
mlpenable_memoryintensive3.json,2026-02-17T00:08:28.382381
swdisable_cpuintensive_w14_1.json,2025-12-28T21:11:09.365079
SWdisable_memoryintensive4.json,2025-12-11T09:07:26.718245
mlpdisable_cpuintensive3.json,2026-02-16T23:42:17.691985
mlp.json,2025-11-22T09:47:16.133744
mlpenable_memoryintensive3.json,2026-02-17T00:08:33.012921
mlpdisable_mixed1.json,2026-02-16T23:34:02.149443
SWdisable_cpuintensive.json,2025-11-25T02:52:45.876470
mlpdisable_mixed2.json,2026-02-16T23:57:54.699699
SWenable_cpuintensive.json,2025-11-25T02:58:42.540856
swdisable_memoryintensive_w10_2.json,2025-12-28T08:03:43.054291
dvfs_log_cpuintensive2.json,2025-08-05T20:26:54.366723
SWdisable_cpuintensive4.json,2025-12-11T07:08:26.109049
swdisable_memoryintensive_w6_3.json,2025-12-26T08:47:19.859057
swdisable_cpuintensive_w10_2.json,2025-12-28T07:58:08.189391
swenable_memoryintensive_w10_1.json,2025-12-28T08:48:51.537155
mlpdisable_cpuintensive2.json,2026-02-16T23:24:53.553834
swenable_memoryintensive_w12_2.json,2025-12-28T14:35:12.207884
swenable_memoryintensive_w10_1.json,2025-12-28T08:46:58.086698
mlp.json,2025-11-22T10:25:12.713226
swdisable_cpuintensive_w14_1.json,2025-12-28T21:11:56.130499
swdisable_memoryintensive_w12_3.json,2025-12-28T15:04:40.224379
mlp.json,2025-11-22T09:43:48.427353
swdisable_mixed_w14_2.json,2026-01-03T20:55:03.446850
swenable_cpuintensive_w12_2.json,2025-12-28T14:27:38.225196
swenable_cpuintensive_w4_1.json,2025-12-24T06:56:59.278072
swdisable_mixed_w6_2.json,2026-01-03T08:43:08.319143
swdisable_memoryintensive_w6_1.json,2025-12-26T07:19:25.106620
swenable_memoryintensive_w6_2.json,2025-12-26T07:55:28.762027
mlpenable_cpuintensive2.json,2026-02-16T22:56:23.214804
mlp.json,2025-11-22T09:39:42.614607
SW-enable_cpuintensive3.json,2025-12-10T23:09:04.487229
mlp.json,2025-11-22T10:07:44.775726
swdisable_memoryintensive_w14_2.json,2025-12-28T19:45:20.378427
swdisable_cpuintensive_w12_1.json,2025-12-28T13:10:55.435122
swdisable_cpuintensive_w12_3.json,2025-12-28T14:58:46.404527
swenable_mixed_w14_2.json,2026-01-03T21:04:55.707638
swenable_mixed_w14_1.json,2026-01-03T20:39:03.583876
swenable_memoryintensive_w10_3.json,2025-12-28T07:28:29.347002
swenable_memoryintensive_w6_3.json,2025-12-26T09:04:55.095521
swdisable_memoryintensive_w14_1.json,2025-12-28T21:23:28.380069
baseline_log_memoryintensive2.json,2025-08-05T19:27:03.015805
swdisable_cpuintensive_w14_1.json,2025-12-28T21:14:06.354816
mlp.json,2025-11-22T09:40:33.754065
dvfs_log_cpuintensive2.json,2025-08-05T20:27:13.633764
swdisable_mixed_w4_2.json,2026-01-03T08:23:59.889542
swenable_memoryintensive_w14_1.json,2025-12-28T21:06:37.003870
swdisable_mixed_w14_2.json,2026-01-03T20:56:35.670393
swenable_memoryintensive_w14_3.json,2025-12-28T15:50:32.803524
swdisable_mixed_w14_1.json,2026-01-03T20:49:44.125673
swenable_memoryintensive_w6_3.json,2025-12-26T09:04:49.274735
swdisable_cpuintensive_w10_1.json,2025-12-28T08:55:28.633943
swdisable_mixed_w12_1.json,2026-01-03T20:14:16.878521
swdisable_memoryintensive_w14_2.json,2025-12-28T19:46:23.901180
swenable_mixed_w12_1.json,2026-01-03T20:19:25.351231
mlenable_memoryintensive2.json,2026-02-16T23:07:29.003456
swenable_mixed_w10_1.json,2026-01-03T18:22:42.506503
swenable_cpuintensive_w6_1.json,2025-12-26T06:56:59.894416
swenable_memoryintensive_w10_1.json,2025-12-28T08:49:33.850232
swenable_cpuintensive_w14_1.json,2025-12-28T20:59:10.010047
mlpdisable_mixed2.json,2026-02-16T23:55:02.788172
swdisable_memoryintensive_w14_1.json,2025-12-28T21:21:45.055440
swenable_memoryintensive_w14_3.json,2025-12-28T15:46:49.634589
baseline_log_cpuintensive3.json,2025-08-08T08:25:03.417481
swdisable_cpuintensive_w10_2.json,2025-12-28T08:01:03.615902
mlpdisable_cpuintensive3.json,2026-02-16T23:45:20.970923
dvfs_log_memoryintensive2.json,2025-08-05T19:32:12.505163
mlpdisable_memoryintensive.json,2025-11-22T23:09:54.872695
swdisable_mixed_w6_2.json,2026-01-03T08:42:19.414001
swenable_memoryintensive_w6_1.json,2025-12-26T07:32:02.918300
swenable_memoryintensive_w6_3.json,2025-12-26T09:03:13.602365
swdisable_memoryintensive_w4_2.json,2025-12-25T08:50:20.640857
swdisable_memoryintensive_w10_1.json,2025-12-28T09:00:57.758290
swenable_cpuintensive_w10_1.json,2025-12-28T08:39:54.099110
swdisable_cpuintensive_w6_3.json,2025-12-26T08:38:50.735330
mlpenable_cpuintensive3.json,2026-02-17T00:02:04.536802
swdisable_cpuintensive_w10_2.json,2025-12-28T07:56:59.410443
SWenable_cpuintensive8.json,2025-12-11T21:31:54.631607
swenable_mixed_w8_1.json,2026-01-06T21:11:58.671494
swenable_mixed_w6_2.json,2026-01-06T21:31:01.078888
swdisable_memoryintensive6.json,2025-12-11T15:39:53.392216
swdisable_mixed_w12_2.json,2026-01-03T19:21:47.955853
swdisable_memoryintensive_w10_3.json,2025-12-28T07:43:04.563140
baseline_log_cpuintensive3.json,2025-08-08T08:27:13.103372
swdisable_mixed_w14_1.json,2026-01-03T20:46:44.350689
swdisable_memoryintensive6.json,2025-12-11T15:39:38.935737
SWdisable_memoryintensive7.json,2025-12-11T20:56:29.973405
SW-disable_cpuintensive3.json,2025-12-10T23:18:24.326167
swenable_cpuintensive_w10_3.json,2025-12-28T07:13:39.022212
swenable_cpuintensive_w4_3.json,2025-12-24T08:00:36.779445
mlp.json,2025-11-22T10:01:42.444544
swdisable_cpuintensive5.json,2025-12-11T11:49:46.220489
mlp.json,2025-11-22T10:07:26.034034
baseline_log_memoryintensive.json,2025-08-05T17:10:12.698991
swenable_memoryintensive_w4_3.json,2025-12-25T09:10:20.668222
mlpdisable_memoryintensive2.json,2026-02-16T23:27:32.414492
mlpenable_memoryintensive.json,2025-11-22T23:41:00.393590
baseline_log_cpuintensive3.json,2025-08-08T08:26:02.749132
mlp.json,2025-11-22T10:04:48.273579
SWenable_cpuintensive4.json,2025-12-11T07:03:36.703440
SWdisable_memoryintensive3.json,2025-12-11T06:01:24.883251
swdisable_memoryintensive_w12_3.json,2025-12-28T15:05:55.152498
mlpenable_mixed2.json,2026-02-17T00:14:00.010847
swdisable_mixed_w8_2.json,2026-01-03T10:11:18.290363
mlpdisable_cpuintensive3.json,2026-02-16T23:44:31.839356
swdisable_memoryintensive_w12_2.json,2025-12-28T14:46:02.056284
swdisable_cpuintensive_w10_2.json,2025-12-28T07:59:10.605027
mlp.json,2025-11-22T09:59:37.760918
mlpdisable_memoryintensive.json,2025-11-22T23:09:45.560160
swenable_memoryintensive6.json,2025-12-11T15:30:38.783607
swdisable_memoryintensive_w12_2.json,2025-12-28T14:48:34.176688
SWdisable_cpuintensive8.json,2025-12-11T21:14:08.385076
baseline_log_cpuintensive.json,2025-07-31T22:59:17.294260
swenable_cpuintensive_w4_1.json,2025-12-24T06:56:26.420751
swdisable_cpuintensive_w14_2.json,2025-12-28T19:37:54.348207
mlp.json,2025-11-22T10:01:00.823505
swenable_cpuintensive_w4_3.json,2025-12-24T07:56:56.943450
dvfs_log_memoryintensive.json,2025-08-05T16:51:12.938159
mlpenable_cpuintensive2.json,2026-02-16T22:53:29.527836
SWdisable_memoryintensive4.json,2025-12-11T09:10:37.229387
swenable_mixed_w6_2.json,2026-01-06T21:30:08.548649
swdisable_mixed_w6_2.json,2026-01-03T08:42:43.523608
SWdisable_memoryintensive7.json,2025-12-11T20:59:34.565222
swenable_mixed_w8_1.json,2026-01-06T21:14:30.149839
mlpdisable_memoryintensive3.json,2026-02-16T23:51:19.338049
dvfs_log_cpuintensive2.json,2025-08-05T20:25:01.307426
swdisable_mixed_w8_1.json,2026-01-03T11:07:22.284241
swenable_mixed_w12_1.json,2026-01-03T20:18:30.297186
SWdisable_memoryintensive4.json,2025-12-11T09:07:07.577293
swdisable_mixed_w12_2.json,2026-01-03T19:23:02.616575
swenable_memoryintensive_w4_2.json,2025-12-25T08:39:39.748493
mlp.json,2025-11-22T09:43:02.074252
swenable_memoryintensive_w14_2.json,2025-12-28T20:00:21.314302
swdisable_cpuintensive_4_3.json,2025-12-24T08:04:04.386950
swdisable_memoryintensive_w6_1.json,2025-12-26T07:16:51.625069
swenable_cpuintensive_w14_2.json,2025-12-28T19:53:19.084716
mlpenable_cpuintensive2.json,2026-02-16T22:57:10.118010
dvfs_log_memoryintensive.json,2025-08-05T16:53:48.200091
swdisable_memoryintensive_w10_1.json,2025-12-28T09:04:37.231261
swenable_mixed_w10_1.json,2026-01-03T18:21:41.209039
swdisable_cpuintensive_w10_1.json,2025-12-28T08:52:43.137978
mlpenable_cpuintensive2.json,2026-02-16T22:53:43.472033
mlpenable_memoryintensive3.json,2026-02-17T00:12:28.789301
swdisable_cpuintensive_w12_2.json,2025-12-28T14:40:49.343215
swenable_memoryintensive_w10_2.json,2025-12-28T08:28:50.385363
mlp.json,2025-11-22T10:02:28.704010
SWdisable_memoryintensive2.json,2025-11-25T07:55:05.810344
baseline_log_memoryintensive.json,2025-08-05T17:11:00.985486
mlpenable_cpuintensive3.json,2026-02-17T00:03:23.401706
SWdisable_cpuintensive.json,2025-11-25T02:50:19.480121
mlp.json,2025-11-22T09:57:10.303984
mlpdisable_memoryintensive2.json,2026-02-16T23:28:53.388692
dvfs_log_cpuIntensive.json,2025-07-31T23:53:15.178139
dvfs_log_memoryintensive2.json,2025-08-05T19:35:20.335962
swdisable_cpuintensive_w10_1.json,2025-12-28T08:53:22.043813
swenable_cpuintensive_w12_1.json,2025-12-28T13:26:01.783355
swdisable_memoryintensive_w14_1.json,2025-12-28T21:20:03.912425
mlpdisable_memoryintensive.json,2025-11-22T23:11:18.192115
mlp.json,2025-11-22T09:35:53.146149
swenable_mixed_w14_2.json,2026-01-03T21:02:07.164196
swenable_memoryintensive_w10_2.json,2025-12-28T08:31:56.351951
mlp.json,2025-11-22T09:48:11.624017
SWdisable_memoryintensive7.json,2025-12-11T20:58:36.191563
swenable_memoryintensive8.json,2025-12-11T21:43:22.296635
swenable_memoryintensive_w4_3.json,2025-12-25T09:09:45.226165
SWenable_memoryintensive4.json,2025-12-11T08:58:33.887915
swdisable_memoryintensive6.json,2025-12-11T15:42:08.967530
baseline_log_memoryintensive2.json,2025-08-05T19:23:55.072449
SWdisable_memoryintensive7.json,2025-12-11T20:55:30.870547
swdisable_cpuintensive_w4_1.json,2025-12-24T07:09:07.516510
swenable_cpuintensive_w4_2.json,2025-12-24T07:21:04.766769
baseline_log_memoryintensive2.json,2025-08-05T19:25:22.625887
mlpenable_cpuintensive.json,2025-11-22T15:06:55.750140
mlp.json,2025-11-22T10:07:12.090272
dvfs_log_memoryintensive.json,2025-08-05T16:51:02.927034
baseline_log_memoryintensive2.json,2025-08-05T19:26:27.307447
mlpdisable_mixed2.json,2026-02-16T23:59:37.146219
swenable_mixed_w8_1.json,2026-01-06T21:14:19.113255
swdisable_memoryintensive_w6_2.json,2025-12-26T08:17:26.042751
mlp.json,2025-11-22T10:02:42.643573
dvfs_log_cpuintensive3.json,2025-08-08T08:21:34.341088
swenable_memoryintensive_w10_1.json,2025-12-28T08:46:27.141538
SW-disable_cpuintensive3.json,2025-12-10T23:20:26.455821
swdisable_cpuintensive_w10_3.json,2025-12-28T07:34:25.985957
swdisable_memoryintensive_w10_2.json,2025-12-28T08:05:03.960498
swenable_memoryintensive_w6_1.json,2025-12-26T07:32:24.725819
SWdisable_memoryintensive3.json,2025-12-11T06:04:00.008559
swdisable_cpuintensive6.json,2025-12-11T13:26:51.977195
swdisable_cpuintensive_w4_1.json,2025-12-24T07:08:52.677904
swdisable_memoryintensive_w12_3.json,2025-12-28T15:06:58.838596
swdisable_memoryintensive5.json,2025-12-11T12:43:39.915827
swdisable_memoryintensive_w14_3.json,2025-12-28T16:04:01.131680
mlpenable_cpuintensive2.json,2026-02-16T22:56:03.832506
dvfs_log_memoryintensive.json,2025-08-05T16:50:32.563330
swenable_memoryintensive_w12_2.json,2025-12-28T14:30:36.329758
SWenable_memoryintensive2.json,2025-11-25T08:02:39.859096
swdisable_mixed_w4_2.json,2026-01-03T08:25:08.208436
swdisable_cpuintensive_w12_3.json,2025-12-28T15:01:37.864553
swenable_cpuintensive_w14_2.json,2025-12-28T19:53:59.897028
swdisable_memoryintensive_w6_3.json,2025-12-26T08:48:36.806222
swdisable_memoryintensive_w4_1.json,2025-12-25T08:14:14.515040
swdisable_memoryintensive_w12_2.json,2025-12-28T14:47:15.738139
SWdisable_memoryintensive3.json,2025-12-11T06:00:27.516170
SWdisable_cpuintensive4.json,2025-12-11T07:10:08.031289
swdisable_memoryintensive_w10_1.json,2025-12-28T09:01:46.433219
swenable_mixed_w6_2.json,2026-01-06T21:27:15.141185
SWdisable_cpuintensive7.json,2025-12-11T17:34:07.675427
mlpdisable_mixed1.json,2026-02-16T23:38:26.279175
baseline_log_cpuintensive.json,2025-07-31T22:59:23.784279
swenable_memoryintensive_w6_1.json,2025-12-26T07:34:43.443916
swdisable_mixed_w14_1.json,2026-01-03T20:48:31.602095
swenable_cpuintensive_w12_3.json,2025-12-28T15:13:25.943571
SWdisable_memoryintensive3.json,2025-12-11T06:04:10.001333
dvfs_log_memoryintensive.json,2025-08-05T16:53:11.252862
swenable_memoryintensive_w14_3.json,2025-12-28T15:49:05.575517
SWenable_cpuintensive8.json,2025-12-11T21:31:35.374137
baseline_log_memoryintensive3.json,2025-08-08T08:40:01.971261
swenable_memoryintensive5.json,2025-12-11T12:53:53.530263
swenable_memoryintensive_w12_2.json,2025-12-28T14:33:04.312807
baseline_log_cpuintensive2.json,2025-08-05T20:15:17.192191
swenable_mixed_w14_2.json,2026-01-03T21:03:36.197815
swdisable_mixed_w4_1.json,2026-01-03T08:04:22.570942
mlp.json,2025-11-22T09:38:32.844505
swdisable_memoryintensive6.json,2025-12-11T15:39:14.640684
swenable_memoryintensive_w4_1.json,2025-12-25T08:24:19.413651
mlpenable_memoryintensive.json,2025-11-22T23:38:58.962657
swenable_cpuintensive_w10_2.json,2025-12-28T08:22:31.521122
swenable_memoryintensive_w14_3.json,2025-12-28T15:49:29.788063
swenable_mixed_w14_2.json,2026-01-03T21:02:11.844741
mlenable_memoryintensive2.json,2026-02-16T23:09:16.810453
swenable_cpuintensive_w12_3.json,2025-12-28T15:11:27.671979
swenable_cpuintensive_w6_2.json,2025-12-26T07:48:37.293725
mlp.json,2025-11-22T10:07:02.973509
dvfs_log_cpuIntensive.json,2025-07-31T23:56:56.739746
mlpenable_memoryintensive3.json,2026-02-17T00:12:10.210502
swdisable_cpuintensive_w14_2.json,2025-12-28T19:38:49.972726
SWdisable_cpuintensive.json,2025-11-25T02:53:10.360833
mlpdisable_cpuintensive2.json,2026-02-16T23:22:59.099489
swdisable_mixed_w10_1.json,2026-01-03T18:40:26.632598
swdisable_mixed_w4_2.json,2026-01-03T08:21:08.630593
swdisable_memoryintensive5.json,2025-12-11T12:45:27.300787
swdisable_cpuintensive6.json,2025-12-11T13:23:20.550916
swdisable_memoryintensive_w14_2.json,2025-12-28T19:43:54.310547
swenable_memoryintensive7.json,2025-12-11T20:50:33.564165
swenable_mixed_w4_1.json,2026-01-03T07:56:20.556926
mlpdisable_cpuintensive.json,2025-11-22T15:26:59.071881
swenable_cpuintensive_w10_3.json,2025-12-28T07:11:04.820582
swdisable_memoryintensive_w10_1.json,2025-12-28T09:03:43.076017
mlp.json,2025-11-22T10:00:42.243992
mlp.json,2025-11-22T09:51:12.773970
swenable_memoryintensive_w14_3.json,2025-12-28T15:50:45.160391
swdisable_memoryintensive_w6_3.json,2025-12-26T08:48:22.564620
swenable_cpuintensive_w6_3.json,2025-12-26T08:57:57.811589
swdisable_cpuintensive_w6_2.json,2025-12-26T08:09:42.987010
mlpenable_memoryintensive3.json,2026-02-17T00:10:42.719860
swdisable_memoryintensive_w10_3.json,2025-12-28T07:45:32.504059
swdisable_cpuintensive6.json,2025-12-11T13:23:02.008604
swenable_mixed_w8_2.json,2026-01-03T10:41:41.340390
swdisable_cpuintensive_w10_3.json,2025-12-28T07:35:34.356620
SWenable_memoryintensive2.json,2025-11-25T08:01:09.390563
SWenable_memoryintensive3.json,2025-12-11T06:10:43.964593
swenable_memoryintensive_w4_1.json,2025-12-25T08:25:58.455371
swenable_memoryintensive_w14_3.json,2025-12-28T15:48:00.310259
swenable_memoryintensive_w10_3.json,2025-12-28T07:29:07.320630
swdisable_memoryintensive_w14_2.json,2025-12-28T19:43:28.826337
swenable_mixed_w4_2.json,2026-01-03T08:31:14.515049
SWenable_cpuintensive8.json,2025-12-11T21:27:44.759032
mlp.json,2025-11-22T10:12:14.937306
mlpdisable_mixed2.json,2026-02-16T23:56:28.198907
swenable_memoryintensive5.json,2025-12-11T12:50:43.009299
swdisable_mixed_w12_2.json,2026-01-03T19:21:57.927209
swdisable_cpuintensive_w6_2.json,2025-12-26T08:06:09.444240
swenable_cpuintensive_w6_1.json,2025-12-26T06:57:19.045756
swenable_mixed_w8_1.json,2026-01-06T21:13:46.349127
dvfs_log_memoryintensive3.json,2025-08-08T08:49:27.113814
SWdisable_memoryintensive7.json,2025-12-11T20:56:39.587841
swdisable_memoryintensive_w10_2.json,2025-12-28T08:03:52.692761
swenable_memoryintensive_w14_2.json,2025-12-28T19:57:07.757768
swenable_memoryintensive_w4_2.json,2025-12-25T08:39:50.325806
mlp.json,2025-11-22T10:04:52.924004
swenable_mixed_w12_1.json,2026-01-03T20:18:20.506458
swdisable_cpuintensive_w12_2.json,2025-12-28T14:40:10.154521
mlpdisable_mixed2.json,2026-02-16T23:55:31.168377
baseline_log_cpuintensive3.json,2025-08-08T08:28:10.571848
swenable_cpuintensive_w12_1.json,2025-12-28T13:23:41.208734
swdisable_memoryintensive_w10_2.json,2025-12-28T08:07:24.919497
swenable_cpuintensive_w12_1.json,2025-12-28T13:26:57.106281
baseline_log_cpuintensive.json,2025-07-31T22:58:29.171817
SWenable_cpuintensive4.json,2025-12-11T07:03:47.559430
mlpdisable_memoryintensive.json,2025-11-22T23:12:51.804314
swdisable_cpuintensive_w10_2.json,2025-12-28T07:58:46.154414
dvfs_log_memoryintensive2.json,2025-08-05T19:33:33.519169
swdisable_cpuintensive_w14_1.json,2025-12-28T21:14:57.289649
SWdisable_memoryintensive2.json,2025-11-25T07:51:21.440334
baseline_log_memoryintensive3.json,2025-08-08T08:41:22.482704
swdisable_cpuintensive_w12_2.json,2025-12-28T14:40:15.249387
mlpenable_mixed2.json,2026-02-17T00:18:54.425376
swdisable_cpuintensive_w6_1.json,2025-12-26T07:07:45.707474
swdisable_mixed_w8_2.json,2026-01-03T10:11:47.354413
SWenable_cpuintensive4.json,2025-12-11T06:59:19.642388
swdisable_memoryintensive_w6_3.json,2025-12-26T08:49:41.158870
mlpdisable_cpuintensive3.json,2026-02-16T23:46:05.149537
SWdisable_memoryintensive7.json,2025-12-11T20:57:37.726373
mlp.json,2025-11-22T09:47:02.014092
swenable_memoryintensive_w12_2.json,2025-12-28T14:34:08.427308
swdisable_memoryintensive6.json,2025-12-11T15:42:38.256470
swdisable_cpuintensive_w10_2.json,2025-12-28T07:57:48.371065
mlpdisable_memoryintensive2.json,2026-02-16T23:29:46.441465
swdisable_memoryintensive_w4_1.json,2025-12-25T08:15:02.590290
swdisable_memoryintensive_w4_3.json,2025-12-25T09:00:30.808044
baseline_log_cpuintensive.json,2025-07-31T22:59:43.063483
dvfs_log_cpuintensive3.json,2025-08-08T08:20:53.513004
SWdisable_memoryintensive3.json,2025-12-11T05:59:34.350927
baseline_log_memoryintensive.json,2025-08-05T17:12:15.016611
swdisable_cpuintensive_4_3.json,2025-12-24T08:06:50.567289
swdisable_memoryintensive_w10_3.json,2025-12-28T07:42:26.224797
swenable_memoryintensive_w6_3.json,2025-12-26T09:03:19.938627
swdisable_mixed_w6_2.json,2026-01-03T08:42:48.422228
baseline_log_memoryintensive2.json,2025-08-05T19:27:15.970195
dvfs_log_cpuintensive2.json,2025-08-05T20:25:23.823901
swdisable_cpuintensive_w14_1.json,2025-12-28T21:12:33.865793
swenable_memoryintensive_w14_1.json,2025-12-28T21:06:07.636060
mlp.json,2025-11-22T09:43:25.218445
dvfs_log_cpuIntensive.json,2025-07-31T23:54:11.770456
baseline_log_memoryintensive2.json,2025-08-05T19:24:11.241719
swenable_cpuintensive7.json,2025-12-11T17:42:20.236023
mlpenable_cpuintensive.json,2025-11-22T15:06:37.272685
dvfs_log_cpuintensive2.json,2025-08-05T20:26:02.519001
swenable_memoryintensive_w6_3.json,2025-12-26T09:06:36.126890
swdisable_mixed_w10_2.json,2026-01-03T18:49:09.795721
baseline_log_memoryintensive3.json,2025-08-08T08:41:09.039696
mlp.json,2025-11-22T10:10:32.423341
swdisable_cpuintensive_w6_1.json,2025-12-26T07:05:51.882832
swenable_memoryintensive_w6_1.json,2025-12-26T07:33:36.987343
baseline_log_memoryintensive.json,2025-08-05T17:11:13.951164
SWenable_memoryintensive2.json,2025-11-25T08:00:44.047665
baseline_log_cpuintensive2.json,2025-08-05T20:16:15.642132
mlpenable_cpuintensive.json,2025-11-22T15:08:18.700294
swenable_memoryintensive_w4_2.json,2025-12-25T08:39:04.111476
SWdisable_memoryintensive3.json,2025-12-11T06:03:30.822663
dvfs_log_cpuintensive3.json,2025-08-08T08:17:51.835396
swdisable_cpuintensive6.json,2025-12-11T13:27:06.654023
swdisable_memoryintensive_w12_3.json,2025-12-28T15:07:13.265039
swenable_mixed_w12_2.json,2026-01-03T19:11:11.845266
mlpenable_mixed1.json,2026-02-16T23:13:47.491036
swdisable_cpuintensive_w10_3.json,2025-12-28T07:36:33.418905
swdisable_mixed_w6_1.json,2026-01-03T09:34:52.997029
SWdisable_memoryintensive2.json,2025-11-25T07:53:31.373961
swenable_cpuintensive_w14_3.json,2025-12-28T15:40:51.864972
baseline_log_memoryintensive.json,2025-08-05T17:11:58.980952
baseline_log_cpuintensive3.json,2025-08-08T08:26:09.715833
swdisable_cpuintensive_w6_3.json,2025-12-26T08:40:16.970857
mlp.json,2025-11-22T10:17:49.944187
mlpenable_memoryintensive3.json,2026-02-17T00:08:19.071409
baseline_log_memoryintensive.json,2025-08-05T17:12:47.177796
swenable_memoryintensive7.json,2025-12-11T20:48:18.747340
dvfs_log_cpuintensive3.json,2025-08-08T08:21:03.642429
swenable_memoryintensive_w4_3.json,2025-12-25T09:08:44.250838
baseline_log_memoryintensive.json,2025-08-05T17:12:50.384570
swenable_mixed_w4_2.json,2026-01-03T08:30:17.582028
dvfs_log_memoryintensive.json,2025-08-05T16:52:34.074633
swdisable_mixed_w6_1.json,2026-01-03T09:36:34.863064
mlpenable_memoryintensive3.json,2026-02-17T00:10:38.105854
mlpdisable_memoryintensive.json,2025-11-22T23:10:27.096426
swenable_mixed_w12_1.json,2026-01-03T20:16:50.911361
swenable_memoryintensive_w4_1.json,2025-12-25T08:29:14.772482
swenable_cpuintensive_w4_3.json,2025-12-24T07:59:34.450669
baseline_log_cpuintensive2.json,2025-08-05T20:18:34.611863
swdisable_cpuintensive_w12_1.json,2025-12-28T13:11:00.676033
SWenable_memoryintensive3.json,2025-12-11T06:07:14.342567
swdisable_cpuintensive_w10_3.json,2025-12-28T07:36:38.435163
swdisable_cpuintensive_w6_1.json,2025-12-26T07:05:02.641966
swenable_mixed_w4_1.json,2026-01-03T07:57:24.179127
mlpenable_cpuintensive2.json,2026-02-16T22:58:05.572838
mlpdisable_memoryintensive.json,2025-11-22T23:10:45.819048
mlpdisable_memoryintensive2.json,2026-02-16T23:31:52.652152
mlp.json,2025-11-22T09:48:07.044122
mlpdisable_memoryintensive2.json,2026-02-16T23:27:51.341727
mlp.json,2025-11-22T09:42:43.394007
swdisable_mixed_w14_1.json,2026-01-03T20:48:12.075365
swdisable_memoryintensive_w10_3.json,2025-12-28T07:42:02.531448
mlp.json,2025-11-22T10:08:26.467631
swenable_cpuintensive_w10_1.json,2025-12-28T08:43:02.570940
baseline_log_cpuintensive.json,2025-07-31T22:58:48.401991
swdisable_memoryintensive_w12_3.json,2025-12-28T15:05:45.437617
swdisable_mixed_w4_1.json,2026-01-03T08:04:12.700821
swdisable_memoryintensive_w14_2.json,2025-12-28T19:46:28.660702
swdisable_cpuintensive_w10_2.json,2025-12-28T07:59:35.211146
swenable_cpuintensive_w14_3.json,2025-12-28T15:40:28.406992
dvfs_log_cpuintensive3.json,2025-08-08T08:17:55.181294
swdisable_cpuintensive_w6_1.json,2025-12-26T07:09:13.882589
SWdisable_cpuintensive7.json,2025-12-11T17:34:21.881682
swenable_cpuintensive7.json,2025-12-11T17:40:49.658150
swenable_memoryintensive_w10_1.json,2025-12-28T08:50:15.107166
swdisable_cpuintensive_w6_3.json,2025-12-26T08:42:00.080871
swenable_memoryintensive_w4_3.json,2025-12-25T09:08:54.760018
swenable_memoryintensive_w12_1.json,2025-12-28T13:33:10.488139
swenable_cpuintensive6.json,2025-12-11T15:08:49.663631
mlpdisable_cpuintensive2.json,2026-02-16T23:23:56.398898
swdisable_cpuintensive_w10_1.json,2025-12-28T08:56:08.067346
mlp.json,2025-11-22T09:46:57.294283
swenable_memoryintensive_w14_3.json,2025-12-28T15:48:30.275414
baseline_log_memoryintensive3.json,2025-08-08T08:41:35.986621
SWdisable_cpuintensive4.json,2025-12-11T07:12:24.218327
swenable_memoryintensive_w4_3.json,2025-12-25T09:08:34.468839
mlp.json,2025-11-22T09:42:47.954333
swdisable_cpuintensive6.json,2025-12-11T13:24:07.299557
swdisable_cpuintensive_w10_2.json,2025-12-28T07:58:12.911290
swenable_memoryintensive_w10_3.json,2025-12-28T07:28:44.047745
SWenable_memoryintensive3.json,2025-12-11T06:06:48.746648
swdisable_memoryintensive_w6_3.json,2025-12-26T08:49:26.335460
dvfs_log_memoryintensive.json,2025-08-05T16:50:05.412202
swdisable_cpuintensive_w4_1.json,2025-12-24T07:09:47.048139
swdisable_cpuintensive_w10_3.json,2025-12-28T07:32:22.090692
SWdisable_cpuintensive8.json,2025-12-11T21:13:58.334630
baseline_log_cpuintensive3.json,2025-08-08T08:25:43.014497
mlpdisable_cpuintensive2.json,2026-02-16T23:22:30.704748
mlpdisable_cpuintensive2.json,2026-02-16T23:25:12.907130
swdisable_mixed_w12_2.json,2026-01-03T19:20:19.773101
swdisable_memoryintensive_w4_1.json,2025-12-25T08:17:29.480614
swdisable_memoryintensive_w14_2.json,2025-12-28T19:47:57.336178
baseline_log_cpuintensive2.json,2025-08-05T20:15:20.434358
swenable_cpuintensive_w14_2.json,2025-12-28T19:55:42.266568
mlpdisable_cpuintensive2.json,2026-02-16T23:24:01.167960
mlpdisable_memoryintensive.json,2025-11-22T23:10:22.567544
swenable_memoryintensive_w6_1.json,2025-12-26T07:31:00.266192
swdisable_cpuintensive_w14_3.json,2025-12-28T16:00:17.366507
SWdisable_cpuintensive4.json,2025-12-11T07:11:45.075251
mlp.json,2025-11-22T10:23:53.973157
mlpdisable_cpuintensive3.json,2026-02-16T23:46:00.378834
SWenable_cpuintensive8.json,2025-12-11T21:31:19.488903
swenable_memoryintensive_w6_1.json,2025-12-26T07:31:41.838700
SWenable_cpuintensive4.json,2025-12-11T07:02:09.136754
mlpdisable_mixed2.json,2026-02-16T23:58:23.549218
swenable_cpuintensive6.json,2025-12-11T15:07:08.630407
baseline_log_cpuintensive2.json,2025-08-05T20:17:46.108820
swenable_cpuintensive_w14_3.json,2025-12-28T15:43:05.283779
swenable_memoryintensive_w12_2.json,2025-12-28T14:30:25.410193
dvfs_log_cpuintensive3.json,2025-08-08T08:22:11.434231
swenable_cpuintensive_w12_2.json,2025-12-28T14:27:27.721128
mlpenable_cpuintensive3.json,2026-02-17T00:04:30.804973
swenable_cpuintensive_w12_1.json,2025-12-28T13:25:00.532735
swdisable_cpuintensive_w10_1.json,2025-12-28T08:53:31.628756
SWdisable_cpuintensive4.json,2025-12-11T07:10:56.745489
swenable_cpuintensive_w12_1.json,2025-12-28T13:27:27.619975
swdisable_memoryintensive_w10_1.json,2025-12-28T09:05:55.568442
baseline_log_cpuintensive.json,2025-07-31T23:02:23.954819
SWdisable_memoryintensive7.json,2025-12-11T20:56:34.673797
swdisable_cpuintensive_w12_1.json,2025-12-28T13:11:50.286808
mlpenable_memoryintensive.json,2025-11-22T23:37:54.305809
swenable_mixed_w14_1.json,2026-01-03T20:40:47.991650
swenable_cpuintensive_w6_3.json,2025-12-26T08:57:43.184504
mlpdisable_mixed2.json,2026-02-16T23:59:46.687173
mlp.json,2025-11-22T09:46:43.274212
swdisable_memoryintensive_w6_3.json,2025-12-26T08:51:38.244888
swdisable_mixed_w12_2.json,2026-01-03T19:20:39.024391
swdisable_mixed_w12_2.json,2026-01-03T19:19:55.159172
swdisable_memoryintensive_w6_2.json,2025-12-26T08:14:32.220189
mlpdisable_memoryintensive.json,2025-11-22T23:08:44.028751
swenable_mixed_w10_2.json,2026-01-03T18:59:48.524640
swenable_mixed_w4_1.json,2026-01-03T07:55:40.666223
SWdisable_memoryintensive8.json,2025-12-11T21:49:54.635213
baseline_log_cpuintensive2.json,2025-08-05T20:14:44.965465
SWenable_memoryintensive3.json,2025-12-11T06:10:38.357811
swdisable_memoryintensive_w6_3.json,2025-12-26T08:48:02.995020
mlp.json,2025-11-22T10:06:39.781427
SWdisable_memoryintensive8.json,2025-12-11T21:50:24.017145
swenable_cpuintensive_w6_2.json,2025-12-26T07:46:19.945119
swdisable_mixed_w10_1.json,2026-01-03T18:39:18.833501
swenable_cpuintensive_w6_3.json,2025-12-26T08:56:28.636832
swdisable_cpuintensive_w14_2.json,2025-12-28T19:38:09.490381
swdisable_cpuintensive_w10_2.json,2025-12-28T07:59:00.863007
mlpenable_cpuintensive3.json,2026-02-17T00:06:02.668283
swdisable_mixed_w4_1.json,2026-01-03T08:05:10.647353
swdisable_memoryintensive_w12_2.json,2025-12-28T14:47:54.809617
swdisable_cpuintensive_w10_3.json,2025-12-28T07:32:45.755404
mlp.json,2025-11-22T09:38:00.217793
baseline_log_cpuintensive2.json,2025-08-05T20:17:00.828300
swdisable_memoryintensive6.json,2025-12-11T15:40:56.392782
swdisable_cpuintensive_w14_1.json,2025-12-28T21:14:41.609593
swenable_mixed_w4_1.json,2026-01-03T07:58:40.333711
swdisable_memoryintensive_w4_1.json,2025-12-25T08:13:58.903162
mlpenable_memoryintensive.json,2025-11-22T23:40:50.846082
SWdisable_memoryintensive4.json,2025-12-11T09:06:04.447843
baseline_log_memoryintensive.json,2025-08-05T17:12:53.591454
swdisable_mixed_w14_2.json,2026-01-03T20:58:38.284564
swdisable_memoryintensive_w10_2.json,2025-12-28T08:03:47.917955
mlp.json,2025-11-22T10:12:28.937336
swenable_mixed_w8_2.json,2026-01-03T10:42:04.469901
swenable_cpuintensive6.json,2025-12-11T15:11:00.124509
swdisable_memoryintensive_w4_1.json,2025-12-25T08:16:19.584402
swdisable_memoryintensive_w12_3.json,2025-12-28T15:03:19.299583
mlpenable_cpuintensive2.json,2026-02-16T22:53:48.103008
baseline_log_cpuintensive.json,2025-07-31T22:58:58.016324
swdisable_cpuintensive_w10_3.json,2025-12-28T07:35:39.109530
swdisable_memoryintensive_w12_1.json,2025-12-28T13:15:47.776930
mlp.json,2025-11-22T10:08:40.443408
swenable_memoryintensive_w4_1.json,2025-12-25T08:27:34.312811
swenable_memoryintensive_w6_1.json,2025-12-26T07:32:30.279754
swenable_memoryintensive7.json,2025-12-11T20:48:23.654367
mlpenable_mixed2.json,2026-02-17T00:16:47.683801
swdisable_memoryintensive_w14_1.json,2025-12-28T21:21:59.819005
swdisable_memoryintensive6.json,2025-12-11T15:41:06.125132
swdisable_cpuintensive_4_3.json,2025-12-24T08:03:31.259158
swdisable_memoryintensive_w14_1.json,2025-12-28T21:22:04.655044
baseline_log_memoryintensive2.json,2025-08-05T19:24:53.507071
swdisable_mixed_w10_1.json,2026-01-03T18:38:29.901702
mlpdisable_cpuintensive2.json,2026-02-16T23:24:06.030712
dvfs_log_memoryintensive.json,2025-08-05T16:51:16.362526
swdisable_memoryintensive5.json,2025-12-11T12:41:40.414796
SWdisable_memoryintensive4.json,2025-12-11T09:06:14.083019
swenable_mixed_w14_2.json,2026-01-03T21:02:21.419269
mlpdisable_cpuintensive2.json,2026-02-16T23:21:38.604302
swenable_mixed_w8_1.json,2026-01-06T21:13:41.299113
SWdisable_memoryintensive4.json,2025-12-11T09:10:03.300809
SWenable_cpuintensive4.json,2025-12-11T07:01:05.762529
swdisable_cpuintensive_w14_3.json,2025-12-28T16:00:07.189619
swenable_cpuintensive6.json,2025-12-11T15:08:38.976156
SWdisable_cpuintensive4.json,2025-12-11T07:12:44.471210
swenable_memoryintensive_w6_2.json,2025-12-26T07:58:14.174106
dvfs_log_memoryintensive2.json,2025-08-05T19:32:41.543432
SWdisable_memoryintensive.json,2025-11-25T02:25:47.835151
swdisable_cpuintensive_w6_1.json,2025-12-26T07:08:34.774772
mlpenable_cpuintensive2.json,2026-02-16T22:54:44.734459
mlpdisable_mixed1.json,2026-02-16T23:33:57.225377
swdisable_memoryintensive_w4_1.json,2025-12-25T08:13:54.044561
swenable_cpuintensive_w6_2.json,2025-12-26T07:44:32.075361
swdisable_memoryintensive_w12_1.json,2025-12-28T13:20:06.517008
swdisable_memoryintensive_w12_2.json,2025-12-28T14:49:07.883138
swdisable_mixed_w14_2.json,2026-01-03T20:55:17.662119
swdisable_memoryintensive_w14_1.json,2025-12-28T21:20:18.290335
mlp.json,2025-11-22T09:52:41.034030
swdisable_mixed_w4_2.json,2026-01-03T08:23:01.081950
swenable_memoryintensive_w10_3.json,2025-12-28T07:28:05.293422
swenable_cpuintensive_w12_1.json,2025-12-28T13:26:51.803376
dvfs_log_memoryintensive2.json,2025-08-05T19:35:17.103184
swenable_cpuintensive_w4_1.json,2025-12-24T06:58:12.601863
baseline_log_memoryintensive3.json,2025-08-08T08:43:47.579379
swenable_memoryintensive_w6_1.json,2025-12-26T07:30:50.479891
mlpenable_mixed1.json,2026-02-16T23:13:04.563141
swdisable_cpuintensive_w14_3.json,2025-12-28T15:56:06.335569
swdisable_mixed_w12_1.json,2026-01-03T20:13:32.601524
swenable_mixed_w8_2.json,2026-01-03T10:40:41.749882
mlpdisable_cpuintensive.json,2025-11-22T15:31:17.997763
dvfs_log_cpuintensive2.json,2025-08-05T20:23:37.597126
swenable_memoryintensive_w4_2.json,2025-12-25T08:40:55.712563
swenable_cpuintensive_w12_1.json,2025-12-28T13:24:55.617587
SWenable_memoryintensive3.json,2025-12-11T06:07:29.536906
swenable_memoryintensive_w6_2.json,2025-12-26T07:59:32.343616
mlpdisable_memoryintensive.json,2025-11-22T23:13:10.626497
mlp.json,2025-11-22T09:45:20.274415
swdisable_cpuintensive_w4_1.json,2025-12-24T07:06:49.624621
SWdisable_cpuintensive8.json,2025-12-11T21:11:42.238801
swenable_memoryintensive_w14_2.json,2025-12-28T19:57:12.898022
SW-disable_cpuintensive3.json,2025-12-10T23:20:55.877401
swdisable_mixed_w6_1.json,2026-01-03T09:36:15.385997
swenable_cpuintensive_w10_3.json,2025-12-28T07:11:19.600678
mlpdisable_mixed1.json,2026-02-16T23:37:09.070608
swenable_mixed_w14_1.json,2026-01-03T20:39:23.730808
swenable_cpuintensive5.json,2025-12-11T11:39:00.554863
mlp.json,2025-11-22T10:14:44.131593
swenable_cpuintensive5.json,2025-12-11T11:38:55.923247
swdisable_mixed_w10_1.json,2026-01-03T18:40:07.268750
mlpdisable_memoryintensive2.json,2026-02-16T23:31:03.884957
swenable_cpuintensive7.json,2025-12-11T17:43:13.155046
SWdisable_cpuintensive8.json,2025-12-11T21:11:37.253628
mlp.json,2025-11-22T10:07:16.880394
swdisable_mixed_w14_2.json,2026-01-03T20:54:29.873659
swdisable_mixed_w4_2.json,2026-01-03T08:21:52.950079
SWdisable_memoryintensive8.json,2025-12-11T21:52:29.669170
baseline_log_memoryintensive.json,2025-08-05T17:13:51.466992
swenable_mixed_w6_2.json,2026-01-06T21:29:30.884405
swdisable_mixed_w14_1.json,2026-01-03T20:50:18.282030
swenable_memoryintensive_w4_1.json,2025-12-25T08:26:49.155919
swenable_cpuintensive5.json,2025-12-11T11:39:53.692142
swenable_memoryintensive_w14_3.json,2025-12-28T15:46:40.332414
swdisable_cpuintensive_w6_1.json,2025-12-26T07:04:42.608251
SWenable_cpuintensive.json,2025-11-25T02:57:31.569579
SWdisable_memoryintensive3.json,2025-12-11T06:01:10.734910
swdisable_memoryintensive_w6_1.json,2025-12-26T07:14:36.142625
swdisable_cpuintensive_w12_2.json,2025-12-28T14:39:50.795648
baseline_log_memoryintensive3.json,2025-08-08T08:40:08.584309
mlpenable_memoryintensive3.json,2026-02-17T00:10:56.597789
SWenable_cpuintensive8.json,2025-12-11T21:32:32.402906
dvfs_log_memoryintensive.json,2025-08-05T16:51:53.706141
mlpdisable_memoryintensive2.json,2026-02-16T23:31:18.693738
swdisable_cpuintensive_w14_1.json,2025-12-28T21:11:37.371901
swenable_mixed_w10_2.json,2026-01-03T19:03:42.287944
dvfs_log_memoryintensive2.json,2025-08-05T19:32:57.783509
swdisable_cpuintensive_w12_2.json,2025-12-28T14:39:02.043286
swdisable_cpuintensive_w10_1.json,2025-12-28T08:54:20.068383
dvfs_log_cpuIntensive.json,2025-07-31T23:55:48.802095
baseline_log_cpuintensive2.json,2025-08-05T20:18:08.756309
baseline_log_memoryintensive.json,2025-08-05T17:14:07.631270
swenable_cpuintensive_w6_2.json,2025-12-26T07:49:09.050551
swenable_memoryintensive8.json,2025-12-11T21:42:33.163184
swdisable_memoryintensive_w4_1.json,2025-12-25T08:18:09.477349
SWdisable_memoryintensive8.json,2025-12-11T21:50:43.005663
swdisable_mixed_w6_1.json,2026-01-03T09:38:21.816313
dvfs_log_cpuintensive2.json,2025-08-05T20:23:11.847723
mlenable_memoryintensive2.json,2026-02-16T23:06:46.498412
swdisable_cpuintensive_4_3.json,2025-12-24T08:06:40.991717
swenable_memoryintensive5.json,2025-12-11T12:53:38.856630
swdisable_memoryintensive_w6_2.json,2025-12-26T08:16:03.844363
swenable_mixed_w14_2.json,2026-01-03T21:00:42.636369
SW-enable_cpuintensive3.json,2025-12-10T23:07:38.950095
swdisable_mixed_w14_1.json,2026-01-03T20:49:48.933156
swenable_cpuintensive_w4_1.json,2025-12-24T06:57:57.577609
mlp.json,2025-11-22T09:44:20.680550
mlpdisable_cpuintensive2.json,2026-02-16T23:21:33.816077
swenable_cpuintensive_w12_2.json,2025-12-28T14:24:48.379770
swenable_cpuintensive_w14_3.json,2025-12-28T15:41:33.879067
SWdisable_memoryintensive3.json,2025-12-11T05:59:53.814674
swdisable_cpuintensive_w4_2.json,2025-12-24T07:16:03.106615
mlpenable_cpuintensive2.json,2026-02-16T22:54:35.634823
mlp.json,2025-11-22T10:17:17.833237
mlp.json,2025-11-22T09:50:03.034127
swenable_cpuintensive5.json,2025-12-11T11:41:32.652962
baseline_log_memoryintensive.json,2025-08-05T17:13:38.625408
SWdisable_cpuintensive8.json,2025-12-11T21:11:27.362896
swenable_memoryintensive5.json,2025-12-11T12:50:52.615342
swenable_mixed_w12_2.json,2026-01-03T19:11:00.552995
baseline_log_memoryintensive3.json,2025-08-08T08:41:05.661520
swenable_memoryintensive_w4_3.json,2025-12-25T09:06:41.522072
swenable_memoryintensive_w4_3.json,2025-12-25T09:08:04.660827
dvfs_log_cpuIntensive.json,2025-07-31T23:57:03.474261
swdisable_cpuintensive5.json,2025-12-11T11:48:23.590042
swenable_mixed_w6_1.json,2026-01-03T09:19:58.713128
swdisable_memoryintensive6.json,2025-12-11T15:39:19.473430
swdisable_cpuintensive5.json,2025-12-11T11:47:06.996428
swdisable_cpuintensive6.json,2025-12-11T13:27:31.458955
swenable_cpuintensive_w4_2.json,2025-12-24T07:21:09.506650
dvfs_log_cpuIntensive.json,2025-07-31T23:53:05.200960
swdisable_memoryintensive_w10_1.json,2025-12-28T09:05:50.716419
swenable_memoryintensive_w12_2.json,2025-12-28T14:32:48.845511
swdisable_cpuintensive_w14_2.json,2025-12-28T19:37:33.686538
dvfs_log_memoryintensive2.json,2025-08-05T19:35:04.101476
dvfs_log_memoryintensive.json,2025-08-05T16:51:57.099985
SWdisable_memoryintensive3.json,2025-12-11T06:01:29.809686
swdisable_cpuintensive_w10_2.json,2025-12-28T08:00:09.627097
swenable_memoryintensive_w4_3.json,2025-12-25T09:06:51.194883
swenable_cpuintensive_w4_1.json,2025-12-24T06:58:27.741268
swdisable_cpuintensive_w12_1.json,2025-12-28T13:10:21.936757
mlpdisable_cpuintensive3.json,2026-02-16T23:44:51.514831
swenable_cpuintensive_w10_3.json,2025-12-28T07:13:34.383678
SWenable_cpuintensive4.json,2025-12-11T06:59:34.792454
mlp.json,2025-11-22T09:44:06.944336
mlpenable_mixed2.json,2026-02-17T00:14:23.427223
swdisable_memoryintensive_w4_1.json,2025-12-25T08:18:23.883302
swdisable_cpuintensive_w6_3.json,2025-12-26T08:38:41.174997
SWdisable_memoryintensive2.json,2025-11-25T07:53:07.041631
swdisable_cpuintensive_w4_2.json,2025-12-24T07:18:19.330974
swenable_memoryintensive_w6_3.json,2025-12-26T09:03:55.821240
mlp.json,2025-11-22T10:07:39.974760
baseline_log_memoryintensive.json,2025-08-05T17:11:49.336713
swdisable_mixed_w10_1.json,2026-01-03T18:37:32.034819
mlpdisable_mixed2.json,2026-02-16T23:57:11.603049
swdisable_cpuintensive_w4_1.json,2025-12-24T07:05:56.386047
dvfs_log_cpuintensive3.json,2025-08-08T08:19:32.228594
mlpenable_memoryintensive3.json,2026-02-17T00:09:42.647313
swdisable_memoryintensive_w6_2.json,2025-12-26T08:18:55.330722
swenable_mixed_w12_2.json,2026-01-03T19:15:41.754412
swdisable_cpuintensive_w10_2.json,2025-12-28T07:58:02.782682
swenable_cpuintensive_w10_2.json,2025-12-28T08:24:24.153782
swenable_mixed_w14_2.json,2026-01-03T21:00:31.128801
mlpdisable_mixed2.json,2026-02-16T23:56:23.296712
mlpdisable_cpuintensive.json,2025-11-22T15:29:39.422135
swdisable_mixed_w14_2.json,2026-01-03T20:58:23.462577
mlpenable_memoryintensive3.json,2026-02-17T00:10:10.520334
mlpdisable_cpuintensive2.json,2026-02-16T23:22:21.302863
SWdisable_memoryintensive2.json,2025-11-25T07:52:33.730037
SWenable_memoryintensive2.json,2025-11-25T08:01:19.289133
swenable_cpuintensive_w12_3.json,2025-12-28T15:12:00.886530
swenable_cpuintensive_w10_3.json,2025-12-28T07:12:26.985981
swenable_memoryintensive_w14_1.json,2025-12-28T21:04:40.163870
mlp.json,2025-11-22T10:12:56.723369
swenable_memoryintensive_w6_2.json,2025-12-26T07:57:43.439029
swdisable_memoryintensive_w6_2.json,2025-12-26T08:18:00.902296
baseline_log_memoryintensive3.json,2025-08-08T08:43:03.520379
mlpdisable_mixed2.json,2026-02-16T23:56:42.623944
swenable_memoryintensive_w14_3.json,2025-12-28T15:48:19.145553
SWdisable_cpuintensive8.json,2025-12-11T21:13:48.809414
dvfs_log_memoryintensive3.json,2025-08-08T08:47:46.372448
SWenable_memoryintensive4.json,2025-12-11T08:59:40.528809
baseline_log_cpuintensive3.json,2025-08-08T08:28:54.404536
SWenable_cpuintensive8.json,2025-12-11T21:32:38.086000
mlpdisable_memoryintensive3.json,2026-02-16T23:47:40.901787
swenable_cpuintensive5.json,2025-12-11T11:42:29.435882
swenable_memoryintensive_w12_2.json,2025-12-28T14:32:06.340123
swenable_cpuintensive_w12_2.json,2025-12-28T14:23:19.685344
swdisable_cpuintensive5.json,2025-12-11T11:49:12.214501
swenable_cpuintensive_w12_1.json,2025-12-28T13:24:25.385863
mlp.json,2025-11-22T09:36:42.679707
SW-enable_cpuintensive3.json,2025-12-10T23:09:56.368254
swenable_memoryintensive_w6_3.json,2025-12-26T09:05:16.079459
swenable_cpuintensive_w12_2.json,2025-12-28T14:25:07.253635
baseline_log_cpuintensive.json,2025-07-31T23:01:26.011742
mlp.json,2025-11-22T09:39:56.517440
swenable_memoryintensive_w14_3.json,2025-12-28T15:49:45.889677
swenable_memoryintensive_w6_3.json,2025-12-26T09:05:56.105932
swenable_memoryintensive_w6_1.json,2025-12-26T07:34:20.070391
mlp.json,2025-11-22T10:16:59.488298
swdisable_mixed_w12_1.json,2026-01-03T20:11:20.104327
swdisable_mixed_w8_2.json,2026-01-03T10:10:58.467857
baseline_log_cpuintensive2.json,2025-08-05T20:17:13.808573
mlpenable_cpuintensive2.json,2026-02-16T22:53:10.899758
mlpdisable_mixed2.json,2026-02-17T00:00:01.107179
baseline_log_memoryintensive2.json,2025-08-05T19:26:14.308093
swdisable_cpuintensive_w14_2.json,2025-12-28T19:37:18.404080
swenable_memoryintensive_w12_3.json,2025-12-28T15:20:50.584447
swenable_cpuintensive_w14_1.json,2025-12-28T21:00:33.881987
swenable_memoryintensive_w10_2.json,2025-12-28T08:29:32.890815
swdisable_memoryintensive_w14_1.json,2025-12-28T21:23:58.344700
swdisable_mixed_w12_2.json,2026-01-03T19:20:24.630315
mlpdisable_cpuintensive3.json,2026-02-16T23:44:41.697857
swdisable_memoryintensive_w12_3.json,2025-12-28T15:07:08.466984
swdisable_cpuintensive_w12_3.json,2025-12-28T14:59:10.120018
swenable_cpuintensive_w14_1.json,2025-12-28T21:02:24.711606
swdisable_memoryintensive_w14_3.json,2025-12-28T16:04:46.485787
mlpenable_mixed2.json,2026-02-17T00:17:20.001318
swdisable_cpuintensive5.json,2025-12-11T11:49:41.446183
mlpdisable_cpuintensive3.json,2026-02-16T23:45:55.612751
swenable_mixed_w4_2.json,2026-01-03T08:31:19.866341
swenable_memoryintensive_w4_2.json,2025-12-25T08:41:56.735391
baseline_log_cpuintensive3.json,2025-08-08T08:26:36.106480
baseline_log_memoryintensive3.json,2025-08-08T08:41:32.624228
mlp.json,2025-11-22T09:46:38.676257
swenable_memoryintensive_w6_2.json,2025-12-26T07:55:33.901130
baseline_log_memoryintensive2.json,2025-08-05T19:26:17.675095
dvfs_log_memoryintensive3.json,2025-08-08T08:47:09.382312
swdisable_cpuintensive_w10_2.json,2025-12-28T07:59:45.095834
swenable_cpuintensive_w14_1.json,2025-12-28T21:00:18.356639
swdisable_cpuintensive_w14_3.json,2025-12-28T15:56:44.893273
swdisable_mixed_w10_2.json,2026-01-03T18:45:54.620654
SWenable_memoryintensive2.json,2025-11-25T08:00:24.135836
swenable_mixed_w8_1.json,2026-01-06T21:14:36.425548
mlp.json,2025-11-22T09:51:21.937954
swenable_memoryintensive_w12_2.json,2025-12-28T14:34:24.969116
swenable_cpuintensive_w12_2.json,2025-12-28T14:22:40.831514
swenable_memoryintensive8.json,2025-12-11T21:40:55.503392
swenable_cpuintensive_w14_3.json,2025-12-28T15:40:09.531780
swdisable_memoryintensive5.json,2025-12-11T12:42:51.211510
mlpdisable_memoryintensive2.json,2026-02-16T23:28:15.345093
swenable_mixed_w10_2.json,2026-01-03T19:03:19.920299
swenable_memoryintensive_w12_2.json,2025-12-28T14:30:42.274243
SWdisable_memoryintensive3.json,2025-12-11T06:02:28.376014
swenable_memoryintensive_w4_2.json,2025-12-25T08:40:25.511974
dvfs_log_cpuintensive2.json,2025-08-05T20:25:36.829973
swdisable_cpuintensive_w10_1.json,2025-12-28T08:53:41.241091
swdisable_memoryintensive_w12_1.json,2025-12-28T13:19:46.694251
SWdisable_memoryintensive.json,2025-11-25T02:25:22.775889
swdisable_mixed_w10_1.json,2026-01-03T18:42:09.161268
swdisable_memoryintensive_w14_3.json,2025-12-28T16:02:33.268732
swenable_mixed_w12_1.json,2026-01-03T20:20:00.892802
swenable_memoryintensive_w14_1.json,2025-12-28T21:08:34.562657
swdisable_memoryintensive_w10_2.json,2025-12-28T08:08:13.832561
swenable_memoryintensive_w12_1.json,2025-12-28T13:35:03.123180
mlp.json,2025-11-22T10:14:16.103533
baseline_log_memoryintensive2.json,2025-08-05T19:24:34.075065
SW-disable_cpuintensive3.json,2025-12-10T23:19:03.339206
swenable_cpuintensive_w4_3.json,2025-12-24T07:58:00.211022
swenable_mixed_w10_1.json,2026-01-03T18:22:09.100785
swdisable_mixed_w14_1.json,2026-01-03T20:51:02.283694
swdisable_cpuintensive5.json,2025-12-11T11:46:32.769854
swdisable_cpuintensive6.json,2025-12-11T13:23:39.248396
baseline_log_memoryintensive2.json,2025-08-05T19:24:04.824982
swdisable_memoryintensive_w6_3.json,2025-12-26T08:47:48.695037
mlp.json,2025-11-22T09:35:39.574434
swdisable_memoryintensive_w4_3.json,2025-12-25T08:59:47.789548
SWenable_memoryintensive2.json,2025-11-25T08:04:41.912940
swenable_mixed_w12_1.json,2026-01-03T20:17:15.540999
mlpenable_mixed1.json,2026-02-16T23:16:26.493014
swenable_cpuintensive_w6_2.json,2025-12-26T07:47:11.453069
swdisable_mixed_w6_2.json,2026-01-03T08:40:12.637625
mlp.json,2025-11-22T09:41:20.230023
swdisable_mixed_w12_1.json,2026-01-03T20:13:12.682654
swdisable_cpuintensive_w10_2.json,2025-12-28T08:01:37.635766
SWdisable_memoryintensive3.json,2025-12-11T06:00:41.675398
swenable_mixed_w12_2.json,2026-01-03T19:12:00.464845
swdisable_mixed_w4_1.json,2026-01-03T08:02:49.411792
SWdisable_memoryintensive3.json,2025-12-11T06:01:01.189943
dvfs_log_cpuintensive2.json,2025-08-05T20:22:23.594819
SWdisable_cpuintensive4.json,2025-12-11T07:09:19.134617
swdisable_cpuintensive_w14_2.json,2025-12-28T19:38:44.879112
swenable_memoryintensive8.json,2025-12-11T21:40:08.827143
swenable_memoryintensive_w12_1.json,2025-12-28T13:32:32.098194
swenable_mixed_w4_1.json,2026-01-03T07:54:52.801083
dvfs_log_memoryintensive.json,2025-08-05T16:52:07.060112
swdisable_cpuintensive5.json,2025-12-11T11:50:54.335901
dvfs_log_cpuintensive3.json,2025-08-08T08:19:39.143620
dvfs_log_cpuIntensive.json,2025-07-31T23:54:34.963859
swdisable_memoryintensive_w12_3.json,2025-12-28T15:04:07.011132
mlpdisable_mixed1.json,2026-02-16T23:38:02.277069
swenable_mixed_w4_1.json,2026-01-03T07:57:07.684711
swenable_cpuintensive_w10_2.json,2025-12-28T08:23:23.235957
swdisable_cpuintensive_w12_1.json,2025-12-28T13:13:09.739083
mlp.json,2025-11-22T09:36:28.904057
swdisable_mixed_w10_1.json,2026-01-03T18:39:23.581096
swdisable_mixed_w10_2.json,2026-01-03T18:49:14.569003
swdisable_cpuintensive_w12_3.json,2025-12-28T15:01:23.292031
dvfs_log_memoryintensive3.json,2025-08-08T08:49:54.570900
swdisable_mixed_w14_1.json,2026-01-03T20:50:28.029182
swdisable_memoryintensive_w14_1.json,2025-12-28T21:22:53.922093
baseline_log_cpuintensive2.json,2025-08-05T20:14:54.665288
SWenable_memoryintensive2.json,2025-11-25T08:03:56.180225
swenable_memoryintensive_w10_3.json,2025-12-28T07:27:45.208142
swdisable_cpuintensive_w14_1.json,2025-12-28T21:14:31.411728
swenable_memoryintensive_w4_2.json,2025-12-25T08:40:45.970614
swdisable_cpuintensive6.json,2025-12-11T13:24:30.480808
swenable_cpuintensive_w4_1.json,2025-12-24T06:59:48.874226
swdisable_memoryintensive_w4_3.json,2025-12-25T09:01:54.641592
baseline_log_cpuintensive3.json,2025-08-08T08:25:23.066394
mlpenable_memoryintensive.json,2025-11-22T23:37:03.245675
mlpenable_cpuintensive3.json,2026-02-17T00:01:39.913730
swenable_mixed_w12_2.json,2026-01-03T19:15:30.440827
dvfs_log_cpuintensive2.json,2025-08-05T20:25:10.981375
baseline_log_cpuintensive2.json,2025-08-05T20:16:54.380621
mlp.json,2025-11-22T09:46:06.343972
swenable_memoryintensive_w10_1.json,2025-12-28T08:48:00.773592
SWdisable_cpuintensive4.json,2025-12-11T07:08:45.516541
swdisable_memoryintensive_w6_3.json,2025-12-26T08:50:54.230585
swdisable_mixed_w4_2.json,2026-01-03T08:24:14.739164
swenable_cpuintensive_w10_2.json,2025-12-28T08:24:55.157505
swdisable_cpuintensive_w12_2.json,2025-12-28T14:42:17.294669
swenable_cpuintensive_w4_3.json,2025-12-24T07:56:21.688030
swenable_cpuintensive_w14_1.json,2025-12-28T21:02:29.821820
swdisable_memoryintensive_w12_2.json,2025-12-28T14:45:33.301357
swdisable_mixed_w14_1.json,2026-01-03T20:47:13.570358
dvfs_log_cpuIntensive.json,2025-07-31T23:53:08.616947
dvfs_log_cpuintensive3.json,2025-08-08T08:19:25.527996
SWenable_memoryintensive2.json,2025-11-25T08:00:48.860948
swenable_mixed_w10_2.json,2026-01-03T19:00:37.776684
mlpenable_mixed2.json,2026-02-17T00:18:29.874112
SWenable_memoryintensive3.json,2025-12-11T06:07:44.708548
swenable_mixed_w4_1.json,2026-01-03T07:56:45.405458
swdisable_cpuintensive_w14_3.json,2025-12-28T15:59:41.560704
swenable_memoryintensive_w12_1.json,2025-12-28T13:34:52.770808
swenable_memoryintensive_w12_3.json,2025-12-28T15:21:02.512774
swdisable_memoryintensive_w10_1.json,2025-12-28T09:02:39.734373
dvfs_log_memoryintensive3.json,2025-08-08T08:50:31.999277
dvfs_log_cpuIntensive.json,2025-07-31T23:53:11.874797
swdisable_memoryintensive_w4_3.json,2025-12-25T09:02:19.046566
swdisable_cpuintensive5.json,2025-12-11T11:49:31.893393
swdisable_memoryintensive_w4_3.json,2025-12-25T08:59:13.363379
swdisable_cpuintensive_w4_2.json,2025-12-24T07:16:36.626378
swdisable_memoryintensive_w14_3.json,2025-12-28T16:03:07.337653
swenable_cpuintensive_w14_3.json,2025-12-28T15:39:55.333993
swdisable_memoryintensive_w14_2.json,2025-12-28T19:44:51.286067
swenable_mixed_w8_2.json,2026-01-03T10:43:08.745052
swdisable_memoryintensive_w4_3.json,2025-12-25T09:02:28.801701
baseline_log_cpuintensive2.json,2025-08-05T20:14:28.923907
mlp.json,2025-11-22T10:12:24.353499
swdisable_cpuintensive_w12_2.json,2025-12-28T14:38:46.616016
swenable_mixed_w12_2.json,2026-01-03T19:10:54.813892
swdisable_mixed_w12_2.json,2026-01-03T19:23:37.642666
swdisable_memoryintensive_w6_2.json,2025-12-26T08:15:40.035397
mlp.json,2025-11-22T09:45:38.704079
swdisable_mixed_w14_1.json,2026-01-03T20:51:07.331773
SWdisable_cpuintensive7.json,2025-12-11T17:36:11.964235
swdisable_memoryintensive_w14_1.json,2025-12-28T21:21:25.232786
mlpdisable_memoryintensive3.json,2026-02-16T23:49:28.108296
swenable_memoryintensive_w12_1.json,2025-12-28T13:35:28.529324
swdisable_cpuintensive_4_3.json,2025-12-24T08:07:39.712379
swdisable_mixed_w14_2.json,2026-01-03T20:57:59.270309
swdisable_mixed_w14_2.json,2026-01-03T20:56:40.577121
mlenable_memoryintensive2.json,2026-02-16T23:10:09.897887
swdisable_mixed_w4_2.json,2026-01-03T08:22:51.624811
mlpdisable_mixed2.json,2026-02-16T23:55:54.797743
swdisable_mixed_w10_1.json,2026-01-03T18:40:55.899096
mlp.json,2025-11-22T10:07:58.673713
mlpenable_mixed2.json,2026-02-17T00:16:29.224599
mlpenable_memoryintensive.json,2025-11-22T23:38:45.165751
SWdisable_cpuintensive8.json,2025-12-11T21:12:16.568220
swdisable_memoryintensive_w14_3.json,2025-12-28T16:06:15.272660
swdisable_memoryintensive_w12_3.json,2025-12-28T15:03:33.692216
swdisable_memoryintensive_w6_1.json,2025-12-26T07:15:09.880976
mlpdisable_memoryintensive2.json,2026-02-16T23:29:27.331101
swenable_cpuintensive_w14_3.json,2025-12-28T15:40:42.402469
swdisable_mixed_w6_1.json,2026-01-03T09:37:27.835479
mlpenable_memoryintensive3.json,2026-02-17T00:10:19.748940
baseline_log_memoryintensive2.json,2025-08-05T19:25:29.047067
swenable_memoryintensive_w4_2.json,2025-12-25T08:41:21.261661
swenable_cpuintensive_w12_3.json,2025-12-28T15:10:21.699271
SWdisable_memoryintensive2.json,2025-11-25T07:53:21.826988
dvfs_log_memoryintensive.json,2025-08-05T16:51:09.626251
swdisable_cpuintensive_w14_2.json,2025-12-28T19:37:49.308125
mlpenable_mixed2.json,2026-02-17T00:17:57.090347
dvfs_log_cpuintensive3.json,2025-08-08T08:22:21.851665
dvfs_log_cpuintensive2.json,2025-08-05T20:22:36.469866
SWenable_cpuintensive8.json,2025-12-11T21:27:39.318306
swenable_cpuintensive_w6_2.json,2025-12-26T07:48:19.714721
swenable_memoryintensive_w6_3.json,2025-12-26T09:06:42.487932
swdisable_cpuintensive_w4_2.json,2025-12-24T07:17:44.969829
SWdisable_cpuintensive8.json,2025-12-11T21:11:12.535843
mlp.json,2025-11-22T09:40:42.878908
swenable_cpuintensive_w12_3.json,2025-12-28T15:10:54.334333
swdisable_cpuintensive_w6_1.json,2025-12-26T07:08:54.492281
swenable_memoryintensive_w6_1.json,2025-12-26T07:31:10.499680
mlenable_memoryintensive2.json,2026-02-16T23:07:15.029710
swenable_memoryintensive_w14_1.json,2025-12-28T21:05:37.769798
swdisable_mixed_w14_1.json,2026-01-03T20:49:19.763939
SWdisable_memoryintensive4.json,2025-12-11T09:07:55.790013
mlpenable_memoryintensive.json,2025-11-22T23:39:03.446026
swdisable_memoryintensive_w4_1.json,2025-12-25T08:14:57.827460
swdisable_cpuintensive_w14_1.json,2025-12-28T21:14:26.405299
baseline_log_memoryintensive3.json,2025-08-08T08:42:56.742793
swdisable_memoryintensive_w14_2.json,2025-12-28T19:46:09.145749
baseline_log_cpuintensive3.json,2025-08-08T08:25:29.853308
mlpdisable_cpuintensive3.json,2026-02-16T23:45:40.726253
swenable_memoryintensive_w14_1.json,2025-12-28T21:06:46.800636
swenable_memoryintensive_w6_1.json,2025-12-26T07:33:05.736697
SWenable_cpuintensive.json,2025-11-25T02:56:45.205466
swenable_memoryintensive_w6_1.json,2025-12-26T07:34:49.386022
swdisable_memoryintensive_w4_3.json,2025-12-25T09:00:45.372872
mlpenable_memoryintensive.json,2025-11-22T23:38:36.127802
mlpenable_cpuintensive.json,2025-11-22T15:10:25.074762
swenable_memoryintensive_w10_2.json,2025-12-28T08:32:06.193403
swdisable_memoryintensive_w4_3.json,2025-12-25T08:58:40.401974
swenable_memoryintensive_w14_2.json,2025-12-28T19:57:37.000887
baseline_log_memoryintensive2.json,2025-08-05T19:26:59.805909
swdisable_cpuintensive_w14_3.json,2025-12-28T15:59:31.289924
swenable_memoryintensive_w14_2.json,2025-12-28T19:59:30.314450
baseline_log_cpuintensive2.json,2025-08-05T20:18:44.400463
swenable_memoryintensive_w10_2.json,2025-12-28T08:29:58.050540
swdisable_mixed_w10_2.json,2026-01-03T18:46:43.098494
mlpenable_cpuintensive.json,2025-11-22T15:08:14.180257
mlp.json,2025-11-22T09:42:52.864076
swdisable_mixed_w10_1.json,2026-01-03T18:41:49.237906
swenable_memoryintensive_w6_1.json,2025-12-26T07:32:55.872048
SWdisable_memoryintensive3.json,2025-12-11T06:00:07.938128
SWdisable_memoryintensive4.json,2025-12-11T09:08:15.795717
swenable_cpuintensive_w14_1.json,2025-12-28T21:01:39.413839
mlpdisable_mixed2.json,2026-02-16T23:59:22.333924
mlp.json,2025-11-22T10:10:37.003396
swenable_memoryintensive_w6_1.json,2025-12-26T07:34:37.712963
dvfs_log_cpuIntensive.json,2025-07-31T23:54:08.415047
SWdisable_memoryintensive4.json,2025-12-11T09:08:20.568929
swdisable_cpuintensive_w10_2.json,2025-12-28T07:56:40.243097
mlp.json,2025-11-22T09:53:45.664092
swenable_memoryintensive_w12_2.json,2025-12-28T14:33:09.092680
mlpdisable_mixed2.json,2026-02-16T23:57:02.035845
swdisable_memoryintensive_w4_1.json,2025-12-25T08:16:09.812430
SWdisable_memoryintensive8.json,2025-12-11T21:50:19.276932
mlenable_memoryintensive2.json,2026-02-16T23:07:52.477066
swenable_cpuintensive_w4_2.json,2025-12-24T07:23:37.010987
swdisable_cpuintensive_w10_3.json,2025-12-28T07:34:16.392018
swdisable_cpuintensive_w14_2.json,2025-12-28T19:36:29.786531
dvfs_log_cpuintensive3.json,2025-08-08T08:18:55.393965
swdisable_memoryintensive_w10_2.json,2025-12-28T08:06:11.434725
swdisable_memoryintensive_w12_2.json,2025-12-28T14:45:52.238096
swenable_cpuintensive_w4_1.json,2025-12-24T06:57:18.246432
SWdisable_memoryintensive.json,2025-11-25T02:26:02.215616
SWenable_cpuintensive8.json,2025-12-11T21:31:14.184945
swenable_memoryintensive_w10_1.json,2025-12-28T08:45:26.970686
mlpdisable_cpuintensive.json,2025-11-22T15:27:17.215780
mlpdisable_mixed1.json,2026-02-16T23:36:20.841270
swdisable_memoryintensive_w12_3.json,2025-12-28T15:05:00.833323
baseline_log_memoryintensive3.json,2025-08-08T08:40:12.163204
swenable_mixed_w10_1.json,2026-01-03T18:23:36.062687
swenable_memoryintensive_w14_1.json,2025-12-28T21:06:32.169793
swenable_mixed_w4_1.json,2026-01-03T07:55:56.708913
SWdisable_cpuintensive8.json,2025-12-11T21:13:00.358760
swdisable_memoryintensive_w10_2.json,2025-12-28T08:07:29.773972
SWenable_cpuintensive4.json,2025-12-11T07:03:14.447240
SWenable_cpuintensive8.json,2025-12-11T21:30:34.613713
mlp.json,2025-11-22T09:59:14.636558
mlpdisable_mixed2.json,2026-02-16T23:56:52.305432
dvfs_log_memoryintensive3.json,2025-08-08T08:47:23.159232
swdisable_mixed_w14_2.json,2026-01-03T20:57:09.759591
swenable_mixed_w10_1.json,2026-01-03T18:23:59.864021
mlp.json,2025-11-22T10:06:30.523798
swdisable_cpuintensive_w12_1.json,2025-12-28T13:10:17.221814
swdisable_memoryintensive_w10_2.json,2025-12-28T08:06:55.390398
swenable_mixed_w4_1.json,2026-01-03T07:56:50.519100
swdisable_mixed_w10_1.json,2026-01-03T18:40:36.153392
swdisable_cpuintensive_w6_2.json,2025-12-26T08:09:03.875471
swdisable_mixed_w14_2.json,2026-01-03T20:56:26.101655
SWdisable_cpuintensive7.json,2025-12-11T17:36:36.770009
mlenable_memoryintensive2.json,2026-02-16T23:10:48.054106
swenable_memoryintensive_w6_2.json,2025-12-26T07:56:34.835668
SWdisable_memoryintensive2.json,2025-11-25T07:53:41.540617
swdisable_memoryintensive_w14_1.json,2025-12-28T21:22:58.872431
baseline_log_memoryintensive.json,2025-08-05T17:09:40.639409
dvfs_log_memoryintensive.json,2025-08-05T16:53:34.712005
swdisable_memoryintensive_w10_3.json,2025-12-28T07:43:43.437384
SWdisable_memoryintensive8.json,2025-12-11T21:48:32.833099
SW-disable_cpuintensive3.json,2025-12-10T23:19:56.796784
baseline_log_memoryintensive2.json,2025-08-05T19:25:54.814808
dvfs_log_cpuintensive2.json,2025-08-05T20:22:17.148998
mlp.json,2025-11-22T10:16:31.523295
dvfs_log_memoryintensive.json,2025-08-05T16:52:57.622079
dvfs_log_memoryintensive.json,2025-08-05T16:52:30.710484
dvfs_log_memoryintensive2.json,2025-08-05T19:33:10.623482
mlpenable_cpuintensive2.json,2026-02-16T22:53:25.017435
swdisable_memoryintensive5.json,2025-12-11T12:41:07.117301
mlp.json,2025-11-22T09:53:50.398835
swdisable_memoryintensive_w6_3.json,2025-12-26T08:51:33.466338
swenable_mixed_w6_1.json,2026-01-03T09:20:16.318737
swenable_cpuintensive_w4_2.json,2025-12-24T07:21:52.630976
dvfs_log_memoryintensive2.json,2025-08-05T19:34:22.073574
mlpenable_memoryintensive.json,2025-11-22T23:41:23.736007
swdisable_mixed_w4_1.json,2026-01-03T08:06:38.157738
swdisable_memoryintensive5.json,2025-12-11T12:40:57.842653
swenable_memoryintensive_w14_3.json,2025-12-28T15:47:22.526328
dvfs_log_cpuIntensive.json,2025-07-31T23:55:08.727138
swdisable_mixed_w8_2.json,2026-01-03T10:10:05.095707
baseline_log_memoryintensive2.json,2025-08-05T19:23:06.456864
swdisable_memoryintensive6.json,2025-12-11T15:43:02.628954
swenable_mixed_w8_1.json,2026-01-06T21:12:33.822046
swdisable_memoryintensive_w10_3.json,2025-12-28T07:45:22.136516
swdisable_cpuintensive_w6_1.json,2025-12-26T07:05:42.053327
swdisable_cpuintensive_w10_1.json,2025-12-28T08:56:13.010534
mlpenable_cpuintensive.json,2025-11-22T15:08:00.150180
SWdisable_memoryintensive3.json,2025-12-11T06:00:32.279303
swenable_cpuintensive_w10_3.json,2025-12-28T07:13:48.333918
mlpdisable_cpuintensive.json,2025-11-22T15:29:06.745803
SWdisable_memoryintensive3.json,2025-12-11T05:59:15.220949
swenable_memoryintensive_w6_1.json,2025-12-26T07:31:47.417161
swenable_memoryintensive_w4_2.json,2025-12-25T08:39:13.861936
swenable_mixed_w6_1.json,2026-01-03T09:20:44.917719
mlp.json,2025-11-22T10:00:00.740015
swdisable_cpuintensive_w4_1.json,2025-12-24T07:06:15.244240
SWenable_cpuintensive8.json,2025-12-11T21:29:37.706272
swdisable_cpuintensive_w6_3.json,2025-12-26T08:39:57.843277
swdisable_cpuintensive_w4_2.json,2025-12-24T07:17:01.070474
swdisable_mixed_w4_2.json,2026-01-03T08:22:07.752426
SWdisable_cpuintensive4.json,2025-12-11T07:11:55.055206
mlp.json,2025-11-22T10:00:05.504995
swenable_cpuintensive7.json,2025-12-11T17:41:03.799644
swdisable_memoryintensive5.json,2025-12-11T12:42:32.376124
swdisable_mixed_w6_1.json,2026-01-03T09:36:49.166330
mlpdisable_memoryintensive3.json,2026-02-16T23:48:25.384492
swenable_cpuintensive_w12_1.json,2025-12-28T13:23:11.533741
baseline_log_cpuintensive.json,2025-07-31T22:59:49.477036
swenable_memoryintensive_w4_3.json,2025-12-25T09:08:09.397195
swdisable_cpuintensive_w6_1.json,2025-12-26T07:08:44.610944
swenable_cpuintensive_w12_1.json,2025-12-28T13:22:47.513983
dvfs_log_memoryintensive3.json,2025-08-08T08:47:59.940262
swdisable_cpuintensive_w4_2.json,2025-12-24T07:16:17.148855
swenable_mixed_w4_2.json,2026-01-03T08:30:06.369911
swenable_cpuintensive_w14_2.json,2025-12-28T19:53:24.083932
dvfs_log_memoryintensive2.json,2025-08-05T19:34:41.532697
swdisable_cpuintensive_w12_2.json,2025-12-28T14:42:07.529860
dvfs_log_memoryintensive3.json,2025-08-08T08:51:36.966439
baseline_log_memoryintensive3.json,2025-08-08T08:40:42.279528
baseline_log_cpuintensive2.json,2025-08-05T20:14:15.808053
swdisable_memoryintensive_w14_3.json,2025-12-28T16:05:54.524126
mlpenable_memoryintensive3.json,2026-02-17T00:08:51.678383
swenable_cpuintensive_w10_3.json,2025-12-28T07:13:18.988527
SWdisable_memoryintensive8.json,2025-12-11T21:52:48.950882
SWdisable_cpuintensive4.json,2025-12-11T07:08:40.811813
mlp.json,2025-11-22T10:19:03.663522
mlpdisable_memoryintensive.json,2025-11-22T23:10:31.610811
swdisable_mixed_w12_1.json,2026-01-03T20:11:58.928576
SWdisable_cpuintensive7.json,2025-12-11T17:35:13.475686
dvfs_log_cpuintensive3.json,2025-08-08T08:20:09.572649
dvfs_log_cpuintensive2.json,2025-08-05T20:24:58.037111
swenable_memoryintensive5.json,2025-12-11T12:53:13.461885
swenable_cpuintensive_w10_1.json,2025-12-28T08:41:16.591161
swdisable_mixed_w14_1.json,2026-01-03T20:48:46.011208
swdisable_cpuintensive_w4_1.json,2025-12-24T07:06:40.160856
swenable_memoryintensive_w4_1.json,2025-12-25T08:29:09.595362
swdisable_mixed_w12_1.json,2026-01-03T20:12:23.458137
baseline_log_memoryintensive3.json,2025-08-08T08:40:38.957162
mlp.json,2025-11-22T10:20:54.303609
swenable_cpuintensive_w4_3.json,2025-12-24T07:56:01.201480
swdisable_memoryintensive_w6_2.json,2025-12-26T08:15:54.418438
mlp.json,2025-11-22T09:36:15.371782
swdisable_cpuintensive_w6_3.json,2025-12-26T08:41:05.939265
swdisable_cpuintensive_w4_1.json,2025-12-24T07:09:12.590182
dvfs_log_memoryintensive3.json,2025-08-08T08:50:18.274810
swdisable_memoryintensive_w6_1.json,2025-12-26T07:17:56.340071
mlpenable_cpuintensive2.json,2026-02-16T22:53:34.090271
swenable_mixed_w14_1.json,2026-01-03T20:41:47.889139
SWenable_cpuintensive4.json,2025-12-11T06:59:39.921508
dvfs_log_memoryintensive.json,2025-08-05T16:51:19.672039
swdisable_cpuintensive_w12_2.json,2025-12-28T14:41:33.492269
mlpdisable_memoryintensive3.json,2026-02-16T23:51:09.663450
swenable_memoryintensive_w12_1.json,2025-12-28T13:35:44.101307
swdisable_mixed_w12_1.json,2026-01-03T20:13:52.317642
swdisable_memoryintensive_w12_1.json,2025-12-28T13:17:18.239801
swdisable_cpuintensive_w6_1.json,2025-12-26T07:08:19.913541
swenable_mixed_w10_2.json,2026-01-03T19:02:55.815016
swdisable_memoryintensive_w10_2.json,2025-12-28T08:07:04.930029
swdisable_cpuintensive_w12_1.json,2025-12-28T13:12:49.551708
swdisable_cpuintensive_w6_2.json,2025-12-26T08:06:28.393454
swdisable_mixed_w8_1.json,2026-01-03T11:07:07.364956
swdisable_cpuintensive_w10_1.json,2025-12-28T08:55:33.721692
swenable_mixed_w10_2.json,2026-01-03T19:04:08.193296
SWdisable_memoryintensive7.json,2025-12-11T20:57:56.981436
swdisable_mixed_w4_2.json,2026-01-03T08:22:22.186857
swdisable_cpuintensive_w10_3.json,2025-12-28T07:33:42.849335
swenable_memoryintensive_w6_1.json,2025-12-26T07:32:13.644447
mlpdisable_cpuintensive3.json,2026-02-16T23:44:56.353089
SWdisable_memoryintensive8.json,2025-12-11T21:51:50.708206
baseline_log_cpuintensive3.json,2025-08-08T08:28:47.684270
swdisable_cpuintensive_w10_1.json,2025-12-28T08:53:02.646985
mlp.json,2025-11-22T10:22:35.614328
SWdisable_memoryintensive4.json,2025-12-11T09:08:25.338449
swenable_cpuintensive5.json,2025-12-11T11:39:35.880318
dvfs_log_memoryintensive2.json,2025-08-05T19:34:15.654398
swenable_memoryintensive_w14_2.json,2025-12-28T19:57:47.122937
mlpenable_cpuintensive3.json,2026-02-17T00:03:18.500174
baseline_log_memoryintensive3.json,2025-08-08T08:42:39.892800
SWdisable_cpuintensive8.json,2025-12-11T21:14:03.287075
mlpdisable_mixed2.json,2026-02-16T23:55:45.230146
swenable_cpuintensive_w10_3.json,2025-12-28T07:14:45.674244
mlp.json,2025-11-22T09:48:34.844217
swdisable_memoryintensive_w10_3.json,2025-12-28T07:43:19.388253
swdisable_mixed_w12_2.json,2026-01-03T19:20:04.589719
SWenable_cpuintensive8.json,2025-12-11T21:31:24.983869
mlp.json,2025-11-22T09:40:47.817736
swenable_memoryintensive5.json,2025-12-11T12:49:53.854185
swdisable_memoryintensive_w10_2.json,2025-12-28T08:04:54.445591
swdisable_memoryintensive_w6_3.json,2025-12-26T08:50:49.410135
swenable_mixed_w4_1.json,2026-01-03T07:56:35.328205
swdisable_cpuintensive_w12_3.json,2025-12-28T14:59:05.383754
swenable_memoryintensive_w10_1.json,2025-12-28T08:48:25.833085
swdisable_cpuintensive_w12_1.json,2025-12-28T13:11:30.847647
SWenable_memoryintensive2.json,2025-11-25T08:02:34.554909
swdisable_memoryintensive_w12_1.json,2025-12-28T13:18:42.319908
swenable_memoryintensive_w6_2.json,2025-12-26T07:56:10.554276
mlpenable_mixed1.json,2026-02-16T23:17:34.662977
swenable_memoryintensive_w14_3.json,2025-12-28T15:47:17.903916
mlp.json,2025-11-22T10:25:26.603145
swdisable_mixed_w14_2.json,2026-01-03T20:55:08.151362
swenable_cpuintensive_w6_1.json,2025-12-26T06:59:19.671310
SWdisable_memoryintensive2.json,2025-11-25T07:52:57.202897
swdisable_memoryintensive6.json,2025-12-11T15:38:45.468066
swdisable_memoryintensive_w10_2.json,2025-12-28T08:05:32.601762
SWdisable_memoryintensive7.json,2025-12-11T20:57:08.548347
mlp.json,2025-11-22T10:04:20.263463
swenable_memoryintensive_w14_3.json,2025-12-28T15:46:44.997479
swdisable_memoryintensive_w12_2.json,2025-12-28T14:44:39.601203
swenable_mixed_w10_1.json,2026-01-03T18:20:51.977885
swenable_memoryintensive_w10_2.json,2025-12-28T08:31:02.089618
swenable_memoryintensive_w10_2.json,2025-12-28T08:30:22.533220
swdisable_mixed_w12_1.json,2026-01-03T20:10:02.433062
swdisable_memoryintensive5.json,2025-12-11T12:45:07.773108
swenable_mixed_w6_1.json,2026-01-03T09:21:29.237355
mlp.json,2025-11-22T09:50:35.514298
mlpdisable_mixed1.json,2026-02-16T23:34:35.630472
swdisable_memoryintensive5.json,2025-12-11T12:45:17.555740
swdisable_mixed_w12_2.json,2026-01-03T19:21:18.750599
baseline_log_memoryintensive.json,2025-08-05T17:13:19.345563
SWenable_memoryintensive3.json,2025-12-11T06:08:20.900865
swenable_mixed_w14_1.json,2026-01-03T20:42:05.793474
swenable_memoryintensive_w10_1.json,2025-12-28T08:48:10.568990
swdisable_memoryintensive_w6_2.json,2025-12-26T08:14:51.579926
swdisable_memoryintensive6.json,2025-12-11T15:40:46.710851
swenable_memoryintensive_w10_3.json,2025-12-28T07:27:31.364857
swenable_mixed_w6_1.json,2026-01-03T09:21:03.699149
swdisable_memoryintensive_w14_3.json,2025-12-28T16:03:21.934870
swdisable_memoryintensive_w4_3.json,2025-12-25T08:59:52.726991
SWenable_memoryintensive4.json,2025-12-11T08:57:04.720530
swdisable_cpuintensive_w14_1.json,2025-12-28T21:15:12.080983
baseline_log_memoryintensive2.json,2025-08-05T19:24:46.998563
SWdisable_cpuintensive.json,2025-11-25T02:50:24.339908
SWdisable_memoryintensive4.json,2025-12-11T09:06:09.140669
SWenable_cpuintensive.json,2025-11-25T02:55:52.030835
swdisable_cpuintensive5.json,2025-12-11T11:47:45.246708
swdisable_cpuintensive_w12_2.json,2025-12-28T14:40:44.347575
mlpenable_memoryintensive3.json,2026-02-17T00:09:10.108221
swdisable_cpuintensive6.json,2025-12-11T13:26:27.384504
swenable_memoryintensive_w12_1.json,2025-12-28T13:33:35.838497
mlpdisable_cpuintensive3.json,2026-02-16T23:45:01.309375
swdisable_cpuintensive5.json,2025-12-11T11:46:42.948387
mlp.json,2025-11-22T10:22:26.363473
SWdisable_memoryintensive3.json,2025-12-11T06:01:34.920978
baseline_log_memoryintensive2.json,2025-08-05T19:22:24.533966
swdisable_memoryintensive6.json,2025-12-11T15:39:05.232628
swdisable_cpuintensive_w10_2.json,2025-12-28T07:57:14.317371
swdisable_memoryintensive_w10_3.json,2025-12-28T07:42:35.719016
swdisable_memoryintensive_w6_3.json,2025-12-26T08:50:34.362308
baseline_log_memoryintensive2.json,2025-08-05T19:25:51.604560
swdisable_memoryintensive_w6_3.json,2025-12-26T08:51:23.629622
swenable_cpuintensive_w4_2.json,2025-12-24T07:22:07.531580
baseline_log_memoryintensive3.json,2025-08-08T08:39:28.376165
dvfs_log_memoryintensive3.json,2025-08-08T08:48:13.153232
baseline_log_cpuintensive2.json,2025-08-05T20:17:42.899142
swdisable_mixed_w12_2.json,2026-01-03T19:19:45.378926
swenable_mixed_w12_2.json,2026-01-03T19:12:20.452180
swenable_cpuintensive_w4_3.json,2025-12-24T07:55:50.819312
SWenable_cpuintensive.json,2025-11-25T02:56:50.967946
swdisable_memoryintensive_w4_2.json,2025-12-25T08:51:33.316394
swdisable_memoryintensive_w14_1.json,2025-12-28T21:19:59.064439
mlpdisable_cpuintensive2.json,2026-02-16T23:22:02.428694
mlp.json,2025-11-22T10:14:11.293604
swdisable_cpuintensive_w4_2.json,2025-12-24T07:18:24.133417
SWdisable_cpuintensive8.json,2025-12-11T21:10:19.038432
swdisable_mixed_w12_1.json,2026-01-03T20:11:34.573808
swenable_memoryintensive_w10_2.json,2025-12-28T08:30:44.509442
mlpenable_cpuintensive2.json,2026-02-16T22:54:40.162136
swdisable_mixed_w6_1.json,2026-01-03T09:35:12.000581
swdisable_memoryintensive_w14_1.json,2025-12-28T21:24:03.183212
mlp.json,2025-11-22T10:06:35.193506
swenable_memoryintensive_w6_3.json,2025-12-26T09:05:45.688166
swenable_mixed_w14_1.json,2026-01-03T20:40:57.566534
mlpdisable_mixed2.json,2026-02-16T23:55:12.147430
baseline_log_cpuintensive.json,2025-07-31T23:02:36.869279
SWdisable_memoryintensive7.json,2025-12-11T20:58:11.679035
dvfs_log_cpuintensive2.json,2025-08-05T20:24:32.332015
swenable_cpuintensive_w6_1.json,2025-12-26T06:59:56.996665
swdisable_cpuintensive_w12_3.json,2025-12-28T14:58:31.615644
swdisable_cpuintensive_w12_1.json,2025-12-28T13:12:34.687630
mlpenable_cpuintensive3.json,2026-02-17T00:03:13.611750
mlpenable_mixed1.json,2026-02-16T23:17:53.577792
baseline_log_memoryintensive2.json,2025-08-05T19:26:40.268946
swenable_memoryintensive_w6_2.json,2025-12-26T07:58:02.886057
SWdisable_memoryintensive7.json,2025-12-11T20:58:55.396144
SW-disable_cpuintensive3.json,2025-12-10T23:21:05.619302
mlpdisable_memoryintensive2.json,2026-02-16T23:30:05.747123
SWenable_cpuintensive8.json,2025-12-11T21:30:17.855605
swdisable_cpuintensive_w12_2.json,2025-12-28T14:41:43.191647
swdisable_memoryintensive_w10_2.json,2025-12-28T08:07:39.362885
swdisable_mixed_w10_1.json,2026-01-03T18:38:05.849305
swenable_cpuintensive_w10_2.json,2025-12-28T08:23:48.783518
swenable_memoryintensive_w4_3.json,2025-12-25T09:10:45.832288
swdisable_cpuintensive_w10_1.json,2025-12-28T08:54:44.748652
swdisable_mixed_w4_2.json,2026-01-03T08:25:18.011153
swdisable_memoryintensive_w10_2.json,2025-12-28T08:04:40.172286
swdisable_memoryintensive_w12_2.json,2025-12-28T14:47:01.288171
swdisable_memoryintensive_w6_1.json,2025-12-26T07:17:26.442409
mlpenable_cpuintensive2.json,2026-02-16T22:53:15.679037
swenable_memoryintensive_w14_3.json,2025-12-28T15:50:08.081853
swdisable_memoryintensive_w12_1.json,2025-12-28T13:19:16.959632
mlpdisable_mixed1.json,2026-02-16T23:36:01.568025
mlp.json,2025-11-22T09:38:37.454185
SWdisable_memoryintensive.json,2025-11-25T02:25:03.776785
swenable_memoryintensive_w10_1.json,2025-12-28T08:46:16.878981
swdisable_memoryintensive_w10_2.json,2025-12-28T08:07:14.853609
swdisable_memoryintensive5.json,2025-12-11T12:42:37.038805
swdisable_memoryintensive_w14_2.json,2025-12-28T19:45:01.067713
SWdisable_memoryintensive3.json,2025-12-11T06:03:50.428654
SWdisable_cpuintensive4.json,2025-12-11T07:09:48.128256
swdisable_cpuintensive_w10_2.json,2025-12-28T08:01:13.194574
swenable_mixed_w6_1.json,2026-01-03T09:21:53.724130
swdisable_memoryintensive_w4_3.json,2025-12-25T09:01:49.642576
SWdisable_memoryintensive3.json,2025-12-11T06:00:03.255705
mlp.json,2025-11-22T09:49:30.544132
SWdisable_memoryintensive7.json,2025-12-11T20:56:59.165924
baseline_log_memoryintensive2.json,2025-08-05T19:23:22.585177
baseline_log_memoryintensive2.json,2025-08-05T19:22:40.670255
swenable_mixed_w12_1.json,2026-01-03T20:18:25.418312
swdisable_mixed_w14_1.json,2026-01-03T20:49:00.666650
dvfs_log_cpuintensive3.json,2025-08-08T08:18:11.919126
swenable_mixed_w14_2.json,2026-01-03T21:04:00.825695
SWdisable_cpuintensive8.json,2025-12-11T21:11:47.250757
SWdisable_memoryintensive3.json,2025-12-11T06:01:53.958419
SWenable_cpuintensive8.json,2025-12-11T21:29:28.254038
swenable_memoryintensive_w4_1.json,2025-12-25T08:25:48.824479
baseline_log_cpuintensive2.json,2025-08-05T20:14:48.173252
mlpenable_mixed2.json,2026-02-17T00:17:01.490994
swdisable_mixed_w8_2.json,2026-01-03T10:10:48.955219
dvfs_log_memoryintensive3.json,2025-08-08T08:50:21.662974
mlp.json,2025-11-22T10:19:45.323287
swenable_mixed_w8_1.json,2026-01-06T21:12:58.145941
dvfs_log_memoryintensive.json,2025-08-05T16:54:05.134637
SWdisable_memoryintensive8.json,2025-12-11T21:53:04.039155
swenable_cpuintensive_w10_3.json,2025-12-28T07:11:38.653446
mlp.json,2025-11-22T09:40:10.454185
swdisable_mixed_w4_1.json,2026-01-03T08:03:57.833532
mlpdisable_cpuintensive.json,2025-11-22T15:28:15.863007
mlp.json,2025-11-22T10:03:56.953843
swdisable_cpuintensive_4_3.json,2025-12-24T08:05:37.118073
swenable_cpuintensive_w4_3.json,2025-12-24T07:58:20.633147
swenable_memoryintensive_w6_3.json,2025-12-26T09:07:30.152435
mlp.json,2025-11-22T10:04:10.873924
swenable_mixed_w12_2.json,2026-01-03T19:15:36.055370
baseline_log_cpuintensive2.json,2025-08-05T20:18:50.821404
swdisable_mixed_w8_2.json,2026-01-03T10:08:56.750472
mlpenable_cpuintensive.json,2025-11-22T15:09:38.020232
mlp.json,2025-11-22T09:57:47.323731
mlp.json,2025-11-22T10:07:07.493593
baseline_log_cpuintensive2.json,2025-08-05T20:15:26.926866
swdisable_mixed_w8_2.json,2026-01-03T10:09:11.502323
swenable_memoryintensive_w4_1.json,2025-12-25T08:25:13.431233
mlp.json,2025-11-22T10:21:03.506671
swenable_memoryintensive_w4_1.json,2025-12-25T08:27:29.046300
swdisable_cpuintensive6.json,2025-12-11T13:23:29.984750
SWdisable_memoryintensive7.json,2025-12-11T20:57:23.280981
SWdisable_cpuintensive8.json,2025-12-11T21:13:38.912733
mlpdisable_memoryintensive.json,2025-11-22T23:10:55.110363
baseline_log_memoryintensive.json,2025-08-05T17:13:54.715142
mlpdisable_mixed2.json,2026-02-16T23:57:40.349198
swdisable_cpuintensive_w10_1.json,2025-12-28T08:56:17.820209
swenable_cpuintensive_w10_3.json,2025-12-28T07:14:02.270676
SWenable_memoryintensive3.json,2025-12-11T06:07:59.803844
swenable_memoryintensive_w6_1.json,2025-12-26T07:33:21.684460
baseline_log_memoryintensive2.json,2025-08-05T19:25:19.280644
swdisable_cpuintensive_w12_1.json,2025-12-28T13:09:28.826463
swenable_memoryintensive_w14_3.json,2025-12-28T15:49:50.748094
swenable_cpuintensive_w4_3.json,2025-12-24T07:59:58.612899
swenable_memoryintensive_w4_2.json,2025-12-25T08:39:24.820130
swenable_memoryintensive_w10_3.json,2025-12-28T07:27:54.386455
swdisable_memoryintensive_w14_1.json,2025-12-28T21:23:08.574798
mlpdisable_memoryintensive3.json,2026-02-16T23:49:18.027545
swenable_mixed_w8_1.json,2026-01-06T21:16:17.173724
SWenable_memoryintensive3.json,2025-12-11T06:09:39.758543
swenable_mixed_w8_1.json,2026-01-06T21:15:59.745290
mlp.json,2025-11-22T09:58:47.025932
swdisable_mixed_w14_1.json,2026-01-03T20:48:36.480026
SW-disable_cpuintensive3.json,2025-12-10T23:17:30.480901
SWdisable_cpuintensive.json,2025-11-25T02:52:07.002719
swenable_memoryintensive_w12_1.json,2025-12-28T13:31:48.817931
mlp.json,2025-11-22T09:50:30.953852
swenable_mixed_w8_2.json,2026-01-03T10:44:13.260488
swenable_memoryintensive5.json,2025-12-11T12:53:03.133555
baseline_log_cpuintensive2.json,2025-08-05T20:17:04.108643
swdisable_memoryintensive_w6_1.json,2025-12-26T07:16:31.292997
swdisable_cpuintensive_w10_1.json,2025-12-28T08:54:49.522141
swenable_memoryintensive_w14_2.json,2025-12-28T19:58:30.746364
swdisable_cpuintensive_w14_1.json,2025-12-28T21:14:11.245489
baseline_log_cpuintensive3.json,2025-08-08T08:25:06.684039
swdisable_cpuintensive6.json,2025-12-11T13:24:39.945937
baseline_log_memoryintensive.json,2025-08-05T17:13:25.796664
swdisable_cpuintensive_w6_3.json,2025-12-26T08:38:46.000707
baseline_log_cpuintensive3.json,2025-08-08T08:25:33.187866
dvfs_log_memoryintensive.json,2025-08-05T16:51:33.051542
swdisable_mixed_w8_1.json,2026-01-03T11:05:35.244658
swdisable_mixed_w8_2.json,2026-01-03T10:09:55.048796
swdisable_cpuintensive_w6_1.json,2025-12-26T07:08:39.632323
baseline_log_cpuintensive2.json,2025-08-05T20:18:11.967414
swenable_cpuintensive_w14_1.json,2025-12-28T20:58:59.264132
swenable_cpuintensive_w12_1.json,2025-12-28T13:26:46.899992
baseline_log_cpuintensive2.json,2025-08-05T20:17:33.169018
SWdisable_memoryintensive7.json,2025-12-11T20:59:05.451862
mlp.json,2025-11-22T09:36:33.696332
swenable_cpuintensive_w14_1.json,2025-12-28T21:01:49.240640
swenable_mixed_w10_2.json,2026-01-03T19:01:22.020310
swenable_mixed_w12_2.json,2026-01-03T19:13:59.769004
dvfs_log_cpuintensive3.json,2025-08-08T08:22:18.400011
swenable_cpuintensive_w4_2.json,2025-12-24T07:23:31.998173
dvfs_log_cpuintensive3.json,2025-08-08T08:21:51.285804
swenable_cpuintensive_w4_3.json,2025-12-24T07:57:54.389200
swenable_mixed_w10_1.json,2026-01-03T18:21:22.146040
dvfs_log_memoryintensive.json,2025-08-05T16:50:35.882370
swdisable_memoryintensive_w12_2.json,2025-12-28T14:47:30.547356
swdisable_cpuintensive_w12_1.json,2025-12-28T13:13:39.434147
swdisable_cpuintensive_w6_1.json,2025-12-26T07:06:36.404212
mlpenable_mixed1.json,2026-02-16T23:13:57.003860
mlp.json,2025-11-22T10:15:26.285072
swenable_memoryintensive_w14_2.json,2025-12-28T19:58:46.268219
swenable_cpuintensive6.json,2025-12-11T15:07:02.844603
swdisable_mixed_w8_1.json,2026-01-03T11:04:32.606756
swenable_memoryintensive8.json,2025-12-11T21:40:41.322729
mlpdisable_memoryintensive2.json,2026-02-16T23:30:58.977469
SWdisable_memoryintensive2.json,2025-11-25T07:54:15.904940
swenable_mixed_w8_1.json,2026-01-06T21:15:47.513138
baseline_log_cpuintensive.json,2025-07-31T22:58:54.811668
swenable_cpuintensive_w10_3.json,2025-12-28T07:14:39.701150
mlp.json,2025-11-22T10:00:10.043990
swenable_mixed_w4_1.json,2026-01-03T07:58:46.518522
mlp.json,2025-11-22T09:44:34.314416
mlpdisable_memoryintensive3.json,2026-02-16T23:51:33.974491
mlp.json,2025-11-22T10:11:04.945519
swenable_cpuintensive_w14_3.json,2025-12-28T15:41:57.239604
swdisable_cpuintensive_w12_1.json,2025-12-28T13:09:57.785261
mlpdisable_memoryintensive.json,2025-11-22T23:12:23.817569
swenable_memoryintensive_w14_2.json,2025-12-28T20:01:42.488184
swdisable_memoryintensive5.json,2025-12-11T12:41:50.011786
SWenable_memoryintensive3.json,2025-12-11T06:10:06.745868
swdisable_memoryintensive_w12_3.json,2025-12-28T15:06:14.716393
SWenable_cpuintensive.json,2025-11-25T02:58:25.410310
swdisable_cpuintensive_w6_1.json,2025-12-26T07:06:31.432612
dvfs_log_memoryintensive.json,2025-08-05T16:52:23.859919
mlp.json,2025-11-22T09:43:11.374219
swenable_memoryintensive_w6_3.json,2025-12-26T09:03:45.902340
SWenable_memoryintensive.json,2025-11-25T02:30:28.382517
mlpenable_cpuintensive3.json,2026-02-17T00:04:45.287910
swdisable_memoryintensive5.json,2025-12-11T12:45:12.650530
dvfs_log_memoryintensive3.json,2025-08-08T08:50:35.560916
swdisable_cpuintensive_w12_2.json,2025-12-28T14:39:45.840314
swenable_mixed_w12_1.json,2026-01-03T20:20:41.751064
SW-disable_cpuintensive3.json,2025-12-10T23:19:52.041381
mlpdisable_memoryintensive2.json,2026-02-16T23:29:22.604186
swdisable_memoryintensive_w4_3.json,2025-12-25T08:59:32.585099
mlpdisable_memoryintensive.json,2025-11-22T23:08:50.429492
swenable_cpuintensive_w14_1.json,2025-12-28T21:01:28.935764
swdisable_cpuintensive_w10_1.json,2025-12-28T08:55:18.790721
SWdisable_cpuintensive7.json,2025-12-11T17:33:44.182906
mlpdisable_cpuintensive3.json,2026-02-16T23:43:10.044021
baseline_log_cpuintensive2.json,2025-08-05T20:18:28.019962
swenable_memoryintensive_w12_1.json,2025-12-28T13:31:15.154749
SWenable_memoryintensive2.json,2025-11-25T08:00:19.114160
swdisable_cpuintensive_w10_2.json,2025-12-28T07:58:31.908188
dvfs_log_cpuintensive2.json,2025-08-05T20:23:56.901387
swenable_memoryintensive_w10_3.json,2025-12-28T07:28:48.695637
mlpdisable_memoryintensive.json,2025-11-22T23:12:28.581392
mlpenable_cpuintensive.json,2025-11-22T15:10:48.182537
swenable_memoryintensive_w14_3.json,2025-12-28T15:48:49.269033
swenable_cpuintensive_w6_3.json,2025-12-26T09:00:05.237769
SW-enable_cpuintensive3.json,2025-12-10T23:05:51.025489
mlpdisable_memoryintensive2.json,2026-02-16T23:28:39.071195
SWdisable_memoryintensive8.json,2025-12-11T21:49:59.313103
swdisable_memoryintensive_w14_3.json,2025-12-28T16:05:43.998355
swdisable_memoryintensive_w6_1.json,2025-12-26T07:16:26.465378
swenable_cpuintensive_w12_1.json,2025-12-28T13:26:16.718955
mlpenable_cpuintensive3.json,2026-02-17T00:05:04.389944
SWdisable_cpuintensive7.json,2025-12-11T17:34:02.959528
swdisable_mixed_w6_1.json,2026-01-03T09:34:57.768446
swenable_cpuintensive_w6_3.json,2025-12-26T08:58:07.303208
swenable_cpuintensive_w4_3.json,2025-12-24T07:58:05.691897
swenable_cpuintensive7.json,2025-12-11T17:41:13.181098
mlpdisable_memoryintensive3.json,2026-02-16T23:52:12.469587
mlpdisable_mixed1.json,2026-02-16T23:37:38.296723
swdisable_cpuintensive_w12_1.json,2025-12-28T13:12:44.458319
swdisable_cpuintensive_w6_3.json,2025-12-26T08:40:31.855816
SWenable_memoryintensive4.json,2025-12-11T08:57:30.348974
dvfs_log_cpuintensive3.json,2025-08-08T08:20:43.423507
mlp.json,2025-11-22T09:57:01.103890
mlpenable_mixed2.json,2026-02-17T00:15:51.673457
SWenable_memoryintensive3.json,2025-12-11T06:09:34.294066
mlpenable_mixed1.json,2026-02-16T23:16:02.569549
swdisable_cpuintensive_w10_1.json,2025-12-28T08:53:56.249175
swdisable_cpuintensive_w10_2.json,2025-12-28T07:59:05.793552
swdisable_memoryintensive_w4_3.json,2025-12-25T09:03:08.457723
swenable_mixed_w12_2.json,2026-01-03T19:12:59.350197
swenable_cpuintensive_w10_2.json,2025-12-28T08:22:25.702552
mlpdisable_cpuintensive.json,2025-11-22T15:28:57.421932
swdisable_cpuintensive_w14_2.json,2025-12-28T19:38:19.606328
swdisable_cpuintensive_w4_1.json,2025-12-24T07:08:32.814250
dvfs_log_memoryintensive.json,2025-08-05T16:50:39.183042
swdisable_memoryintensive_w14_2.json,2025-12-28T19:45:59.141589
swenable_memoryintensive_w14_3.json,2025-12-28T15:48:12.847753
swenable_cpuintensive_w10_3.json,2025-12-28T07:11:14.784015
SWdisable_memoryintensive2.json,2025-11-25T07:53:17.041627
swdisable_cpuintensive_w4_1.json,2025-12-24T07:06:24.846791
SWdisable_cpuintensive7.json,2025-12-11T17:36:02.245244
swdisable_cpuintensive_w12_3.json,2025-12-28T15:00:58.732736
swenable_cpuintensive_w12_1.json,2025-12-28T13:25:25.751188
mlpenable_memoryintensive3.json,2026-02-17T00:11:06.293570
dvfs_log_cpuintensive3.json,2025-08-08T08:19:49.140754
swenable_cpuintensive_w4_2.json,2025-12-24T07:25:35.725396
dvfs_log_memoryintensive3.json,2025-08-08T08:49:20.156412
swdisable_memoryintensive_w4_2.json,2025-12-25T08:53:31.307736
mlpdisable_memoryintensive.json,2025-11-22T23:11:32.219602
swdisable_mixed_w6_1.json,2026-01-03T09:37:23.065446
swdisable_mixed_w6_1.json,2026-01-03T09:37:18.299892
dvfs_log_memoryintensive.json,2025-08-05T16:53:01.020203
mlp.json,2025-11-22T10:20:26.663524
mlpenable_cpuintensive.json,2025-11-22T15:07:04.959241
mlenable_memoryintensive2.json,2026-02-16T23:07:19.716493
swenable_memoryintensive_w10_2.json,2025-12-28T08:28:25.857928
swenable_cpuintensive_w12_1.json,2025-12-28T13:22:33.291145
swenable_memoryintensive_w14_2.json,2025-12-28T20:01:37.562421
swdisable_cpuintensive_w14_1.json,2025-12-28T21:15:21.932553
mlp.json,2025-11-22T10:15:44.823473
swdisable_mixed_w6_1.json,2026-01-03T09:38:01.871886
swdisable_cpuintensive_w6_1.json,2025-12-26T07:07:35.437275
dvfs_log_memoryintensive.json,2025-08-05T16:54:11.932785
swdisable_mixed_w12_2.json,2026-01-03T19:23:17.709626
mlpenable_mixed2.json,2026-02-17T00:18:44.929483
SW-enable_cpuintensive3.json,2025-12-10T23:06:52.949060
mlp.json,2025-11-22T09:49:07.383954
mlp.json,2025-11-22T09:49:35.238856
swenable_memoryintensive_w10_3.json,2025-12-28T07:26:52.753471
SWdisable_memoryintensive3.json,2025-12-11T06:00:51.213484
swdisable_memoryintensive_w14_3.json,2025-12-28T16:05:07.106065
swdisable_cpuintensive_w6_3.json,2025-12-26T08:41:10.756222
SWenable_memoryintensive4.json,2025-12-11T08:56:03.317353
swdisable_mixed_w10_2.json,2026-01-03T18:44:41.741315
swenable_mixed_w12_1.json,2026-01-03T20:17:35.365368
swdisable_cpuintensive_w14_2.json,2025-12-28T19:39:41.537008
swdisable_cpuintensive_w10_3.json,2025-12-28T07:36:43.210169
swenable_memoryintensive_w14_3.json,2025-12-28T15:49:20.135793
swenable_cpuintensive_w4_1.json,2025-12-24T06:57:32.511964
swenable_cpuintensive_w4_2.json,2025-12-24T07:23:57.400284
swenable_memoryintensive_w14_2.json,2025-12-28T19:57:02.964159
SWdisable_cpuintensive7.json,2025-12-11T17:35:03.945852
SWenable_cpuintensive8.json,2025-12-11T21:29:57.800857
baseline_log_memoryintensive.json,2025-08-05T17:13:00.006118
mlpdisable_memoryintensive.json,2025-11-22T23:13:01.286423
swdisable_memoryintensive_w10_2.json,2025-12-28T08:04:02.209287
SWenable_memoryintensive4.json,2025-12-11T08:58:10.788301
SWenable_cpuintensive8.json,2025-12-11T21:32:15.777029
mlenable_memoryintensive2.json,2026-02-16T23:11:11.616430
swdisable_cpuintensive_w6_2.json,2025-12-26T08:06:53.853253
swdisable_mixed_w12_1.json,2026-01-03T20:14:41.483970
dvfs_log_cpuIntensive.json,2025-07-31T23:55:05.305214
mlpdisable_cpuintensive2.json,2026-02-16T23:25:51.337643
baseline_log_memoryintensive2.json,2025-08-05T19:27:22.545956
swdisable_cpuintensive_w6_2.json,2025-12-26T08:10:26.779391
mlp.json,2025-11-22T10:04:57.673481
swenable_cpuintensive_w14_3.json,2025-12-28T15:38:40.001548
SWenable_cpuintensive.json,2025-11-25T02:57:48.106924
swdisable_memoryintensive_w4_1.json,2025-12-25T08:15:07.392946
swenable_cpuintensive6.json,2025-12-11T15:11:19.020097
dvfs_log_cpuIntensive.json,2025-07-31T23:56:16.324183
swdisable_cpuintensive_w4_1.json,2025-12-24T07:05:41.760971
baseline_log_memoryintensive3.json,2025-08-08T08:39:45.087232
mlenable_memoryintensive2.json,2026-02-16T23:09:26.414057
dvfs_log_cpuintensive3.json,2025-08-08T08:20:30.001501
swdisable_memoryintensive_w14_3.json,2025-12-28T16:03:36.465666
dvfs_log_memoryintensive3.json,2025-08-08T08:51:23.053093
swdisable_memoryintensive_w14_1.json,2025-12-28T21:21:40.207752
swenable_cpuintensive_w4_1.json,2025-12-24T07:00:08.850090
baseline_log_memoryintensive.json,2025-08-05T17:13:09.625979
swenable_cpuintensive_w12_3.json,2025-12-28T15:14:31.259457
swdisable_memoryintensive_w6_3.json,2025-12-26T08:49:21.568320
swdisable_cpuintensive_w14_2.json,2025-12-28T19:36:44.211705
swenable_memoryintensive_w4_1.json,2025-12-25T08:25:08.642509
SWdisable_memoryintensive8.json,2025-12-11T21:49:01.816357
swdisable_memoryintensive_w10_1.json,2025-12-28T09:03:57.471036
swdisable_memoryintensive_w12_3.json,2025-12-28T15:06:43.850480
swenable_mixed_w8_2.json,2026-01-03T10:41:25.938272
swenable_memoryintensive_w14_1.json,2025-12-28T21:09:00.146412
swenable_memoryintensive7.json,2025-12-11T20:48:09.096924
dvfs_log_cpuIntensive.json,2025-07-31T23:55:38.599163
mlpdisable_memoryintensive2.json,2026-02-16T23:28:58.335075
SWdisable_memoryintensive4.json,2025-12-11T09:07:21.741202
mlp.json,2025-11-22T09:54:32.462996
mlpdisable_mixed2.json,2026-02-16T23:59:32.388427
swdisable_cpuintensive_w12_2.json,2025-12-28T14:38:36.374947
dvfs_log_memoryintensive3.json,2025-08-08T08:46:59.498613
swenable_mixed_w12_2.json,2026-01-03T19:12:25.388681
mlp.json,2025-11-22T09:47:48.524215
SW-disable_cpuintensive3.json,2025-12-10T23:18:38.831860
swdisable_mixed_w4_1.json,2026-01-03T08:05:00.736295
swenable_cpuintensive_w14_2.json,2025-12-28T19:54:04.867041
swenable_mixed_w6_1.json,2026-01-03T09:22:58.849176
mlpdisable_memoryintensive2.json,2026-02-16T23:30:44.549999
baseline_log_cpuintensive.json,2025-07-31T23:02:07.827752
mlpdisable_mixed1.json,2026-02-16T23:37:13.876388
SWdisable_cpuintensive.json,2025-11-25T02:50:33.859426
swdisable_memoryintensive_w4_3.json,2025-12-25T09:01:34.785617
swenable_memoryintensive8.json,2025-12-11T21:44:04.403720
swenable_cpuintensive5.json,2025-12-11T11:37:42.246669
swdisable_mixed_w8_2.json,2026-01-03T10:08:52.031963
swenable_mixed_w6_2.json,2026-01-06T21:27:45.941742
mlp.json,2025-11-22T09:45:29.485225
swenable_cpuintensive_w10_2.json,2025-12-28T08:22:03.989129
baseline_log_memoryintensive3.json,2025-08-08T08:43:44.113881
swenable_memoryintensive_w6_2.json,2025-12-26T07:55:51.666638
mlpenable_cpuintensive.json,2025-11-22T15:07:37.150373
SWdisable_memoryintensive8.json,2025-12-11T21:48:27.880626
mlenable_memoryintensive2.json,2026-02-16T23:07:38.501098
swenable_memoryintensive_w12_2.json,2025-12-28T14:34:46.446857
baseline_log_memoryintensive2.json,2025-08-05T19:24:24.448266
swenable_mixed_w8_2.json,2026-01-03T10:44:47.973495
swenable_memoryintensive6.json,2025-12-11T15:32:26.555620
swenable_memoryintensive8.json,2025-12-11T21:42:51.509085
swdisable_memoryintensive_w4_1.json,2025-12-25T08:15:55.140393
swdisable_mixed_w14_2.json,2026-01-03T20:56:30.883622
swenable_mixed_w4_1.json,2026-01-03T07:56:01.529453
swdisable_mixed_w14_1.json,2026-01-03T20:46:34.849390
mlp.json,2025-11-22T09:37:41.561971
swdisable_cpuintensive_w10_2.json,2025-12-28T07:58:50.935058
swdisable_memoryintensive_w14_1.json,2025-12-28T21:20:27.932995
mlpenable_memoryintensive3.json,2026-02-17T00:09:28.647623
mlpenable_cpuintensive.json,2025-11-22T15:09:14.760550
swdisable_mixed_w12_1.json,2026-01-03T20:13:22.710615
swdisable_mixed_w14_1.json,2026-01-03T20:47:18.248634
SWenable_cpuintensive4.json,2025-12-11T07:01:21.301940
swdisable_cpuintensive_w14_1.json,2025-12-28T21:11:28.133664
swenable_memoryintensive_w12_2.json,2025-12-28T14:35:17.450655
SWenable_memoryintensive4.json,2025-12-11T08:58:16.822103
SWenable_cpuintensive8.json,2025-12-11T21:32:10.279299
swenable_mixed_w12_1.json,2026-01-03T20:19:50.954607
swenable_cpuintensive_w4_2.json,2025-12-24T07:21:57.988081
SWenable_memoryintensive4.json,2025-12-11T08:56:34.191662
swdisable_cpuintensive_w12_1.json,2025-12-28T13:10:36.034369
swdisable_memoryintensive_w4_3.json,2025-12-25T09:02:58.440359
swdisable_memoryintensive_w10_3.json,2025-12-28T07:44:22.577390
SWenable_cpuintensive8.json,2025-12-11T21:32:21.274661
swenable_cpuintensive_w10_1.json,2025-12-28T08:39:25.314603
swenable_memoryintensive_w4_3.json,2025-12-25T09:06:36.785523
swdisable_cpuintensive_w10_1.json,2025-12-28T08:52:09.015189
swdisable_memoryintensive_w4_3.json,2025-12-25T09:01:20.058279
swdisable_cpuintensive_w12_3.json,2025-12-28T15:00:27.850280
baseline_log_cpuintensive3.json,2025-08-08T08:26:49.629374
baseline_log_cpuintensive3.json,2025-08-08T08:26:16.261300
swenable_cpuintensive_w12_2.json,2025-12-28T14:25:11.886436
swenable_memoryintensive6.json,2025-12-11T15:33:37.271127
swenable_cpuintensive_w12_2.json,2025-12-28T14:24:43.766262
swenable_cpuintensive_w14_1.json,2025-12-28T21:01:19.135199
mlpdisable_mixed1.json,2026-02-16T23:34:54.459962
SWdisable_cpuintensive8.json,2025-12-11T21:10:58.229593
swenable_mixed_w6_2.json,2026-01-06T21:30:55.648498
mlpdisable_cpuintensive3.json,2026-02-16T23:43:14.798525
mlpdisable_memoryintensive3.json,2026-02-16T23:49:43.173889
swenable_cpuintensive_w14_3.json,2025-12-28T15:39:13.195311
swenable_cpuintensive_w4_2.json,2025-12-24T07:24:44.147526
dvfs_log_cpuintensive2.json,2025-08-05T20:22:33.235458
dvfs_log_memoryintensive2.json,2025-08-05T19:34:51.261545
mlp.json,2025-11-22T09:53:08.633681
SWdisable_memoryintensive3.json,2025-12-11T06:02:38.194915
swenable_cpuintensive_w12_3.json,2025-12-28T15:12:11.464950
swenable_cpuintensive_w6_1.json,2025-12-26T06:59:07.168530
SWdisable_memoryintensive3.json,2025-12-11T06:00:12.619997
swenable_mixed_w14_2.json,2026-01-03T21:03:00.619487
SWdisable_memoryintensive8.json,2025-12-11T21:53:13.625810
mlpdisable_mixed2.json,2026-02-16T23:58:04.372511
swdisable_memoryintensive_w12_1.json,2025-12-28T13:16:25.675539
mlpdisable_cpuintensive.json,2025-11-22T15:28:29.534388
swdisable_memoryintensive_w12_3.json,2025-12-28T15:06:24.452350
swdisable_mixed_w8_2.json,2026-01-03T10:11:27.848952
SWenable_memoryintensive4.json,2025-12-11T09:00:22.193308
mlp.json,2025-11-22T09:54:46.515692
swdisable_mixed_w8_2.json,2026-01-03T10:10:24.476749
swdisable_mixed_w6_2.json,2026-01-03T08:38:35.224059
swdisable_cpuintensive6.json,2025-12-11T13:23:43.893284
swenable_cpuintensive_w4_3.json,2025-12-24T07:59:46.700332
dvfs_log_cpuIntensive.json,2025-07-31T23:54:01.857772
swenable_cpuintensive_w14_1.json,2025-12-28T21:02:14.518147
mlp.json,2025-11-22T09:38:23.438222
swenable_cpuintensive_w12_3.json,2025-12-28T15:12:17.004933
SWenable_cpuintensive8.json,2025-12-11T21:27:49.602584
mlp.json,2025-11-22T09:44:25.244385
swdisable_mixed_w10_1.json,2026-01-03T18:37:22.481330
swdisable_cpuintensive_w14_2.json,2025-12-28T19:40:23.209549
SWenable_cpuintensive8.json,2025-12-11T21:32:04.973868
swdisable_memoryintensive_w12_2.json,2025-12-28T14:46:42.230127
dvfs_log_memoryintensive2.json,2025-08-05T19:33:49.781149
mlp.json,2025-11-22T09:56:51.973792
swdisable_mixed_w8_1.json,2026-01-03T11:04:18.439170
swenable_cpuintensive_w14_2.json,2025-12-28T19:52:23.337661
swdisable_memoryintensive_w14_2.json,2025-12-28T19:45:54.285941
mlp.json,2025-11-22T09:53:31.709847
baseline_log_cpuintensive.json,2025-07-31T23:01:06.734148
swdisable_mixed_w4_2.json,2026-01-03T08:22:12.653083
swenable_memoryintensive8.json,2025-12-11T21:41:24.823946
dvfs_log_memoryintensive3.json,2025-08-08T08:51:09.396781
swdisable_mixed_w4_2.json,2026-01-03T08:24:19.741375
swdisable_mixed_w10_2.json,2026-01-03T18:48:40.437103
swenable_cpuintensive_w10_2.json,2025-12-28T08:20:43.126197
swdisable_mixed_w8_1.json,2026-01-03T11:06:57.813069
swdisable_cpuintensive_w12_1.json,2025-12-28T13:10:07.453898
swdisable_mixed_w6_1.json,2026-01-03T09:37:37.891751
SWenable_memoryintensive4.json,2025-12-11T09:00:32.520355
swenable_cpuintensive_w10_2.json,2025-12-28T08:23:18.634096
swdisable_memoryintensive_w14_2.json,2025-12-28T19:47:47.339432
swenable_memoryintensive_w12_1.json,2025-12-28T13:32:56.030151
baseline_log_memoryintensive3.json,2025-08-08T08:39:55.153271
baseline_log_memoryintensive2.json,2025-08-05T19:24:08.033349
swenable_mixed_w4_2.json,2026-01-03T08:31:40.448108
SWenable_cpuintensive4.json,2025-12-11T07:00:00.159166
swenable_cpuintensive_w12_3.json,2025-12-28T15:13:09.582382
swdisable_mixed_w6_2.json,2026-01-03T08:41:45.315946
mlpdisable_memoryintensive2.json,2026-02-16T23:27:22.849261
swdisable_memoryintensive_w12_2.json,2025-12-28T14:45:14.198563
swdisable_cpuintensive_w10_3.json,2025-12-28T07:33:28.641330
swdisable_cpuintensive_w14_3.json,2025-12-28T15:59:36.409351
mlp.json,2025-11-22T10:18:17.503400
swenable_mixed_w10_2.json,2026-01-03T19:01:45.621822
baseline_log_cpuintensive3.json,2025-08-08T08:28:40.925069
mlp.json,2025-11-22T09:58:10.395843
swdisable_cpuintensive_w6_3.json,2025-12-26T08:42:34.937330
SWdisable_cpuintensive8.json,2025-12-11T21:09:26.423309
mlpenable_memoryintensive.json,2025-11-22T23:41:51.416110
swdisable_memoryintensive_w10_2.json,2025-12-28T08:04:30.665410
swdisable_cpuintensive_w14_1.json,2025-12-28T21:12:10.295422
swdisable_mixed_w6_2.json,2026-01-03T08:40:46.776518
mlpdisable_cpuintensive.json,2025-11-22T15:26:41.099717
SWdisable_memoryintensive7.json,2025-12-11T20:59:54.199761
swdisable_cpuintensive_w4_2.json,2025-12-24T07:17:59.576344
swdisable_mixed_w10_1.json,2026-01-03T18:37:17.590499
swenable_cpuintensive_w6_1.json,2025-12-26T06:56:46.006771
swenable_cpuintensive_w10_3.json,2025-12-28T07:13:02.213609
swdisable_memoryintensive_w4_1.json,2025-12-25T08:17:49.139701
dvfs_log_memoryintensive3.json,2025-08-08T08:47:36.367651
swdisable_mixed_w12_1.json,2026-01-03T20:10:55.748895
SWenable_cpuintensive.json,2025-11-25T02:57:11.565939
swdisable_mixed_w4_2.json,2026-01-03T08:25:27.941144
swenable_cpuintensive_w14_3.json,2025-12-28T15:38:59.265012
swenable_cpuintensive_w10_2.json,2025-12-28T08:21:49.850104
swenable_memoryintensive_w14_2.json,2025-12-28T19:57:32.239221
swdisable_cpuintensive_w6_3.json,2025-12-26T08:41:35.658108
mlp.json,2025-11-22T09:55:51.883942
swenable_memoryintensive5.json,2025-12-11T12:51:57.120386
swdisable_mixed_w4_1.json,2026-01-03T08:04:27.412937
swdisable_memoryintensive_w14_3.json,2025-12-28T16:06:25.557117
SWenable_memoryintensive3.json,2025-12-11T06:07:04.000727
dvfs_log_cpuIntensive.json,2025-07-31T23:55:45.401234
swdisable_memoryintensive_w6_1.json,2025-12-26T07:15:50.736609
swdisable_mixed_w8_2.json,2026-01-03T10:08:37.702574
swdisable_cpuintensive5.json,2025-12-11T11:48:38.261127
swdisable_memoryintensive_w12_3.json,2025-12-28T15:06:53.847292
swenable_cpuintensive_w4_2.json,2025-12-24T07:25:40.658928
swdisable_cpuintensive_4_3.json,2025-12-24T08:08:03.507510
swdisable_cpuintensive_w6_3.json,2025-12-26T08:39:00.124123
SWenable_memoryintensive2.json,2025-11-25T08:04:46.932943
swdisable_cpuintensive_w6_3.json,2025-12-26T08:42:54.768508
swenable_memoryintensive_w6_1.json,2025-12-26T07:31:36.821468
swdisable_mixed_w12_1.json,2026-01-03T20:14:51.339334
swdisable_cpuintensive_w14_3.json,2025-12-28T15:57:58.793933
swdisable_mixed_w12_2.json,2026-01-03T19:24:02.660420
swdisable_mixed_w10_2.json,2026-01-03T18:48:54.959803
mlp.json,2025-11-22T10:24:12.483300
SWdisable_memoryintensive7.json,2025-12-11T20:59:29.623713
mlpdisable_mixed2.json,2026-02-16T23:55:26.231993
swdisable_cpuintensive_4_3.json,2025-12-24T08:05:41.971566
baseline_log_cpuintensive3.json,2025-08-08T08:28:13.939263
SWdisable_cpuintensive8.json,2025-12-11T21:12:50.403397
swenable_cpuintensive_w10_2.json,2025-12-28T08:24:36.652454
swdisable_cpuintensive_w14_1.json,2025-12-28T21:12:19.752519
swdisable_memoryintensive_w14_3.json,2025-12-28T16:04:06.003759
swdisable_cpuintensive5.json,2025-12-11T11:46:47.704595
swenable_cpuintensive_w6_3.json,2025-12-26T08:57:12.776088
mlp.json,2025-11-22T09:36:47.421486
swenable_memoryintensive6.json,2025-12-11T15:31:49.070642
swdisable_mixed_w14_2.json,2026-01-03T20:55:41.996170
swenable_cpuintensive_w10_1.json,2025-12-28T08:42:39.351316
swenable_mixed_w4_1.json,2026-01-03T07:57:01.832031
swdisable_memoryintensive5.json,2025-12-11T12:45:37.118780
swdisable_memoryintensive_w12_3.json,2025-12-28T15:03:38.449799
swdisable_cpuintensive_w14_3.json,2025-12-28T15:56:25.758078
SW-enable_cpuintensive3.json,2025-12-10T23:08:10.030068
swdisable_memoryintensive_w12_3.json,2025-12-28T15:03:43.219047
swdisable_memoryintensive_w4_3.json,2025-12-25T09:01:05.161615
swenable_cpuintensive5.json,2025-12-11T11:41:43.688829
swenable_mixed_w10_2.json,2026-01-03T19:01:17.363269
mlenable_memoryintensive2.json,2026-02-16T23:07:10.399032
mlpdisable_cpuintensive2.json,2026-02-16T23:25:32.426162
swdisable_mixed_w10_2.json,2026-01-03T18:47:31.944838
swenable_memoryintensive_w12_3.json,2025-12-28T15:18:26.451382
swdisable_mixed_w14_1.json,2026-01-03T20:47:42.808622
swdisable_mixed_w12_2.json,2026-01-03T19:22:32.844192
mlpdisable_cpuintensive2.json,2026-02-16T23:24:34.739619
swdisable_cpuintensive_w6_2.json,2025-12-26T08:09:28.411706
mlpdisable_mixed1.json,2026-02-16T23:34:40.283249
swenable_cpuintensive5.json,2025-12-11T11:40:17.807157
swdisable_memoryintensive5.json,2025-12-11T12:42:18.104111
swdisable_mixed_w14_2.json,2026-01-03T20:55:37.252812
swenable_memoryintensive_w10_2.json,2025-12-28T08:30:56.235691
SWdisable_memoryintensive8.json,2025-12-11T21:50:48.023074
swenable_cpuintensive_w12_3.json,2025-12-28T15:10:30.980565
swdisable_cpuintensive_w4_1.json,2025-12-24T07:04:58.756285
swenable_cpuintensive_w14_2.json,2025-12-28T19:50:54.801752
swenable_mixed_w14_2.json,2026-01-03T21:01:53.157015
swenable_memoryintensive6.json,2025-12-11T15:32:21.297675
swenable_cpuintensive_w6_2.json,2025-12-26T07:47:36.577600
swdisable_mixed_w8_1.json,2026-01-03T11:08:29.989042
swenable_memoryintensive_w6_3.json,2025-12-26T09:04:43.228655
swenable_cpuintensive_w12_1.json,2025-12-28T13:22:37.944263
swdisable_cpuintensive_w12_2.json,2025-12-28T14:39:21.618536
mlp.json,2025-11-22T09:53:13.187889
swdisable_cpuintensive_w6_3.json,2025-12-26T08:40:22.009814
swdisable_memoryintensive_w14_1.json,2025-12-28T21:20:37.399032
baseline_log_cpuintensive2.json,2025-08-05T20:18:24.808898
swdisable_mixed_w8_2.json,2026-01-03T10:11:08.211828
swenable_mixed_w6_1.json,2026-01-03T09:22:11.124620
swdisable_mixed_w6_2.json,2026-01-03T08:39:43.609522
swenable_memoryintensive6.json,2025-12-11T15:35:16.070958
swenable_mixed_w8_1.json,2026-01-06T21:12:28.818812
swdisable_cpuintensive_w12_2.json,2025-12-28T14:40:20.134739
swenable_cpuintensive7.json,2025-12-11T17:44:00.544483
SWenable_memoryintensive3.json,2025-12-11T06:08:42.022747
baseline_log_memoryintensive.json,2025-08-05T17:10:22.434468
swdisable_memoryintensive_w6_3.json,2025-12-26T08:49:02.123620
mlpdisable_memoryintensive.json,2025-11-22T23:11:41.676585
swenable_mixed_w14_1.json,2026-01-03T20:38:33.658812
swenable_memoryintensive6.json,2025-12-11T15:33:42.980550
swenable_memoryintensive_w14_2.json,2025-12-28T20:01:47.373039
mlp.json,2025-11-22T10:23:58.693011
baseline_log_memoryintensive2.json,2025-08-05T19:23:25.798612
mlpenable_cpuintensive.json,2025-11-22T15:08:56.160540
SWdisable_cpuintensive4.json,2025-12-11T07:09:43.451744
swdisable_cpuintensive_w14_2.json,2025-12-28T19:40:37.816514
swdisable_memoryintensive_w14_2.json,2025-12-28T19:44:46.413455
swdisable_mixed_w8_1.json,2026-01-03T11:03:34.472358
swenable_memoryintensive8.json,2025-12-11T21:39:44.631790
swdisable_mixed_w14_1.json,2026-01-03T20:49:53.901856
swenable_cpuintensive_w12_3.json,2025-12-28T15:12:50.517866
mlp.json,2025-11-22T10:13:10.683512
swenable_cpuintensive_w4_3.json,2025-12-24T07:59:05.817611
dvfs_log_memoryintensive2.json,2025-08-05T19:34:05.883434
swdisable_memoryintensive_w4_3.json,2025-12-25T08:58:49.738707
swenable_cpuintensive_w4_3.json,2025-12-24T08:00:22.858594
swenable_mixed_w8_2.json,2026-01-03T10:42:38.741761
baseline_log_cpuintensive3.json,2025-08-08T08:27:43.360546
mlpdisable_memoryintensive3.json,2026-02-16T23:50:40.622292
swenable_cpuintensive_w10_2.json,2025-12-28T08:22:13.362353
swenable_cpuintensive_w10_1.json,2025-12-28T08:38:21.685161
swdisable_mixed_w6_2.json,2026-01-03T08:41:01.394090
swdisable_memoryintensive_w6_2.json,2025-12-26T08:15:35.169085
mlpdisable_mixed2.json,2026-02-16T23:57:06.869775
swdisable_memoryintensive_w4_3.json,2025-12-25T09:02:53.580216
swenable_cpuintensive6.json,2025-12-11T15:10:29.801751
swdisable_memoryintensive_w10_1.json,2025-12-28T09:03:08.603468
swdisable_mixed_w12_2.json,2026-01-03T19:20:49.287668
baseline_log_cpuintensive.json,2025-07-31T22:59:55.891456
swdisable_cpuintensive_w10_2.json,2025-12-28T08:00:19.450370
swdisable_memoryintensive_w12_3.json,2025-12-28T15:07:03.693240
swenable_memoryintensive_w4_2.json,2025-12-25T08:37:40.427651
SWdisable_cpuintensive8.json,2025-12-11T21:09:45.509648
dvfs_log_memoryintensive3.json,2025-08-08T08:48:23.246689
swdisable_cpuintensive_w14_1.json,2025-12-28T21:14:16.250955
swdisable_memoryintensive_w4_1.json,2025-12-25T08:16:00.048392
swdisable_mixed_w10_2.json,2026-01-03T18:45:10.613092
baseline_log_cpuintensive.json,2025-07-31T23:01:48.541316
swdisable_memoryintensive_w10_3.json,2025-12-28T07:43:24.311020
swdisable_memoryintensive_w4_2.json,2025-12-25T08:51:13.734529
swdisable_cpuintensive_w6_3.json,2025-12-26T08:42:50.009965
swenable_memoryintensive_w14_3.json,2025-12-28T15:46:20.429135
swdisable_cpuintensive_w12_3.json,2025-12-28T15:01:03.979030
swenable_cpuintensive5.json,2025-12-11T11:38:31.600424
swenable_cpuintensive_w4_1.json,2025-12-24T06:57:42.416079
swdisable_memoryintensive5.json,2025-12-11T12:43:54.790335
swdisable_memoryintensive_w10_2.json,2025-12-28T08:06:30.689375
swenable_memoryintensive_w12_3.json,2025-12-28T15:18:47.459604
swenable_cpuintensive_w10_2.json,2025-12-28T08:25:06.813140
mlpenable_cpuintensive3.json,2026-02-17T00:03:08.902418
swenable_cpuintensive_w4_1.json,2025-12-24T06:57:52.174093
swdisable_cpuintensive_4_3.json,2025-12-24T08:05:02.903410
dvfs_log_cpuintensive3.json,2025-08-08T08:17:30.904483
SWenable_cpuintensive4.json,2025-12-11T07:01:58.388457
mlp.json,2025-11-22T10:05:11.623849
swdisable_cpuintensive_w6_3.json,2025-12-26T08:42:05.278188
swdisable_memoryintensive6.json,2025-12-11T15:42:18.482922
mlp.json,2025-11-22T10:13:38.617134
swdisable_cpuintensive_w6_3.json,2025-12-26T08:40:27.029971
swdisable_memoryintensive_w12_1.json,2025-12-28T13:15:52.469183
mlpdisable_memoryintensive2.json,2026-02-16T23:30:20.121747
mlpdisable_mixed2.json,2026-02-16T23:58:13.891757
baseline_log_memoryintensive.json,2025-08-05T17:12:27.846183
swenable_memoryintensive_w12_1.json,2025-12-28T13:34:21.744824
swdisable_cpuintensive_w14_2.json,2025-12-28T19:38:04.444492
swenable_mixed_w14_1.json,2026-01-03T20:40:23.300687
mlpdisable_mixed2.json,2026-02-16T23:58:37.911080
baseline_log_memoryintensive3.json,2025-08-08T08:40:58.991946
dvfs_log_cpuintensive3.json,2025-08-08T08:20:46.792741
swenable_cpuintensive_w6_2.json,2025-12-26T07:47:53.844726
swdisable_mixed_w8_1.json,2026-01-03T11:03:49.437523
swdisable_cpuintensive5.json,2025-12-11T11:47:26.308905
swenable_mixed_w14_1.json,2026-01-03T20:38:28.839270
swenable_memoryintensive_w4_2.json,2025-12-25T08:40:50.926084
swenable_cpuintensive_w6_1.json,2025-12-26T07:00:03.364187
swenable_memoryintensive5.json,2025-12-11T12:50:27.498241
swdisable_mixed_w6_1.json,2026-01-03T09:37:47.608442
dvfs_log_memoryintensive.json,2025-08-05T16:49:58.804731
mlp.json,2025-11-22T09:55:47.223833
swdisable_mixed_w12_1.json,2026-01-03T20:10:12.132216
swdisable_memoryintensive6.json,2025-12-11T15:41:10.867054
SWdisable_cpuintensive.json,2025-11-25T02:52:02.261110
swenable_memoryintensive_w14_1.json,2025-12-28T21:08:14.270679
swdisable_memoryintensive5.json,2025-12-11T12:44:57.859943
swdisable_cpuintensive_w4_2.json,2025-12-24T07:18:43.526249
mlpenable_cpuintensive2.json,2026-02-16T22:54:30.624941
baseline_log_cpuintensive2.json,2025-08-05T20:14:41.756233
dvfs_log_cpuintensive3.json,2025-08-08T08:17:58.501107
SWdisable_memoryintensive4.json,2025-12-11T09:07:36.788409
swdisable_memoryintensive_w10_3.json,2025-12-28T07:44:52.104089
SWenable_memoryintensive2.json,2025-11-25T08:03:05.447001
mlpenable_cpuintensive.json,2025-11-22T15:08:51.560185
SWenable_memoryintensive3.json,2025-12-11T06:08:25.664306
SWenable_cpuintensive4.json,2025-12-11T07:01:00.656802
mlp.json,2025-11-22T10:24:40.384734
swenable_mixed_w8_2.json,2026-01-03T10:40:22.649263
swenable_memoryintensive8.json,2025-12-11T21:41:39.251362
swenable_mixed_w14_2.json,2026-01-03T21:01:43.843298
swdisable_memoryintensive_w6_3.json,2025-12-26T08:48:12.725454
swdisable_mixed_w4_2.json,2026-01-03T08:22:32.149945
baseline_log_memoryintensive3.json,2025-08-08T08:41:52.823255
mlp.json,2025-11-22T10:20:08.210003
swdisable_memoryintensive_w12_1.json,2025-12-28T13:17:33.120569
swdisable_memoryintensive_w4_3.json,2025-12-25T09:03:18.370389
SWdisable_cpuintensive8.json,2025-12-11T21:13:09.920811
swenable_mixed_w6_2.json,2026-01-06T21:27:10.373195
SWdisable_memoryintensive.json,2025-11-25T02:24:24.310312
swdisable_memoryintensive_w10_1.json,2025-12-28T09:02:49.170904
swdisable_cpuintensive_w12_1.json,2025-12-28T13:13:49.373919
mlpdisable_memoryintensive2.json,2026-02-16T23:31:38.270277
swdisable_mixed_w12_2.json,2026-01-03T19:22:03.131234
swdisable_mixed_w10_2.json,2026-01-03T18:44:36.665115
swdisable_cpuintensive_w10_1.json,2025-12-28T08:52:38.296930
swenable_mixed_w8_1.json,2026-01-06T21:15:11.514726
dvfs_log_memoryintensive2.json,2025-08-05T19:34:44.830817
SWdisable_memoryintensive.json,2025-11-25T02:25:08.582861
mlp.json,2025-11-22T10:21:31.203079
swenable_cpuintensive7.json,2025-12-11T17:42:58.966835
swenable_cpuintensive_w6_3.json,2025-12-26T08:56:47.837860
mlpdisable_cpuintensive3.json,2026-02-16T23:44:46.554345
swdisable_memoryintensive_w10_1.json,2025-12-28T09:03:03.658889
mlpenable_cpuintensive3.json,2026-02-17T00:03:03.696341
mlpenable_memoryintensive.json,2025-11-22T23:40:08.865831
mlp.json,2025-11-22T10:24:58.865670
swenable_memoryintensive_w10_2.json,2025-12-28T08:28:15.501511
swenable_cpuintensive_w4_2.json,2025-12-24T07:23:17.039478
SWdisable_cpuintensive8.json,2025-12-11T21:12:35.798041
swdisable_cpuintensive_4_3.json,2025-12-24T08:03:45.430235
SWdisable_memoryintensive2.json,2025-11-25T07:51:07.003550
SWenable_memoryintensive.json,2025-11-25T02:30:11.974889
swenable_mixed_w12_2.json,2026-01-03T19:14:35.214449
swenable_memoryintensive_w14_3.json,2025-12-28T15:49:15.310589
mlpenable_mixed1.json,2026-02-16T23:15:52.973218
swenable_mixed_w14_2.json,2026-01-03T21:03:06.096220
swenable_cpuintensive_w6_3.json,2025-12-26T08:57:02.141466
dvfs_log_memoryintensive3.json,2025-08-08T08:48:59.956797
SW-enable_cpuintensive3.json,2025-12-10T23:06:32.586139
swdisable_memoryintensive_w4_2.json,2025-12-25T08:50:06.415837
swenable_memoryintensive_w14_2.json,2025-12-28T20:00:36.423010
swenable_mixed_w6_2.json,2026-01-06T21:28:25.328361
swenable_cpuintensive_w14_2.json,2025-12-28T19:51:29.969734
dvfs_log_cpuintensive2.json,2025-08-05T20:23:02.212495
swenable_cpuintensive_w6_1.json,2025-12-26T06:58:03.900092
swdisable_memoryintensive_w6_1.json,2025-12-26T07:15:25.408403
swdisable_cpuintensive_w6_2.json,2025-12-26T08:08:05.612289
baseline_log_memoryintensive2.json,2025-08-05T19:25:58.025957
swdisable_mixed_w14_2.json,2026-01-03T20:53:46.406009
swdisable_memoryintensive_w10_1.json,2025-12-28T09:01:02.703202
dvfs_log_cpuintensive2.json,2025-08-05T20:24:35.542671
mlpdisable_cpuintensive2.json,2026-02-16T23:21:57.514195
swenable_memoryintensive_w12_1.json,2025-12-28T13:35:34.193659
mlpdisable_mixed1.json,2026-02-16T23:33:47.296606
swdisable_cpuintensive_w14_2.json,2025-12-28T19:36:48.984097
dvfs_log_cpuIntensive.json,2025-07-31T23:56:50.046457
swdisable_mixed_w8_2.json,2026-01-03T10:09:40.676035
dvfs_log_memoryintensive.json,2025-08-05T16:51:50.197045
swenable_memoryintensive5.json,2025-12-11T12:52:12.004832
swdisable_memoryintensive6.json,2025-12-11T15:41:15.648091
SWenable_memoryintensive2.json,2025-11-25T08:01:14.327143
swdisable_memoryintensive_w12_3.json,2025-12-28T15:05:11.197494
swdisable_memoryintensive_w14_3.json,2025-12-28T16:02:57.671349
swdisable_memoryintensive_w12_1.json,2025-12-28T13:18:27.293028
mlpdisable_cpuintensive.json,2025-11-22T15:30:59.078885
SWdisable_cpuintensive4.json,2025-12-11T07:09:58.021409
swdisable_cpuintensive5.json,2025-12-11T11:46:27.953418
dvfs_log_cpuintensive3.json,2025-08-08T08:22:08.106190
swenable_cpuintensive_w14_2.json,2025-12-28T19:54:15.844437
swenable_memoryintensive_w6_3.json,2025-12-26T09:05:25.645300
swenable_mixed_w8_1.json,2026-01-06T21:13:22.050472
baseline_log_cpuintensive3.json,2025-08-08T08:26:46.272948
swdisable_memoryintensive_w12_3.json,2025-12-28T15:03:28.931773
swdisable_cpuintensive_4_3.json,2025-12-24T08:04:18.623863
SWdisable_memoryintensive3.json,2025-12-11T06:02:09.100752
SWenable_memoryintensive2.json,2025-11-25T08:00:53.972565
swenable_mixed_w4_2.json,2026-01-03T08:31:25.301192
swdisable_memoryintensive_w6_3.json,2025-12-26T08:50:00.357379
mlp.json,2025-11-22T09:56:28.963643
mlpdisable_memoryintensive2.json,2026-02-16T23:29:32.181048
swenable_memoryintensive_w14_1.json,2025-12-28T21:08:24.194829
swdisable_memoryintensive_w10_1.json,2025-12-28T09:03:23.404947
baseline_log_memoryintensive.json,2025-08-05T17:09:47.050866
swdisable_cpuintensive_w14_3.json,2025-12-28T15:56:49.676337
mlpenable_cpuintensive2.json,2026-02-16T22:57:05.321196
swenable_memoryintensive6.json,2025-12-11T15:31:53.641197
swenable_memoryintensive_w6_1.json,2025-12-26T07:32:35.290359
swenable_memoryintensive_w12_3.json,2025-12-28T15:19:37.049284
SWenable_cpuintensive8.json,2025-12-11T21:29:23.463808
swenable_mixed_w4_2.json,2026-01-03T08:30:37.383051
mlenable_memoryintensive2.json,2026-02-16T23:10:00.201831
swdisable_cpuintensive_w6_2.json,2025-12-26T08:07:32.137123
swenable_mixed_w12_2.json,2026-01-03T19:13:43.607375
swenable_memoryintensive_w12_3.json,2025-12-28T15:21:19.087321
swdisable_mixed_w14_2.json,2026-01-03T20:54:53.900232
swenable_memoryintensive5.json,2025-12-11T12:52:48.018660
mlpdisable_memoryintensive3.json,2026-02-16T23:51:14.544225
swenable_memoryintensive_w6_1.json,2025-12-26T07:31:20.864393
mlpdisable_memoryintensive3.json,2026-02-16T23:52:31.647706
swdisable_mixed_w14_2.json,2026-01-03T20:54:39.251308
baseline_log_memoryintensive.json,2025-08-05T17:09:30.924424
swdisable_memoryintensive_w14_3.json,2025-12-28T16:03:17.030409
swenable_memoryintensive_w4_1.json,2025-12-25T08:27:03.958685
swenable_cpuintensive_w6_2.json,2025-12-26T07:48:43.397007
swdisable_mixed_w10_2.json,2026-01-03T18:47:17.313157
swdisable_cpuintensive_w10_3.json,2025-12-28T07:33:52.397438
swdisable_cpuintensive_w10_3.json,2025-12-28T07:35:29.615970
swenable_cpuintensive_w14_3.json,2025-12-28T15:40:32.986619
swdisable_cpuintensive_w10_1.json,2025-12-28T08:52:28.554429
dvfs_log_memoryintensive.json,2025-08-05T16:51:43.416555
swenable_memoryintensive8.json,2025-12-11T21:39:30.234969
swenable_mixed_w10_1.json,2026-01-03T18:21:50.634032
swdisable_cpuintensive_w4_1.json,2025-12-24T07:06:19.973153
mlpenable_memoryintensive3.json,2026-02-17T00:08:05.241581
swenable_cpuintensive_w4_2.json,2025-12-24T07:22:47.166735
swenable_mixed_w10_2.json,2026-01-03T19:01:31.675155
swenable_mixed_w10_2.json,2026-01-03T19:01:12.626940
swenable_cpuintensive_w14_3.json,2025-12-28T15:41:51.331877
baseline_log_cpuintensive.json,2025-07-31T22:59:07.631226
SWdisable_memoryintensive8.json,2025-12-11T21:51:31.464893
swdisable_memoryintensive5.json,2025-12-11T12:43:15.087660
swdisable_cpuintensive_w10_3.json,2025-12-28T07:36:08.659176
swenable_memoryintensive6.json,2025-12-11T15:34:13.319892
baseline_log_cpuintensive.json,2025-07-31T23:01:38.843982
SWenable_memoryintensive2.json,2025-11-25T08:02:19.118948
SWenable_memoryintensive3.json,2025-12-11T06:07:39.937399
SWdisable_cpuintensive4.json,2025-12-11T07:10:22.536511
SW-enable_cpuintensive3.json,2025-12-10T23:09:51.269114
swenable_memoryintensive_w12_1.json,2025-12-28T13:34:01.262856
dvfs_log_memoryintensive2.json,2025-08-05T19:33:04.201834
swdisable_cpuintensive_w6_1.json,2025-12-26T07:05:36.991724
swdisable_cpuintensive_w12_3.json,2025-12-28T15:01:47.640863
swenable_memoryintensive_w10_1.json,2025-12-28T08:48:35.986142
swenable_memoryintensive5.json,2025-12-11T12:52:32.789565
swdisable_mixed_w6_2.json,2026-01-03T08:40:27.179920
swdisable_mixed_w4_2.json,2026-01-03T08:21:23.120674
mlp.json,2025-11-22T10:22:21.753055
swenable_cpuintensive_w4_1.json,2025-12-24T06:58:48.146648
mlp.json,2025-11-22T09:47:25.354332
swenable_memoryintensive_w10_3.json,2025-12-28T07:28:34.833937
mlp.json,2025-11-22T10:10:09.023600
swenable_cpuintensive_w4_3.json,2025-12-24T07:57:13.209786
baseline_log_cpuintensive.json,2025-07-31T23:02:14.242033
swenable_cpuintensive_w10_3.json,2025-12-28T07:12:43.747555
swdisable_memoryintensive6.json,2025-12-11T15:41:25.487959
mlpdisable_memoryintensive2.json,2026-02-16T23:32:07.336708
swdisable_memoryintensive_w10_1.json,2025-12-28T09:05:40.673282
swdisable_cpuintensive5.json,2025-12-11T11:48:33.522317
SWenable_memoryintensive2.json,2025-11-25T08:04:16.696942
mlp.json,2025-11-22T10:13:01.294598
swdisable_cpuintensive_w6_2.json,2025-12-26T08:08:25.135188
swenable_memoryintensive7.json,2025-12-11T20:47:20.844369
swenable_cpuintensive_w12_2.json,2025-12-28T14:23:05.384067
swenable_memoryintensive_w14_3.json,2025-12-28T15:47:37.053358
swenable_cpuintensive6.json,2025-12-11T15:11:45.600821
swdisable_memoryintensive_w10_1.json,2025-12-28T09:05:11.574288
swdisable_mixed_w14_1.json,2026-01-03T20:51:21.750008
swenable_mixed_w4_1.json,2026-01-03T07:58:11.644591
mlp.json,2025-11-22T09:38:04.840050
swdisable_memoryintensive_w14_1.json,2025-12-28T21:24:13.006379
baseline_log_cpuintensive3.json,2025-08-08T08:28:20.762655
swdisable_cpuintensive_w6_2.json,2025-12-26T08:06:14.199563
SWenable_memoryintensive4.json,2025-12-11T08:57:59.960318
swenable_mixed_w8_1.json,2026-01-06T21:11:49.075672
SWenable_memoryintensive3.json,2025-12-11T06:11:00.665083
mlp.json,2025-11-22T09:52:22.563858
swdisable_cpuintensive_w14_1.json,2025-12-28T21:15:42.469967
mlpdisable_mixed1.json,2026-02-16T23:35:13.722694
swdisable_cpuintensive6.json,2025-12-11T13:26:32.225596
swenable_mixed_w6_2.json,2026-01-06T21:28:37.867132
swdisable_memoryintensive_w6_3.json,2025-12-26T08:49:31.176451
swdisable_memoryintensive_w12_2.json,2025-12-28T14:46:07.019405
mlp.json,2025-11-22T10:23:26.303150
SWenable_memoryintensive3.json,2025-12-11T06:11:16.775119
swenable_memoryintensive_w4_1.json,2025-12-25T08:24:53.722693
dvfs_log_memoryintensive.json,2025-08-05T16:50:29.073589
swenable_memoryintensive_w12_2.json,2025-12-28T14:34:36.102206
swdisable_cpuintensive_w10_3.json,2025-12-28T07:34:01.952226
swenable_memoryintensive8.json,2025-12-11T21:42:09.904093
mlpdisable_mixed1.json,2026-02-16T23:37:57.503653
mlp.json,2025-11-22T10:15:49.453517
swenable_mixed_w14_1.json,2026-01-03T20:38:44.063940
baseline_log_memoryintensive.json,2025-08-05T17:11:07.539945
swenable_mixed_w8_1.json,2026-01-06T21:11:53.923021
swdisable_memoryintensive_w4_2.json,2025-12-25T08:53:16.628991
swenable_memoryintensive_w12_2.json,2025-12-28T14:33:13.809883
swenable_cpuintensive_w4_3.json,2025-12-24T07:58:15.167011
swdisable_memoryintensive_w14_3.json,2025-12-28T16:06:40.701048
mlpenable_cpuintensive3.json,2026-02-17T00:02:53.832280
mlpenable_cpuintensive3.json,2026-02-17T00:05:19.057387
mlp.json,2025-11-22T09:59:19.183973
swenable_memoryintensive_w4_3.json,2025-12-25T09:09:04.625436
swdisable_memoryintensive_w6_3.json,2025-12-26T08:48:46.549138
swenable_memoryintensive_w6_2.json,2025-12-26T07:55:57.590476
swenable_cpuintensive6.json,2025-12-11T15:08:14.290274
swdisable_cpuintensive_w6_2.json,2025-12-26T08:06:18.921466
swenable_mixed_w6_2.json,2026-01-06T21:30:14.885959
dvfs_log_memoryintensive.json,2025-08-05T16:51:26.399151
swenable_memoryintensive8.json,2025-12-11T21:42:39.327664
swdisable_cpuintensive_w4_2.json,2025-12-24T07:19:13.115014
mlpdisable_cpuintensive2.json,2026-02-16T23:22:54.392698
SWdisable_memoryintensive7.json,2025-12-11T20:58:21.346716
baseline_log_memoryintensive2.json,2025-08-05T19:26:07.666532
swenable_memoryintensive_w10_1.json,2025-12-28T08:45:36.668755
swdisable_memoryintensive_w14_3.json,2025-12-28T16:07:00.373530
swenable_mixed_w4_1.json,2026-01-03T07:56:11.042114
swdisable_mixed_w12_1.json,2026-01-03T20:11:15.286488
swdisable_mixed_w14_2.json,2026-01-03T20:57:19.968498
mlpdisable_mixed1.json,2026-02-16T23:35:38.091719
swenable_mixed_w4_2.json,2026-01-03T08:32:56.943068
swdisable_cpuintensive_w10_1.json,2025-12-28T08:53:26.824157
swdisable_cpuintensive_w14_1.json,2025-12-28T21:15:02.333664
swenable_cpuintensive7.json,2025-12-11T17:42:10.589402
mlpenable_memoryintensive.json,2025-11-22T23:38:40.657726
swenable_memoryintensive_w4_1.json,2025-12-25T08:26:29.164760
mlpdisable_cpuintensive.json,2025-11-22T15:27:08.049866
swdisable_mixed_w10_2.json,2026-01-03T18:44:51.554397
baseline_log_memoryintensive.json,2025-08-05T17:12:08.602298
mlpdisable_mixed1.json,2026-02-16T23:38:31.268932
swenable_memoryintensive6.json,2025-12-11T15:33:25.511613
SWdisable_memoryintensive8.json,2025-12-11T21:52:39.393813
mlpdisable_cpuintensive2.json,2026-02-16T23:22:44.798794
mlp.json,2025-11-22T09:42:25.004091
swdisable_mixed_w8_1.json,2026-01-03T11:05:39.943036
mlpenable_memoryintensive.json,2025-11-22T23:37:16.966016
mlp.json,2025-11-22T10:18:54.433450
swdisable_memoryintensive5.json,2025-12-11T12:42:13.481983
swdisable_cpuintensive_w14_3.json,2025-12-28T15:57:18.471350
dvfs_log_cpuIntensive.json,2025-07-31T23:54:55.055981
swdisable_mixed_w14_2.json,2026-01-03T20:57:44.297278
mlp.json,2025-11-22T10:07:35.369760
swdisable_cpuintensive_w6_3.json,2025-12-26T08:40:46.123991
mlpdisable_memoryintensive3.json,2026-02-16T23:52:17.316372
swenable_memoryintensive5.json,2025-12-11T12:50:08.490817
swdisable_cpuintensive_w6_2.json,2025-12-26T08:08:44.778863
baseline_log_cpuintensive3.json,2025-08-08T08:28:07.203561
swdisable_memoryintensive_w12_3.json,2025-12-28T15:08:07.185305
SWenable_memoryintensive4.json,2025-12-11T08:59:29.341136
mlpenable_cpuintensive3.json,2026-02-17T00:05:14.121985
SW-enable_cpuintensive3.json,2025-12-10T23:10:13.050958
SWenable_memoryintensive3.json,2025-12-11T06:09:02.768697
mlp.json,2025-11-22T10:01:47.043610
swenable_mixed_w12_1.json,2026-01-03T20:17:55.449220
swenable_memoryintensive_w10_1.json,2025-12-28T08:47:27.355924
swdisable_cpuintensive_w4_2.json,2025-12-24T07:18:38.713394
swdisable_cpuintensive_w4_2.json,2025-12-24T07:16:12.451911
SWenable_memoryintensive3.json,2025-12-11T06:11:44.044196
swdisable_cpuintensive_w4_2.json,2025-12-24T07:15:30.350847
swdisable_memoryintensive_w10_2.json,2025-12-28T08:07:54.059516
mlpenable_mixed2.json,2026-02-17T00:18:40.199088
swenable_memoryintensive_w10_3.json,2025-12-28T07:27:22.104762
mlpdisable_cpuintensive.json,2025-11-22T15:28:52.819976
swenable_mixed_w10_2.json,2026-01-03T19:02:37.857460
swenable_cpuintensive_w14_2.json,2025-12-28T19:53:14.190850
swdisable_mixed_w8_1.json,2026-01-03T11:08:25.218351
swdisable_cpuintensive_w14_2.json,2025-12-28T19:40:18.187566
swdisable_cpuintensive_w14_3.json,2025-12-28T15:55:51.653340
swdisable_mixed_w6_2.json,2026-01-03T08:41:54.835887
mlp.json,2025-11-22T10:01:28.559946
baseline_log_cpuintensive2.json,2025-08-05T20:14:32.131775
swenable_cpuintensive_w6_3.json,2025-12-26T08:58:57.240570
SWdisable_cpuintensive8.json,2025-12-11T21:11:52.099158
dvfs_log_cpuintensive2.json,2025-08-05T20:23:31.181771
mlpenable_cpuintensive.json,2025-11-22T15:08:04.960484
mlp.json,2025-11-22T10:19:17.515021
swenable_mixed_w6_2.json,2026-01-06T21:26:36.445098
swenable_memoryintensive_w4_2.json,2025-12-25T08:39:55.250776
swenable_memoryintensive_w6_3.json,2025-12-26T09:04:10.050807
swdisable_cpuintensive_w12_3.json,2025-12-28T15:01:18.560427
swdisable_mixed_w10_1.json,2026-01-03T18:41:24.886356
swdisable_memoryintensive_w12_2.json,2025-12-28T14:45:42.785423
swdisable_cpuintensive_w4_1.json,2025-12-24T07:07:43.753479
swdisable_cpuintensive_w6_2.json,2025-12-26T08:09:37.997530
swenable_cpuintensive_w10_3.json,2025-12-28T07:14:11.736288
dvfs_log_memoryintensive3.json,2025-08-08T08:51:50.830338
swdisable_memoryintensive_w10_3.json,2025-12-28T07:44:17.819425
swdisable_mixed_w10_2.json,2026-01-03T18:46:14.586527
swdisable_mixed_w8_2.json,2026-01-03T10:08:03.473851
dvfs_log_memoryintensive.json,2025-08-05T16:49:21.330826
swenable_mixed_w14_2.json,2026-01-03T21:03:55.797835
swenable_cpuintensive_w6_1.json,2025-12-26T06:56:50.664960
swenable_cpuintensive_w14_2.json,2025-12-28T19:53:09.260099
SWdisable_memoryintensive8.json,2025-12-11T21:49:11.448138
swenable_mixed_w10_2.json,2026-01-03T19:03:27.111347
baseline_log_cpuintensive.json,2025-07-31T23:02:11.033267
swdisable_memoryintensive_w14_3.json,2025-12-28T16:04:26.116517
swdisable_memoryintensive_w4_2.json,2025-12-25T08:49:42.821220
swenable_memoryintensive_w4_2.json,2025-12-25T08:37:30.570846
swdisable_cpuintensive_w14_3.json,2025-12-28T15:58:03.867277
SWdisable_cpuintensive.json,2025-11-25T02:53:29.515395
SWdisable_cpuintensive4.json,2025-12-11T07:11:20.803430
swdisable_mixed_w14_2.json,2026-01-03T20:55:46.751418
swenable_mixed_w6_1.json,2026-01-03T09:20:40.286427
mlpdisable_cpuintensive2.json,2026-02-16T23:25:17.701509
swdisable_mixed_w6_2.json,2026-01-03T08:39:53.623742
mlp.json,2025-11-22T09:56:05.604224
baseline_log_cpuintensive3.json,2025-08-08T08:26:32.698439
swenable_memoryintensive_w12_3.json,2025-12-28T15:18:16.023338
swenable_cpuintensive_w14_3.json,2025-12-28T15:40:56.539723
swenable_mixed_w4_1.json,2026-01-03T07:55:24.120425
swenable_cpuintensive_w10_3.json,2025-12-28T07:13:53.035585
swenable_cpuintensive7.json,2025-12-11T17:43:24.488435
swdisable_memoryintensive_w4_3.json,2025-12-25T09:00:21.335309
swdisable_cpuintensive_w12_2.json,2025-12-28T14:40:39.460195
mlpdisable_mixed2.json,2026-02-16T23:57:25.886176
swdisable_cpuintensive_w10_2.json,2025-12-28T07:57:28.817160
swenable_memoryintensive_w4_3.json,2025-12-25T09:07:00.775433
swdisable_cpuintensive_w12_3.json,2025-12-28T14:58:26.730690
swdisable_cpuintensive_w14_1.json,2025-12-28T21:11:04.565598
swdisable_memoryintensive_w12_2.json,2025-12-28T14:46:51.826473
swdisable_cpuintensive6.json,2025-12-11T13:26:07.661330
swdisable_cpuintensive_w6_3.json,2025-12-26T08:39:53.086259
SWenable_memoryintensive2.json,2025-11-25T08:01:59.152819
swdisable_mixed_w8_1.json,2026-01-03T11:06:52.975230
swenable_cpuintensive_w6_2.json,2025-12-26T07:49:15.071496
mlp.json,2025-11-22T10:05:48.603841
swdisable_cpuintensive5.json,2025-12-11T11:48:13.792086
mlp.json,2025-11-22T10:11:56.345036
swenable_memoryintensive_w6_3.json,2025-12-26T09:03:25.895450
swdisable_cpuintensive_w14_3.json,2025-12-28T15:58:19.260402
mlp.json,2025-11-22T09:49:16.607859
swenable_cpuintensive_w4_1.json,2025-12-24T06:56:35.656197
mlp.json,2025-11-22T10:22:49.403023
swdisable_memoryintensive_w10_1.json,2025-12-28T09:03:33.229062
swenable_memoryintensive_w10_1.json,2025-12-28T08:48:46.225855
swenable_memoryintensive_w12_3.json,2025-12-28T15:18:37.209241
SWdisable_memoryintensive8.json,2025-12-11T21:49:49.931459
swenable_memoryintensive6.json,2025-12-11T15:31:25.171856
mlp.json,2025-11-22T10:06:53.673451
SW-disable_cpuintensive3.json,2025-12-10T23:20:35.961176
mlpenable_cpuintensive.json,2025-11-22T15:07:32.325123
swdisable_mixed_w14_2.json,2026-01-03T20:55:32.407154
dvfs_log_cpuintensive2.json,2025-08-05T20:25:07.769796
swenable_memoryintensive5.json,2025-12-11T12:50:32.489727
swdisable_cpuintensive_w6_3.json,2025-12-26T08:42:29.832436
baseline_log_memoryintensive3.json,2025-08-08T08:40:22.201656
swenable_mixed_w8_2.json,2026-01-03T10:41:50.601162
swdisable_memoryintensive_w12_2.json,2025-12-28T14:49:03.110826
SWenable_cpuintensive8.json,2025-12-11T21:31:44.599923
swdisable_mixed_w12_2.json,2026-01-03T19:24:07.857965
swdisable_mixed_w4_1.json,2026-01-03T08:04:36.968485
SWenable_memoryintensive4.json,2025-12-11T08:59:23.271540
swenable_mixed_w8_2.json,2026-01-03T10:41:31.299100
swdisable_mixed_w8_2.json,2026-01-03T10:09:26.296474
swenable_memoryintensive_w14_2.json,2025-12-28T19:59:20.539791
mlpenable_cpuintensive3.json,2026-02-17T00:05:57.907629
swdisable_memoryintensive5.json,2025-12-11T12:41:02.491801
swenable_cpuintensive_w6_3.json,2025-12-26T08:59:16.136752
SWdisable_cpuintensive4.json,2025-12-11T07:12:39.599192
swdisable_memoryintensive5.json,2025-12-11T12:45:41.955871
baseline_log_memoryintensive.json,2025-08-05T17:09:27.675498
mlpdisable_memoryintensive3.json,2026-02-16T23:49:38.180846
swdisable_cpuintensive_w6_1.json,2025-12-26T07:07:25.419432
mlp.json,2025-11-22T10:10:13.643713
mlpenable_memoryintensive3.json,2026-02-17T00:10:01.247285
SW-disable_cpuintensive3.json,2025-12-10T23:19:47.232617
swenable_memoryintensive_w6_2.json,2025-12-26T08:00:19.480232
swdisable_cpuintensive5.json,2025-12-11T11:47:31.049565
mlpenable_memoryintensive.json,2025-11-22T23:41:09.505626
swenable_memoryintensive7.json,2025-12-11T20:51:50.374835
baseline_log_memoryintensive3.json,2025-08-08T08:40:55.595615
swdisable_memoryintensive6.json,2025-12-11T15:39:09.939627
swenable_mixed_w8_2.json,2026-01-03T10:43:02.693590
mlpenable_cpuintensive2.json,2026-02-16T22:56:51.260247
dvfs_log_memoryintensive.json,2025-08-05T16:52:27.176028
swenable_mixed_w10_1.json,2026-01-03T18:23:50.342202
dvfs_log_memoryintensive2.json,2025-08-05T19:33:46.572108
swdisable_memoryintensive_w4_1.json,2025-12-25T08:15:16.982342
baseline_log_memoryintensive3.json,2025-08-08T08:41:02.365205
SWenable_cpuintensive.json,2025-11-25T02:56:34.664491
swenable_memoryintensive_w4_1.json,2025-12-25T08:24:48.326331
swdisable_mixed_w14_2.json,2026-01-03T20:56:55.301379
SWenable_memoryintensive3.json,2025-12-11T06:07:08.774301
swdisable_memoryintensive_w14_3.json,2025-12-28T16:02:18.717060
mlp.json,2025-11-22T10:13:57.173852
mlpdisable_memoryintensive3.json,2026-02-16T23:52:02.876525
mlpdisable_cpuintensive2.json,2026-02-16T23:21:48.218807
swdisable_memoryintensive_w10_2.json,2025-12-28T08:03:28.050249
mlp.json,2025-11-22T10:10:27.563433
swdisable_memoryintensive_w12_3.json,2025-12-28T15:06:04.710078
swenable_cpuintensive7.json,2025-12-11T17:41:08.548650
SW-disable_cpuintensive3.json,2025-12-10T23:16:27.319367
mlp.json,2025-11-22T09:51:03.424275
swenable_cpuintensive_w12_1.json,2025-12-28T13:26:21.596414
dvfs_log_cpuintensive3.json,2025-08-08T08:18:42.034835
swenable_memoryintensive8.json,2025-12-11T21:44:16.169287
swenable_mixed_w8_2.json,2026-01-03T10:43:49.219161
SWdisable_memoryintensive4.json,2025-12-11T09:10:22.907759
swenable_mixed_w6_2.json,2026-01-06T21:31:30.197717
swenable_memoryintensive_w12_2.json,2025-12-28T14:31:41.416308
swdisable_mixed_w10_1.json,2026-01-03T18:41:44.464054
mlpdisable_memoryintensive2.json,2026-02-16T23:30:53.992989
swenable_memoryintensive_w4_2.json,2025-12-25T08:41:46.408542
SWenable_cpuintensive4.json,2025-12-11T07:01:53.148677
mlpenable_cpuintensive2.json,2026-02-16T22:54:16.751507
mlp.json,2025-11-22T09:48:39.584815
swdisable_memoryintensive_w12_3.json,2025-12-28T15:03:14.373137
swdisable_memoryintensive_w12_1.json,2025-12-28T13:16:39.917661
mlp.json,2025-11-22T10:06:07.313748
swenable_cpuintensive_w6_2.json,2025-12-26T07:47:18.087446
swenable_memoryintensive6.json,2025-12-11T15:31:15.985404
swenable_mixed_w4_1.json,2026-01-03T07:54:38.355881
swdisable_mixed_w14_1.json,2026-01-03T20:50:32.982378
swenable_memoryintensive_w14_3.json,2025-12-28T15:50:57.660123
swdisable_memoryintensive_w12_3.json,2025-12-28T15:03:52.760232
swenable_memoryintensive_w4_2.json,2025-12-25T08:38:15.736388
baseline_log_cpuintensive3.json,2025-08-08T08:27:57.086710
dvfs_log_memoryintensive3.json,2025-08-08T08:51:54.358456
swdisable_mixed_w10_2.json,2026-01-03T18:44:27.113441
swdisable_mixed_w10_1.json,2026-01-03T18:39:28.331225
swdisable_memoryintensive_w14_3.json,2025-12-28T16:05:38.543702
swenable_memoryintensive_w6_1.json,2025-12-26T07:35:37.655291
swenable_memoryintensive_w4_2.json,2025-12-25T08:37:49.974614
swdisable_mixed_w12_1.json,2026-01-03T20:12:33.154684
swdisable_memoryintensive_w6_1.json,2025-12-26T07:15:15.164674
swdisable_cpuintensive_w14_2.json,2025-12-28T19:39:15.622148
mlpenable_cpuintensive3.json,2026-02-17T00:03:37.620160
swenable_mixed_w12_2.json,2026-01-03T19:13:48.655121
swdisable_cpuintensive5.json,2025-12-11T11:49:27.017694
swdisable_memoryintensive_w4_2.json,2025-12-25T08:52:22.715902
swenable_memoryintensive6.json,2025-12-11T15:34:41.711565
swenable_cpuintensive_w10_3.json,2025-12-28T07:13:43.639828
swdisable_memoryintensive6.json,2025-12-11T15:38:31.311228
dvfs_log_cpuIntensive.json,2025-07-31T23:56:19.758236
swenable_mixed_w12_1.json,2026-01-03T20:19:30.493570
swdisable_memoryintensive_w4_1.json,2025-12-25T08:18:14.205764
swenable_memoryintensive_w4_1.json,2025-12-25T08:24:38.868398
swenable_mixed_w8_1.json,2026-01-06T21:13:17.264353
baseline_log_cpuintensive.json,2025-07-31T23:02:20.707932
swdisable_memoryintensive_w4_2.json,2025-12-25T08:52:27.590210
swenable_mixed_w12_2.json,2026-01-03T19:12:49.403359
mlp.json,2025-11-22T09:58:14.923683
swdisable_mixed_w4_2.json,2026-01-03T08:20:53.939430
dvfs_log_cpuintensive3.json,2025-08-08T08:19:45.872409
swenable_memoryintensive8.json,2025-12-11T21:39:35.122070
swdisable_mixed_w8_1.json,2026-01-03T11:05:11.161067
swenable_memoryintensive_w14_1.json,2025-12-28T21:07:32.831283
swdisable_memoryintensive_w14_3.json,2025-12-28T16:04:11.039332
SWdisable_cpuintensive4.json,2025-12-11T07:10:27.426044
SWenable_memoryintensive.json,2025-11-25T02:29:40.121328
swdisable_memoryintensive_w10_2.json,2025-12-28T08:04:59.200490
swenable_cpuintensive_w6_1.json,2025-12-26T06:56:28.348379
swdisable_mixed_w14_2.json,2026-01-03T20:56:01.057780
swdisable_cpuintensive_w12_1.json,2025-12-28T13:10:40.704203
mlp.json,2025-11-22T10:15:35.453650
swenable_memoryintensive6.json,2025-12-11T15:32:49.674251
swenable_mixed_w12_2.json,2026-01-03T19:12:30.324203
swdisable_memoryintensive_w12_3.json,2025-12-28T15:04:02.252720
swdisable_mixed_w10_2.json,2026-01-03T18:44:31.938694
mlp.json,2025-11-22T10:09:22.375332
swdisable_mixed_w8_2.json,2026-01-03T10:09:06.580615
SWdisable_cpuintensive7.json,2025-12-11T17:34:54.737408
swdisable_cpuintensive_w10_1.json,2025-12-28T08:56:27.351070
swenable_memoryintensive_w6_3.json,2025-12-26T09:07:19.134065
mlpdisable_cpuintensive3.json,2026-02-16T23:44:07.764391
swdisable_memoryintensive_w10_2.json,2025-12-28T08:04:49.699315
swdisable_memoryintensive_w6_2.json,2025-12-26T08:16:08.801275
SWenable_memoryintensive3.json,2025-12-11T06:11:21.759924
swenable_mixed_w6_1.json,2026-01-03T09:22:40.372106
swenable_cpuintensive_w10_1.json,2025-12-28T08:38:41.440272
swdisable_mixed_w10_2.json,2026-01-03T18:49:24.273628
swenable_memoryintensive_w10_1.json,2025-12-28T08:49:02.096126
mlpenable_memoryintensive.json,2025-11-22T23:39:40.886027
swenable_mixed_w8_2.json,2026-01-03T10:42:18.628203
mlpenable_cpuintensive.json,2025-11-22T15:09:05.400528
swdisable_memoryintensive6.json,2025-12-11T15:38:55.607002
mlp.json,2025-11-22T09:54:09.174190
swdisable_cpuintensive_w14_3.json,2025-12-28T15:59:46.876037
swenable_memoryintensive6.json,2025-12-11T15:34:36.140684
swdisable_cpuintensive_w10_1.json,2025-12-28T08:53:46.651466
SWdisable_cpuintensive.json,2025-11-25T02:52:21.543853
swdisable_memoryintensive_w6_3.json,2025-12-26T08:51:18.586366
mlp.json,2025-11-22T09:45:10.983906
swenable_memoryintensive_w10_1.json,2025-12-28T08:50:04.877880
mlpenable_memoryintensive3.json,2026-02-17T00:09:56.561856
dvfs_log_cpuintensive2.json,2025-08-05T20:26:47.885768
swdisable_memoryintensive_w12_1.json,2025-12-28T13:18:02.717451
swenable_cpuintensive7.json,2025-12-11T17:42:54.359753
SW-enable_cpuintensive3.json,2025-12-10T23:10:19.084547
swenable_memoryintensive_w14_3.json,2025-12-28T15:47:42.151338
swenable_mixed_w12_2.json,2026-01-03T19:13:23.777613
swenable_mixed_w12_2.json,2026-01-03T19:12:15.340557
SWdisable_memoryintensive4.json,2025-12-11T09:07:41.529933
swdisable_mixed_w8_2.json,2026-01-03T10:11:52.284389
SWenable_cpuintensive4.json,2025-12-11T07:00:55.841297
swdisable_mixed_w4_2.json,2026-01-03T08:23:11.351452
swenable_mixed_w6_1.json,2026-01-03T09:21:38.714583
swdisable_memoryintensive_w10_2.json,2025-12-28T08:06:06.407379
mlpdisable_memoryintensive2.json,2026-02-16T23:28:24.801838
swdisable_mixed_w6_1.json,2026-01-03T09:35:07.256327
swdisable_mixed_w6_2.json,2026-01-03T08:38:44.678367
swdisable_memoryintensive_w6_1.json,2025-12-26T07:18:20.485233
SWdisable_memoryintensive7.json,2025-12-11T21:00:28.194208
swenable_memoryintensive_w4_3.json,2025-12-25T09:11:05.975149
swdisable_mixed_w6_2.json,2026-01-03T08:40:32.245670
dvfs_log_cpuIntensive.json,2025-07-31T23:57:47.332133
swdisable_memoryintensive_w14_2.json,2025-12-28T19:45:25.195695
swdisable_mixed_w12_2.json,2026-01-03T19:23:07.508813
mlp.json,2025-11-22T10:16:36.356880
swdisable_mixed_w8_1.json,2026-01-03T11:07:12.318847
dvfs_log_cpuintensive2.json,2025-08-05T20:24:51.596752
swenable_memoryintensive_w4_1.json,2025-12-25T08:27:44.185084
swdisable_mixed_w4_2.json,2026-01-03T08:25:42.277955
swdisable_memoryintensive_w12_2.json,2025-12-28T14:46:56.570814
mlpdisable_cpuintensive2.json,2026-02-16T23:25:56.032698
swdisable_memoryintensive_w4_1.json,2025-12-25T08:17:44.087721
SW-enable_cpuintensive3.json,2025-12-10T23:07:48.401078
mlp.json,2025-11-22T09:46:15.454361
mlp.json,2025-11-22T10:14:48.783591
swenable_cpuintensive_w14_3.json,2025-12-28T15:41:01.172232
swenable_cpuintensive_w10_1.json,2025-12-28T08:42:45.488635
mlp.json,2025-11-22T10:08:21.608854
swdisable_memoryintensive_w6_1.json,2025-12-26T07:18:35.646413
baseline_log_cpuintensive.json,2025-07-31T22:58:45.196832
SWdisable_cpuintensive.json,2025-11-25T02:51:32.383719
swdisable_mixed_w12_1.json,2026-01-03T20:11:54.151498
swenable_memoryintensive_w14_3.json,2025-12-28T15:46:59.091542
mlpdisable_cpuintensive.json,2025-11-22T15:29:11.372291
swdisable_cpuintensive_w14_2.json,2025-12-28T19:37:08.494530
baseline_log_cpuintensive3.json,2025-08-08T08:24:53.307754
swdisable_cpuintensive_w6_2.json,2025-12-26T08:07:03.659873
swenable_mixed_w14_1.json,2026-01-03T20:38:14.502037
swdisable_memoryintensive_w6_3.json,2025-12-26T08:47:15.143857
SWdisable_memoryintensive7.json,2025-12-11T20:58:01.930031
swenable_cpuintensive_w12_3.json,2025-12-28T15:10:01.187390
swdisable_cpuintensive_4_3.json,2025-12-24T08:05:17.213936
swdisable_memoryintensive_w14_1.json,2025-12-28T21:20:32.635493
swenable_cpuintensive6.json,2025-12-11T15:08:33.160351
swdisable_mixed_w8_1.json,2026-01-03T11:07:51.206882
swdisable_memoryintensive_w6_2.json,2025-12-26T08:18:05.845606
swdisable_memoryintensive_w6_2.json,2025-12-26T08:15:16.179643
swenable_memoryintensive_w4_1.json,2025-12-25T08:25:18.118190
swenable_cpuintensive_w4_2.json,2025-12-24T07:22:27.599640
mlp.json,2025-11-22T09:47:57.738807
mlpenable_cpuintensive3.json,2026-02-17T00:06:07.382720
mlp.json,2025-11-22T09:36:56.424466
SWdisable_cpuintensive4.json,2025-12-11T07:10:41.778939
swdisable_memoryintensive_w10_1.json,2025-12-28T09:04:32.194111
SWenable_cpuintensive8.json,2025-12-11T21:31:39.989739
swdisable_memoryintensive_w4_2.json,2025-12-25T08:52:02.740422
swenable_cpuintensive_w12_1.json,2025-12-28T13:24:39.861379
dvfs_log_memoryintensive3.json,2025-08-08T08:49:51.155612
swdisable_memoryintensive_w10_3.json,2025-12-28T07:42:30.986974
swenable_memoryintensive_w14_1.json,2025-12-28T21:07:02.639261
SWdisable_memoryintensive8.json,2025-12-11T21:52:09.926811
swenable_mixed_w10_2.json,2026-01-03T19:03:01.977791
swenable_cpuintensive_w6_1.json,2025-12-26T06:58:42.834713
SWdisable_cpuintensive.json,2025-11-25T02:50:14.695785
mlpdisable_cpuintensive3.json,2026-02-16T23:44:26.932980
mlpdisable_memoryintensive.json,2025-11-22T23:13:38.489301
swenable_memoryintensive_w4_1.json,2025-12-25T08:26:24.470749
mlpdisable_mixed2.json,2026-02-16T23:56:14.019697
mlenable_memoryintensive2.json,2026-02-16T23:08:34.622595
swdisable_memoryintensive_w4_2.json,2025-12-25T08:51:03.958284
swdisable_memoryintensive_w14_3.json,2025-12-28T16:03:26.751395
SWdisable_cpuintensive.json,2025-11-25T02:51:22.726658
swenable_cpuintensive_w10_1.json,2025-12-28T08:42:56.896700
swenable_mixed_w4_1.json,2026-01-03T07:54:22.381013
mlp.json,2025-11-22T10:05:39.413410
SW-enable_cpuintensive3.json,2025-12-10T23:05:45.640156
baseline_log_memoryintensive.json,2025-08-05T17:13:12.879788
swdisable_memoryintensive_w10_3.json,2025-12-28T07:45:16.867657
mlp.json,2025-11-22T09:58:33.243898
SWenable_cpuintensive.json,2025-11-25T02:57:21.036948
swenable_mixed_w10_2.json,2026-01-03T19:00:23.192791
SWenable_cpuintensive4.json,2025-12-11T07:02:47.551929
swdisable_mixed_w10_2.json,2026-01-03T18:45:01.056913
mlpenable_memoryintensive3.json,2026-02-17T00:12:19.449989
swenable_memoryintensive_w14_3.json,2025-12-28T15:50:14.279524
swenable_cpuintensive_w14_1.json,2025-12-28T21:03:10.168308
mlpdisable_mixed1.json,2026-02-16T23:38:12.004245
swdisable_cpuintensive_w6_1.json,2025-12-26T07:06:11.489830
dvfs_log_memoryintensive.json,2025-08-05T16:51:23.008949
swdisable_memoryintensive_w4_2.json,2025-12-25T08:52:47.350436
mlp.json,2025-11-22T10:08:31.123882
dvfs_log_cpuintensive2.json,2025-08-05T20:25:46.463094
mlpdisable_cpuintensive2.json,2026-02-16T23:23:32.236005
mlpdisable_cpuintensive.json,2025-11-22T15:28:20.423649
swdisable_cpuintensive_w10_2.json,2025-12-28T07:56:54.686514
swenable_mixed_w12_2.json,2026-01-03T19:14:11.465839
swenable_cpuintensive_w12_3.json,2025-12-28T15:12:45.886854
swenable_memoryintensive7.json,2025-12-11T20:50:45.521655
SWdisable_memoryintensive4.json,2025-12-11T09:06:57.971801
SWdisable_memoryintensive4.json,2025-12-11T09:07:16.975060
SWenable_cpuintensive.json,2025-11-25T02:58:20.123235
swdisable_cpuintensive5.json,2025-12-11T11:49:51.105469
SWdisable_memoryintensive8.json,2025-12-11T21:48:47.195027
dvfs_log_memoryintensive.json,2025-08-05T16:53:31.343331
swenable_mixed_w12_1.json,2026-01-03T20:20:51.686790
swdisable_memoryintensive_w14_2.json,2025-12-28T19:47:13.149498
swenable_mixed_w10_1.json,2026-01-03T18:21:45.832718
swdisable_memoryintensive_w10_3.json,2025-12-28T07:41:19.932413
mlpenable_mixed2.json,2026-02-17T00:17:38.548156
mlp.json,2025-11-22T09:50:44.917513
swdisable_cpuintensive_w14_1.json,2025-12-28T21:13:56.484032
swdisable_mixed_w12_2.json,2026-01-03T19:20:29.343170
swenable_mixed_w8_1.json,2026-01-06T21:13:32.016340
baseline_log_memoryintensive.json,2025-08-05T17:13:22.589681
swdisable_memoryintensive_w12_3.json,2025-12-28T15:04:16.483816
baseline_log_memoryintensive3.json,2025-08-08T08:42:12.977248
swenable_cpuintensive_w6_1.json,2025-12-26T07:01:06.265109
swdisable_memoryintensive_w14_1.json,2025-12-28T21:22:19.268090
swdisable_mixed_w4_2.json,2026-01-03T08:23:55.143659
baseline_log_memoryintensive3.json,2025-08-08T08:43:37.387164
swdisable_memoryintensive_w4_1.json,2025-12-25T08:15:31.195134
swenable_mixed_w4_1.json,2026-01-03T07:58:16.912564
baseline_log_memoryintensive.json,2025-08-05T17:12:05.395251
swdisable_cpuintensive_4_3.json,2025-12-24T08:03:11.925099
mlpdisable_memoryintensive.json,2025-11-22T23:08:39.437298
swenable_memoryintensive_w14_2.json,2025-12-28T20:00:46.935336
mlp.json,2025-11-22T09:41:47.993922
swdisable_memoryintensive_w6_2.json,2025-12-26T08:15:06.154026
mlp.json,2025-11-22T09:49:12.039469
swenable_mixed_w10_1.json,2026-01-03T18:20:27.482919
mlp.json,2025-11-22T10:23:03.243156
swenable_cpuintensive_w12_1.json,2025-12-28T13:27:22.503489
SWdisable_cpuintensive.json,2025-11-25T02:52:41.119587
mlp.json,2025-11-22T10:24:35.613404
swenable_cpuintensive_w12_3.json,2025-12-28T15:11:03.961527
dvfs_log_memoryintensive3.json,2025-08-08T08:50:52.446592
mlpenable_mixed2.json,2026-02-17T00:17:10.807281
mlp.json,2025-11-22T09:42:29.554821
swdisable_cpuintensive_w10_1.json,2025-12-28T08:56:37.185560
swdisable_memoryintensive_w14_2.json,2025-12-28T19:43:43.580276
swenable_cpuintensive_w6_3.json,2025-12-26T08:57:07.132262
mlp.json,2025-11-22T09:55:14.469032
swenable_cpuintensive_w12_3.json,2025-12-28T15:12:31.800627
swdisable_cpuintensive6.json,2025-12-11T13:24:25.859233
SWenable_memoryintensive2.json,2025-11-25T08:02:08.939698
swenable_cpuintensive6.json,2025-12-11T15:08:44.148471
swenable_cpuintensive_w14_1.json,2025-12-28T21:00:13.387788
swdisable_mixed_w6_2.json,2026-01-03T08:39:48.631267
swenable_memoryintensive_w10_2.json,2025-12-28T08:28:40.063289
swdisable_cpuintensive_w6_2.json,2025-12-26T08:08:49.561637
swenable_memoryintensive_w10_3.json,2025-12-28T07:26:13.650645
swdisable_cpuintensive_w14_3.json,2025-12-28T15:56:01.500271
swenable_cpuintensive_w6_2.json,2025-12-26T07:47:42.097276
dvfs_log_cpuintensive3.json,2025-08-08T08:19:15.450028
swdisable_memoryintensive_w12_1.json,2025-12-28T13:18:32.248418
swdisable_cpuintensive_w6_3.json,2025-12-26T08:39:48.354879
swdisable_memoryintensive_w4_2.json,2025-12-25T08:50:15.907883
dvfs_log_cpuintensive3.json,2025-08-08T08:21:27.586250
swenable_memoryintensive_w10_1.json,2025-12-28T08:50:09.994278
swdisable_memoryintensive6.json,2025-12-11T15:42:13.715987
mlp.json,2025-11-22T10:16:54.853462
SWdisable_cpuintensive4.json,2025-12-11T07:09:04.956640
swdisable_mixed_w8_2.json,2026-01-03T10:10:19.715473
dvfs_log_memoryintensive3.json,2025-08-08T08:51:16.207081
swenable_memoryintensive8.json,2025-12-11T21:40:45.908580
mlpenable_cpuintensive3.json,2026-02-17T00:04:11.304754
dvfs_log_memoryintensive.json,2025-08-05T16:54:01.693976
SW-enable_cpuintensive3.json,2025-12-10T23:07:29.022887
SWenable_memoryintensive.json,2025-11-25T02:29:19.734543
swenable_memoryintensive_w14_1.json,2025-12-28T21:08:44.756274
swenable_memoryintensive5.json,2025-12-11T12:51:36.739642
swenable_cpuintensive_w14_1.json,2025-12-28T21:02:44.810604
SWdisable_cpuintensive8.json,2025-12-11T21:10:39.109235
swdisable_cpuintensive_w10_3.json,2025-12-28T07:35:00.141122
swenable_mixed_w12_1.json,2026-01-03T20:20:36.328143
SWdisable_memoryintensive8.json,2025-12-11T21:49:20.866930
mlpdisable_cpuintensive2.json,2026-02-16T23:23:46.691652
dvfs_log_cpuintensive3.json,2025-08-08T08:21:10.602247
baseline_log_cpuintensive3.json,2025-08-08T08:28:51.043210
swenable_mixed_w14_2.json,2026-01-03T21:04:25.438963
swenable_mixed_w14_2.json,2026-01-03T21:01:57.742913
swenable_mixed_w12_2.json,2026-01-03T19:11:50.953965
swdisable_mixed_w4_1.json,2026-01-03T08:04:55.882675
swdisable_mixed_w10_1.json,2026-01-03T18:40:17.019854
swdisable_mixed_w6_2.json,2026-01-03T08:42:04.654322
mlp.json,2025-11-22T10:12:05.587313
swdisable_memoryintensive_w6_2.json,2025-12-26T08:16:37.690209
swdisable_cpuintensive_w14_3.json,2025-12-28T15:59:51.879308
mlp.json,2025-11-22T09:46:01.654322
swdisable_memoryintensive_w6_1.json,2025-12-26T07:18:01.176282
swdisable_cpuintensive_w12_1.json,2025-12-28T13:13:04.894823
swdisable_memoryintensive5.json,2025-12-11T12:41:59.333265
swdisable_cpuintensive_w6_1.json,2025-12-26T07:05:32.211027
swenable_cpuintensive_w14_2.json,2025-12-28T19:51:14.844938
swdisable_cpuintensive_w12_1.json,2025-12-28T13:10:50.399096
swdisable_cpuintensive6.json,2025-12-11T13:23:53.272958
swenable_mixed_w6_2.json,2026-01-06T21:29:00.434176
swenable_cpuintensive_w6_3.json,2025-12-26T08:59:22.813831
swenable_cpuintensive_w12_1.json,2025-12-28T13:24:05.876564
mlp.json,2025-11-22T09:54:27.683883
mlpenable_memoryintensive.json,2025-11-22T23:39:50.310858
swdisable_cpuintensive_w6_1.json,2025-12-26T07:08:29.966449
swdisable_cpuintensive_w14_3.json,2025-12-28T15:59:00.338025
mlp.json,2025-11-22T09:37:32.514152
swdisable_memoryintensive_w10_2.json,2025-12-28T08:05:51.728063
mlp.json,2025-11-22T10:08:49.643569
swenable_cpuintensive_w6_2.json,2025-12-26T07:46:52.642154
swdisable_cpuintensive_w6_3.json,2025-12-26T08:38:07.284882
swdisable_cpuintensive_w12_3.json,2025-12-28T15:00:22.828034
mlpenable_cpuintensive.json,2025-11-22T15:09:33.480391
swdisable_memoryintensive_w4_1.json,2025-12-25T08:14:24.221262
swenable_mixed_w4_1.json,2026-01-03T07:56:06.312887
mlp.json,2025-11-22T10:11:23.563808
swenable_cpuintensive_w14_2.json,2025-12-28T19:54:46.633286
swenable_memoryintensive_w14_2.json,2025-12-28T19:58:02.098877
mlp.json,2025-11-22T09:56:01.063979
swenable_cpuintensive_w6_3.json,2025-12-26T09:00:11.109187
swenable_memoryintensive_w6_2.json,2025-12-26T07:57:20.002401
swdisable_memoryintensive_w6_3.json,2025-12-26T08:48:32.114565
swdisable_cpuintensive_w4_1.json,2025-12-24T07:05:17.583203
mlpenable_memoryintensive.json,2025-11-22T23:39:08.285592
swdisable_memoryintensive_w12_2.json,2025-12-28T14:49:33.020832
swenable_cpuintensive_w14_2.json,2025-12-28T19:51:54.580085
swenable_memoryintensive_w14_2.json,2025-12-28T19:59:10.844612
SWdisable_memoryintensive4.json,2025-12-11T09:09:14.445662
swenable_memoryintensive6.json,2025-12-11T15:32:09.287084
swenable_mixed_w6_1.json,2026-01-03T09:20:30.887815
baseline_log_memoryintensive2.json,2025-08-05T19:24:21.082191
swdisable_cpuintensive_w6_1.json,2025-12-26T07:06:16.498036
swdisable_cpuintensive_w14_3.json,2025-12-28T15:55:31.381086
mlp.json,2025-11-22T10:21:17.313133
swdisable_memoryintensive5.json,2025-12-11T12:43:10.245117
SWdisable_cpuintensive.json,2025-11-25T02:50:48.317143
mlpenable_cpuintensive3.json,2026-02-17T00:02:48.956196
swenable_memoryintensive_w10_3.json,2025-12-28T07:25:48.472330
swdisable_cpuintensive_w12_3.json,2025-12-28T15:00:03.104829
mlp.json,2025-11-22T09:56:19.705689
mlpenable_mixed2.json,2026-02-17T00:18:15.601024
swdisable_memoryintensive_w12_1.json,2025-12-28T13:16:16.223970
swenable_cpuintensive_w14_3.json,2025-12-28T15:41:15.126764
swenable_mixed_w6_1.json,2026-01-03T09:20:21.438912
baseline_log_memoryintensive3.json,2025-08-08T08:39:15.138299
swdisable_cpuintensive_w6_3.json,2025-12-26T08:42:45.215082
swenable_memoryintensive_w10_3.json,2025-12-28T07:26:37.613145
mlpenable_memoryintensive.json,2025-11-22T23:40:18.377857
swdisable_cpuintensive_4_3.json,2025-12-24T08:07:15.205437
SW-disable_cpuintensive3.json,2025-12-10T23:20:16.550354
swenable_memoryintensive_w10_3.json,2025-12-28T07:27:49.805012
SWenable_memoryintensive2.json,2025-11-25T08:04:32.140812
mlp.json,2025-11-22T10:10:04.400266
SWdisable_memoryintensive4.json,2025-12-11T09:09:09.572046
mlpdisable_memoryintensive3.json,2026-02-16T23:50:02.526713
mlpdisable_cpuintensive3.json,2026-02-16T23:41:53.687775
baseline_log_memoryintensive2.json,2025-08-05T19:24:50.259397
SWdisable_cpuintensive.json,2025-11-25T02:51:47.768767
dvfs_log_memoryintensive2.json,2025-08-05T19:32:06.054787
mlp.json,2025-11-22T09:51:40.650564
mlpdisable_memoryintensive3.json,2026-02-16T23:52:22.071168
SW-enable_cpuintensive3.json,2025-12-10T23:10:08.124539
swdisable_cpuintensive_w4_1.json,2025-12-24T07:08:27.786976
swdisable_cpuintensive_w4_2.json,2025-12-24T07:15:34.931562
mlpdisable_mixed1.json,2026-02-16T23:37:33.457444
swdisable_cpuintensive_w6_1.json,2025-12-26T07:08:24.918142
swdisable_mixed_w8_1.json,2026-01-03T11:05:59.344077
swenable_cpuintensive_w10_2.json,2025-12-28T08:22:55.423581
swdisable_cpuintensive_w4_1.json,2025-12-24T07:07:23.962300
swenable_cpuintensive_w12_2.json,2025-12-28T14:24:11.124092
mlpdisable_mixed2.json,2026-02-16T23:56:09.176974
swenable_mixed_w6_1.json,2026-01-03T09:20:26.307879
swenable_memoryintensive_w6_3.json,2025-12-26T09:05:06.137611
swdisable_cpuintensive_w10_2.json,2025-12-28T08:00:14.687527
swdisable_cpuintensive_w14_2.json,2025-12-28T19:37:03.639616
swdisable_memoryintensive_w14_2.json,2025-12-28T19:46:48.476285
swenable_memoryintensive_w6_1.json,2025-12-26T07:33:51.507834
swdisable_mixed_w8_1.json,2026-01-03T11:04:27.909893
mlpdisable_mixed1.json,2026-02-16T23:35:18.474079
swenable_cpuintensive_w14_3.json,2025-12-28T15:40:18.812550
SWdisable_memoryintensive3.json,2025-12-11T06:02:33.411840
mlpenable_mixed2.json,2026-02-17T00:15:37.585741
swenable_memoryintensive_w4_1.json,2025-12-25T08:28:29.670591
swenable_cpuintensive_w4_3.json,2025-12-24T07:57:07.546253
mlpenable_mixed1.json,2026-02-16T23:14:21.206240
mlp.json,2025-11-22T10:21:26.563231
SWdisable_memoryintensive8.json,2025-12-11T21:53:18.484331
swenable_memoryintensive_w6_2.json,2025-12-26T07:57:38.677867
swdisable_cpuintensive_w4_2.json,2025-12-24T07:17:35.284525
SWenable_memoryintensive4.json,2025-12-11T09:00:11.822782
SWdisable_memoryintensive2.json,2025-11-25T07:54:25.568172
mlpenable_cpuintensive2.json,2026-02-16T22:54:21.556359
baseline_log_memoryintensive3.json,2025-08-08T08:39:25.077222
mlp.json,2025-11-22T09:41:01.724130
mlp.json,2025-11-22T09:52:17.659918
SWenable_memoryintensive4.json,2025-12-11T08:59:34.835293
swdisable_memoryintensive_w10_1.json,2025-12-28T09:04:42.283090
swdisable_cpuintensive_4_3.json,2025-12-24T08:04:53.253530
mlpdisable_cpuintensive3.json,2026-02-16T23:43:43.825269
mlpenable_cpuintensive.json,2025-11-22T15:11:06.700634
swenable_cpuintensive_w12_1.json,2025-12-28T13:24:10.864565
swdisable_mixed_w14_1.json,2026-01-03T20:47:57.505951
swdisable_cpuintensive_w6_3.json,2025-12-26T08:38:31.010975
baseline_log_memoryintensive.json,2025-08-05T17:09:43.845242
dvfs_log_cpuintensive3.json,2025-08-08T08:21:47.953101
mlpdisable_cpuintensive.json,2025-11-22T15:30:39.929659
swdisable_cpuintensive_w12_1.json,2025-12-28T13:11:15.960756
mlp.json,2025-11-22T10:03:47.794720
swenable_memoryintensive_w6_1.json,2025-12-26T07:33:56.356098
dvfs_log_memoryintensive.json,2025-08-05T16:53:17.984620
swenable_cpuintensive_w4_3.json,2025-12-24T07:57:37.018901
swenable_mixed_w12_2.json,2026-01-03T19:13:38.719390
SWdisable_memoryintensive2.json,2025-11-25T07:52:43.134260
baseline_log_cpuintensive2.json,2025-08-05T20:16:31.791471
swenable_cpuintensive_w10_2.json,2025-12-28T08:21:45.108876
swdisable_memoryintensive_w4_2.json,2025-12-25T08:52:07.699023
swdisable_memoryintensive_w12_2.json,2025-12-28T14:45:38.071558
swenable_memoryintensive_w4_2.json,2025-12-25T08:42:11.509653
swenable_cpuintensive5.json,2025-12-11T11:38:21.661325
swdisable_cpuintensive_w12_1.json,2025-12-28T13:10:12.486761
swdisable_cpuintensive_w12_3.json,2025-12-28T14:58:12.522791
swenable_cpuintensive_w10_2.json,2025-12-28T08:23:28.357304
swdisable_mixed_w10_1.json,2026-01-03T18:41:05.396424
SWdisable_cpuintensive4.json,2025-12-11T07:09:00.149135
dvfs_log_memoryintensive.json,2025-08-05T16:53:04.473957
baseline_log_cpuintensive.json,2025-07-31T23:02:30.458750
swenable_cpuintensive_w14_1.json,2025-12-28T21:01:24.022984
mlpenable_cpuintensive2.json,2026-02-16T22:54:26.125622
baseline_log_memoryintensive3.json,2025-08-08T08:42:53.354458
mlp.json,2025-11-22T09:45:01.876076
swenable_mixed_w10_1.json,2026-01-03T18:21:55.247767
baseline_log_memoryintensive.json,2025-08-05T17:13:29.003920
swdisable_mixed_w14_1.json,2026-01-03T20:49:24.702675
swdisable_memoryintensive_w6_3.json,2025-12-26T08:49:45.970706
swdisable_mixed_w12_1.json,2026-01-03T20:10:41.392622
swenable_cpuintensive_w14_1.json,2025-12-28T20:58:15.904003
SWenable_cpuintensive.json,2025-11-25T02:57:25.900404
swenable_mixed_w10_1.json,2026-01-03T18:23:16.389821
swenable_cpuintensive7.json,2025-12-11T17:42:00.700770
mlpenable_mixed1.json,2026-02-16T23:14:26.101359
dvfs_log_cpuintensive2.json,2025-08-05T20:22:46.172725
SWdisable_memoryintensive4.json,2025-12-11T09:08:30.142949
SWdisable_cpuintensive4.json,2025-12-11T07:08:21.213728
swenable_mixed_w14_2.json,2026-01-03T21:00:26.173265
SWenable_memoryintensive4.json,2025-12-11T09:00:48.098996
swenable_cpuintensive_w6_2.json,2025-12-26T07:44:42.735316
swenable_cpuintensive_w14_3.json,2025-12-28T15:41:10.495070
mlpenable_cpuintensive3.json,2026-02-17T00:04:25.810621
swenable_mixed_w10_2.json,2026-01-03T19:01:59.522106
swenable_mixed_w4_2.json,2026-01-03T08:33:28.874826
swdisable_memoryintensive_w4_3.json,2025-12-25T09:02:38.683904
swdisable_memoryintensive_w10_1.json,2025-12-28T09:04:07.872961
mlp.json,2025-11-22T10:03:52.295524
baseline_log_cpuintensive2.json,2025-08-05T20:13:59.733415
swdisable_cpuintensive6.json,2025-12-11T13:25:57.964905
swenable_cpuintensive5.json,2025-12-11T11:38:10.437418
dvfs_log_cpuintensive3.json,2025-08-08T08:17:44.603835
swdisable_mixed_w14_1.json,2026-01-03T20:48:41.309250
mlpdisable_cpuintensive2.json,2026-02-16T23:23:51.602235
swenable_cpuintensive_w12_3.json,2025-12-28T15:14:14.323480
SWdisable_cpuintensive.json,2025-11-25T02:52:50.606219
swdisable_cpuintensive_4_3.json,2025-12-24T08:03:40.703948
swenable_memoryintensive_w6_1.json,2025-12-26T07:34:13.573425
mlp.json,2025-11-22T10:05:06.853663
mlp.json,2025-11-22T10:22:12.587366
swdisable_memoryintensive_w14_1.json,2025-12-28T21:23:33.246303
mlpenable_memoryintensive.json,2025-11-22T23:39:36.179011
mlpenable_mixed2.json,2026-02-17T00:14:55.863185
swenable_mixed_w6_2.json,2026-01-06T21:26:30.727012
swenable_memoryintensive_w10_1.json,2025-12-28T08:49:28.596325
swenable_memoryintensive_w4_1.json,2025-12-25T08:24:43.630828
swdisable_cpuintensive_w4_1.json,2025-12-24T07:06:44.944605
swdisable_mixed_w10_2.json,2026-01-03T18:47:27.166898
dvfs_log_cpuintensive3.json,2025-08-08T08:21:41.288015
swdisable_cpuintensive_w10_3.json,2025-12-28T07:32:17.227917
swenable_memoryintensive_w4_3.json,2025-12-25T09:07:24.575428
swenable_memoryintensive_w14_1.json,2025-12-28T21:06:57.639311
swenable_mixed_w14_2.json,2026-01-03T21:05:18.641608
swenable_cpuintensive_w10_2.json,2025-12-28T08:20:59.745174
SWdisable_cpuintensive8.json,2025-12-11T21:12:45.452496
swenable_cpuintensive_w4_1.json,2025-12-24T06:58:42.816219
swdisable_memoryintensive_w6_1.json,2025-12-26T07:15:20.418710
swenable_cpuintensive7.json,2025-12-11T17:43:42.789514
mlpenable_memoryintensive3.json,2026-02-17T00:09:00.855301
mlpenable_memoryintensive3.json,2026-02-17T00:10:47.360491
swenable_mixed_w14_1.json,2026-01-03T20:40:37.696100
mlpenable_cpuintensive2.json,2026-02-16T22:57:42.544221
swdisable_cpuintensive_w4_2.json,2025-12-24T07:15:16.297992
SWdisable_cpuintensive4.json,2025-12-11T07:11:30.708582
baseline_log_cpuintensive2.json,2025-08-05T20:15:39.858325
swenable_memoryintensive_w10_2.json,2025-12-28T08:31:39.279506
mlp.json,2025-11-22T10:20:22.043473
mlpenable_memoryintensive3.json,2026-02-17T00:10:05.881403
SWdisable_cpuintensive8.json,2025-12-11T21:12:26.276063
dvfs_log_memoryintensive.json,2025-08-05T16:50:02.100146
swdisable_memoryintensive_w4_3.json,2025-12-25T09:02:43.716535
dvfs_log_memoryintensive2.json,2025-08-05T19:35:33.178243
mlpdisable_mixed1.json,2026-02-16T23:36:44.834533
mlp.json,2025-11-22T10:24:07.873415
swdisable_cpuintensive_w14_3.json,2025-12-28T16:00:27.556455
swenable_mixed_w12_2.json,2026-01-03T19:11:46.150787
mlpdisable_memoryintensive2.json,2026-02-16T23:30:00.880355
swdisable_memoryintensive6.json,2025-12-11T15:42:23.290897
swdisable_cpuintensive_w10_2.json,2025-12-28T07:59:30.005142
dvfs_log_memoryintensive2.json,2025-08-05T19:35:29.967813
swenable_mixed_w12_2.json,2026-01-03T19:11:30.814569
SWdisable_memoryintensive2.json,2025-11-25T07:53:56.322772
swdisable_cpuintensive_w12_3.json,2025-12-28T14:59:48.725396
mlpenable_cpuintensive.json,2025-11-22T15:11:16.010609
mlpdisable_memoryintensive3.json,2026-02-16T23:49:03.644871
mlp.json,2025-11-22T10:18:40.543279
swenable_cpuintensive_w12_3.json,2025-12-28T15:10:59.337852
swdisable_memoryintensive_w4_1.json,2025-12-25T08:16:14.632945
swenable_memoryintensive_w12_3.json,2025-12-28T15:20:23.305813
swdisable_memoryintensive_w14_1.json,2025-12-28T21:19:15.933976
swdisable_cpuintensive5.json,2025-12-11T11:50:44.642468
swenable_memoryintensive_w12_3.json,2025-12-28T15:22:31.700909
swdisable_cpuintensive_w6_3.json,2025-12-26T08:39:04.943781
swdisable_cpuintensive_w12_3.json,2025-12-28T14:57:18.798408
SWdisable_cpuintensive7.json,2025-12-11T17:36:07.124306
swdisable_memoryintensive_w14_2.json,2025-12-28T19:48:07.036717
swenable_mixed_w14_2.json,2026-01-03T21:01:34.650288
swdisable_mixed_w6_1.json,2026-01-03T09:39:25.229797
SWdisable_cpuintensive8.json,2025-12-11T21:10:14.049859
mlpdisable_mixed1.json,2026-02-16T23:37:43.070930
mlp.json,2025-11-22T09:59:33.133908
SWdisable_cpuintensive8.json,2025-12-11T21:11:07.794276
swdisable_memoryintensive_w14_1.json,2025-12-28T21:22:39.148864
mlpdisable_memoryintensive2.json,2026-02-16T23:27:17.938544
swenable_memoryintensive_w14_3.json,2025-12-28T15:49:10.496931
swenable_cpuintensive6.json,2025-12-11T15:09:20.086340
swenable_memoryintensive_w12_1.json,2025-12-28T13:34:31.605253
swenable_memoryintensive_w12_1.json,2025-12-28T13:32:41.597082
swenable_cpuintensive_w6_1.json,2025-12-26T06:59:51.035001
swenable_mixed_w4_2.json,2026-01-03T08:30:42.156730
swenable_memoryintensive_w14_2.json,2025-12-28T20:01:22.066076
swdisable_memoryintensive_w14_2.json,2025-12-28T19:44:41.396426
swenable_cpuintensive_w10_2.json,2025-12-28T08:21:54.621030
SWdisable_cpuintensive8.json,2025-12-11T21:09:36.044548
swdisable_cpuintensive_w4_1.json,2025-12-24T07:09:22.512335
swenable_cpuintensive_w12_1.json,2025-12-28T13:22:42.737456
swenable_mixed_w12_2.json,2026-01-03T19:11:16.641786
swenable_memoryintensive7.json,2025-12-11T20:48:13.904208
swenable_memoryintensive_w14_1.json,2025-12-28T21:08:54.652034
swdisable_cpuintensive_w12_1.json,2025-12-28T13:14:04.031957
mlpdisable_mixed1.json,2026-02-16T23:34:59.317554
baseline_log_memoryintensive2.json,2025-08-05T19:23:03.222275
swdisable_cpuintensive_w10_1.json,2025-12-28T08:53:12.469044
swdisable_cpuintensive_w12_3.json,2025-12-28T15:00:32.858330
swdisable_mixed_w10_1.json,2026-01-03T18:39:43.127101
swdisable_mixed_w6_2.json,2026-01-03T08:41:16.009936
swenable_memoryintensive_w12_1.json,2025-12-28T13:33:05.634803
SW-enable_cpuintensive3.json,2025-12-10T23:07:33.805257
SWenable_memoryintensive2.json,2025-11-25T08:03:20.306723
swenable_mixed_w14_2.json,2026-01-03T21:02:43.929994
swenable_memoryintensive_w10_1.json,2025-12-28T08:46:06.738841
swdisable_cpuintensive_w4_1.json,2025-12-24T07:08:18.059592
swdisable_cpuintensive_w14_3.json,2025-12-28T15:59:10.813586
swdisable_cpuintensive_w6_1.json,2025-12-26T07:04:52.570263
dvfs_log_memoryintensive3.json,2025-08-08T08:48:09.921694
swenable_mixed_w4_1.json,2026-01-03T07:58:51.174132
swdisable_mixed_w12_2.json,2026-01-03T19:22:18.010208
mlp.json,2025-11-22T09:57:14.851035
swdisable_cpuintensive_4_3.json,2025-12-24T08:07:30.057100
mlp.json,2025-11-22T09:47:53.154267
swenable_memoryintensive_w6_1.json,2025-12-26T07:33:16.030965
swdisable_mixed_w14_2.json,2026-01-03T20:56:05.987965
swdisable_memoryintensive_w10_2.json,2025-12-28T08:05:37.397856
swenable_mixed_w10_2.json,2026-01-03T19:02:04.411960
swdisable_cpuintensive_w6_2.json,2025-12-26T08:09:23.669752
swenable_mixed_w10_2.json,2026-01-03T19:02:20.856878
swenable_memoryintensive6.json,2025-12-11T15:31:06.724843
swdisable_memoryintensive_w6_3.json,2025-12-26T08:50:29.595905
swenable_cpuintensive_w10_1.json,2025-12-28T08:38:29.064422
swenable_cpuintensive_w14_3.json,2025-12-28T15:38:49.868231
baseline_log_cpuintensive3.json,2025-08-08T08:25:46.294038
swenable_memoryintensive_w12_3.json,2025-12-28T15:21:41.335908
swdisable_mixed_w12_1.json,2026-01-03T20:14:31.703475
baseline_log_cpuintensive.json,2025-07-31T23:00:37.692052
swdisable_cpuintensive5.json,2025-12-11T11:47:02.011077
swdisable_cpuintensive_w14_2.json,2025-12-28T19:37:13.345861
swdisable_mixed_w10_2.json,2026-01-03T18:46:09.654683
swenable_memoryintensive_w14_2.json,2025-12-28T20:01:26.963762
mlenable_memoryintensive2.json,2026-02-16T23:10:38.705072
mlpdisable_cpuintensive3.json,2026-02-16T23:46:38.524299
baseline_log_cpuintensive2.json,2025-08-05T20:14:02.942582
swdisable_memoryintensive_w6_3.json,2025-12-26T08:51:43.013940
swenable_memoryintensive_w10_2.json,2025-12-28T08:27:36.083782
swdisable_mixed_w8_2.json,2026-01-03T10:12:26.207443
swdisable_memoryintensive_w10_1.json,2025-12-28T09:01:21.951550
swdisable_memoryintensive_w6_3.json,2025-12-26T08:47:29.250494
swenable_memoryintensive_w4_1.json,2025-12-25T08:27:24.097829
swdisable_cpuintensive_w14_1.json,2025-12-28T21:13:51.596124
mlp.json,2025-11-22T10:21:35.846905
swdisable_cpuintensive_4_3.json,2025-12-24T08:05:26.889436
swdisable_mixed_w4_1.json,2026-01-03T08:06:33.294014
swenable_memoryintensive_w14_1.json,2025-12-28T21:06:22.339561
swenable_cpuintensive5.json,2025-12-11T11:38:46.005258
swdisable_memoryintensive_w4_3.json,2025-12-25T08:59:37.555310
SWdisable_memoryintensive8.json,2025-12-11T21:50:52.937463
mlp.json,2025-11-22T09:57:19.634014
swdisable_memoryintensive_w14_3.json,2025-12-28T16:06:45.480589
swdisable_memoryintensive_w6_2.json,2025-12-26T08:18:30.496855
swdisable_cpuintensive5.json,2025-12-11T11:50:06.037291
swenable_memoryintensive_w4_2.json,2025-12-25T08:38:25.809780
mlp.json,2025-11-22T10:12:52.223421
swenable_memoryintensive_w6_1.json,2025-12-26T07:31:52.861948
mlpenable_mixed2.json,2026-02-17T00:16:33.856176
mlp.json,2025-11-22T09:36:06.446811
swenable_memoryintensive_w6_3.json,2025-12-26T09:07:24.562039
mlpdisable_mixed2.json,2026-02-16T23:59:27.432779
swenable_cpuintensive_w6_1.json,2025-12-26T06:56:39.787432
mlp.json,2025-11-22T10:23:17.168024
swdisable_cpuintensive_w10_3.json,2025-12-28T07:33:47.618919
swdisable_memoryintensive_w4_2.json,2025-12-25T08:51:52.981806
dvfs_log_cpuintensive2.json,2025-08-05T20:23:34.389557
swdisable_cpuintensive_4_3.json,2025-12-24T08:06:55.332583
swenable_memoryintensive_w10_2.json,2025-12-28T08:27:50.359982
swenable_mixed_w8_1.json,2026-01-06T21:16:05.875251
swdisable_memoryintensive_w6_3.json,2025-12-26T08:52:07.431666
swenable_cpuintensive_w10_2.json,2025-12-28T08:22:49.083959
swdisable_mixed_w8_1.json,2026-01-03T11:08:20.328742
mlp.json,2025-11-22T10:01:19.273479
swenable_memoryintensive7.json,2025-12-11T20:49:54.804181
mlp.json,2025-11-22T09:50:58.833933
swdisable_memoryintensive_w10_1.json,2025-12-28T09:02:15.389537
mlp.json,2025-11-22T09:39:14.724530
mlp.json,2025-11-22T09:39:19.237462
mlpenable_cpuintensive.json,2025-11-22T15:06:28.283119
swdisable_mixed_w4_2.json,2026-01-03T08:21:18.370101
mlpenable_memoryintensive3.json,2026-02-17T00:07:46.480053
swenable_mixed_w8_1.json,2026-01-06T21:15:24.024271
swenable_cpuintensive_w14_2.json,2025-12-28T19:55:22.056084
swenable_cpuintensive_w10_1.json,2025-12-28T08:40:41.298007
swdisable_memoryintensive_w6_2.json,2025-12-26T08:16:13.861128
mlpdisable_memoryintensive2.json,2026-02-16T23:30:29.874044
SW-enable_cpuintensive3.json,2025-12-10T23:07:43.595671
mlp.json,2025-11-22T10:24:21.673263
mlpenable_mixed1.json,2026-02-16T23:15:00.457479
mlpenable_mixed1.json,2026-02-16T23:14:40.635427
swenable_mixed_w6_1.json,2026-01-03T09:22:16.859018
swenable_cpuintensive_w4_2.json,2025-12-24T07:22:51.817708
swdisable_cpuintensive_w4_2.json,2025-12-24T07:15:11.683360
dvfs_log_memoryintensive3.json,2025-08-08T08:47:06.102516
swenable_mixed_w14_1.json,2026-01-03T20:42:29.412587
mlp.json,2025-11-22T10:03:01.203635
swdisable_mixed_w6_2.json,2026-01-03T08:39:09.588174
swdisable_memoryintensive_w14_3.json,2025-12-28T16:05:59.738176
mlpdisable_mixed1.json,2026-02-16T23:34:30.816523
swenable_memoryintensive_w10_2.json,2025-12-28T08:28:30.641234
swdisable_memoryintensive_w14_1.json,2025-12-28T21:22:44.034792
swdisable_mixed_w10_2.json,2026-01-03T18:46:19.354396
mlpdisable_cpuintensive2.json,2026-02-16T23:22:11.881571
SWdisable_cpuintensive7.json,2025-12-11T17:35:23.442838
swdisable_cpuintensive_w6_2.json,2025-12-26T08:06:48.637748
swenable_memoryintensive_w6_2.json,2025-12-26T08:00:01.905940
mlpenable_cpuintensive2.json,2026-02-16T22:55:44.154281
swdisable_mixed_w12_2.json,2026-01-03T19:23:57.590546
swdisable_mixed_w4_2.json,2026-01-03T08:21:13.661146
swdisable_memoryintensive_w6_3.json,2025-12-26T08:50:10.351541
swenable_memoryintensive_w10_2.json,2025-12-28T08:31:07.978815
swdisable_mixed_w6_1.json,2026-01-03T09:36:53.923103
dvfs_log_memoryintensive2.json,2025-08-05T19:36:15.091114
swenable_memoryintensive_w10_3.json,2025-12-28T07:29:36.575360
SWenable_memoryintensive2.json,2025-11-25T08:03:00.249125
SWdisable_memoryintensive2.json,2025-11-25T07:51:45.151661
swenable_mixed_w8_1.json,2026-01-06T21:14:00.331813
swenable_cpuintensive_w14_2.json,2025-12-28T19:54:35.747877
swenable_cpuintensive_w14_3.json,2025-12-28T15:41:19.779987
baseline_log_cpuintensive3.json,2025-08-08T08:29:04.538031
dvfs_log_memoryintensive.json,2025-08-05T16:52:20.467894
swenable_memoryintensive_w12_3.json,2025-12-28T15:20:34.295297
swdisable_memoryintensive_w6_2.json,2025-12-26T08:17:51.381778
swenable_memoryintensive_w6_2.json,2025-12-26T07:57:48.222177
mlpenable_memoryintensive.json,2025-11-22T23:40:32.388967
swdisable_memoryintensive_w10_1.json,2025-12-28T09:01:32.262664
swenable_cpuintensive_w4_1.json,2025-12-24T06:56:40.393469
mlp.json,2025-11-22T09:51:49.824197
swdisable_cpuintensive5.json,2025-12-11T11:50:01.102678
swenable_cpuintensive_w6_1.json,2025-12-26T07:00:09.620136
swenable_cpuintensive_w6_3.json,2025-12-26T08:59:09.423737
mlpdisable_mixed2.json,2026-02-16T23:58:28.303509
SWdisable_memoryintensive4.json,2025-12-11T09:07:12.280240
mlpenable_cpuintensive3.json,2026-02-17T00:04:50.025950
swdisable_mixed_w10_1.json,2026-01-03T18:37:27.274520
baseline_log_cpuintensive2.json,2025-08-05T20:14:38.547812
swenable_memoryintensive_w14_1.json,2025-12-28T21:09:25.984449
swenable_mixed_w6_2.json,2026-01-06T21:30:36.393932
swenable_memoryintensive_w14_1.json,2025-12-28T21:09:31.339535
swenable_memoryintensive_w14_2.json,2025-12-28T19:57:52.236140
swenable_cpuintensive_w14_3.json,2025-12-28T15:42:52.922957
swenable_cpuintensive_w12_2.json,2025-12-28T14:25:02.339364
mlpenable_memoryintensive3.json,2026-02-17T00:12:38.088421
mlp.json,2025-11-22T10:01:05.423600
swdisable_memoryintensive_w12_2.json,2025-12-28T14:48:04.709771
swdisable_memoryintensive_w6_1.json,2025-12-26T07:19:00.201218
mlp.json,2025-11-22T10:22:58.463362
swdisable_cpuintensive5.json,2025-12-11T11:48:52.865225
swdisable_memoryintensive_w6_3.json,2025-12-26T08:49:07.106890
swenable_memoryintensive_w12_2.json,2025-12-28T14:31:06.799450
swenable_cpuintensive_w10_3.json,2025-12-28T07:11:29.196699
dvfs_log_cpuintensive2.json,2025-08-05T20:24:38.753364
swenable_mixed_w10_1.json,2026-01-03T18:20:56.713958
dvfs_log_memoryintensive3.json,2025-08-08T08:48:56.609166
dvfs_log_cpuintensive3.json,2025-08-08T08:19:05.317120
swenable_cpuintensive_w14_2.json,2025-12-28T19:51:09.088449
mlpdisable_mixed2.json,2026-02-16T23:59:02.547046
swdisable_cpuintensive_w6_3.json,2025-12-26T08:39:29.426869
swenable_memoryintensive6.json,2025-12-11T15:35:21.078565
swenable_memoryintensive_w4_2.json,2025-12-25T08:39:34.860361
dvfs_log_cpuIntensive.json,2025-07-31T23:54:41.726544
dvfs_log_cpuintensive2.json,2025-08-05T20:26:05.749671
SWdisable_cpuintensive4.json,2025-12-11T07:12:19.187584
swdisable_memoryintensive_w6_1.json,2025-12-26T07:16:01.139199
swenable_memoryintensive8.json,2025-12-11T21:42:21.330873
SWdisable_memoryintensive4.json,2025-12-11T09:07:02.839622
swenable_memoryintensive_w6_1.json,2025-12-26T07:34:01.259011
mlpenable_cpuintensive3.json,2026-02-17T00:03:32.903376
swdisable_memoryintensive_w10_3.json,2025-12-28T07:42:59.780532
swdisable_memoryintensive_w12_1.json,2025-12-28T13:19:51.574169
mlpenable_cpuintensive2.json,2026-02-16T22:56:13.369630
swdisable_memoryintensive_w4_1.json,2025-12-25T08:17:19.795608
swenable_cpuintensive_w10_1.json,2025-12-28T08:40:58.847931
SW-disable_cpuintensive3.json,2025-12-10T23:18:19.119361
mlpenable_cpuintensive3.json,2026-02-17T00:05:53.148003
mlp.json,2025-11-22T09:54:04.621603
mlpdisable_mixed2.json,2026-02-16T23:55:35.845037
swdisable_memoryintensive_w12_2.json,2025-12-28T14:45:28.509870
baseline_log_memoryintensive3.json,2025-08-08T08:43:40.795247
swenable_memoryintensive_w6_2.json,2025-12-26T07:59:04.373310
swenable_memoryintensive_w12_1.json,2025-12-28T13:32:03.254178
swdisable_cpuintensive6.json,2025-12-11T13:25:38.317504
mlpenable_cpuintensive2.json,2026-02-16T22:53:57.256902
swdisable_cpuintensive_w4_1.json,2025-12-24T07:06:01.116587
SWenable_memoryintensive4.json,2025-12-11T08:58:22.729991
mlp.json,2025-11-22T10:13:06.093005
dvfs_log_memoryintensive.json,2025-08-05T16:49:55.311278
swenable_memoryintensive_w10_3.json,2025-12-28T07:27:40.560251
swenable_cpuintensive_w4_1.json,2025-12-24T06:57:13.640782
swdisable_mixed_w4_1.json,2026-01-03T08:07:22.078441
swdisable_mixed_w6_2.json,2026-01-03T08:38:20.924634
swenable_memoryintensive_w10_3.json,2025-12-28T07:26:42.919784
swdisable_mixed_w4_2.json,2026-01-03T08:24:38.843075
swenable_cpuintensive_w4_3.json,2025-12-24T07:56:16.612943
baseline_log_cpuintensive2.json,2025-08-05T20:13:53.293668
mlpdisable_mixed2.json,2026-02-16T23:56:04.521109
swdisable_mixed_w4_2.json,2026-01-03T08:25:32.768825
swdisable_mixed_w8_1.json,2026-01-03T11:04:47.417493
swenable_memoryintensive_w14_3.json,2025-12-28T15:48:42.647256
swenable_cpuintensive_w6_1.json,2025-12-26T06:59:25.190762
swdisable_cpuintensive_w10_1.json,2025-12-28T08:54:54.547487
SWdisable_cpuintensive4.json,2025-12-11T07:10:37.020722
swdisable_cpuintensive_w6_2.json,2025-12-26T08:06:33.168891
SWdisable_memoryintensive8.json,2025-12-11T21:52:05.161163
swenable_cpuintensive_w6_3.json,2025-12-26T08:57:31.563375
mlpdisable_mixed2.json,2026-02-16T23:56:47.389505
mlpdisable_memoryintensive2.json,2026-02-16T23:30:34.877438
mlpenable_memoryintensive.json,2025-11-22T23:41:28.360447
swenable_memoryintensive_w4_2.json,2025-12-25T08:41:51.310523
swdisable_cpuintensive_w12_3.json,2025-12-28T15:00:53.509897
swenable_mixed_w8_2.json,2026-01-03T10:44:23.840578
mlp.json,2025-11-22T09:38:28.195512
swdisable_cpuintensive_w4_1.json,2025-12-24T07:07:53.580206
swdisable_mixed_w6_2.json,2026-01-03T08:39:33.474132
mlpenable_mixed2.json,2026-02-17T00:14:37.277863
SWenable_memoryintensive4.json,2025-12-11T08:57:45.308749
swenable_memoryintensive_w12_1.json,2025-12-28T13:31:44.077265
SWenable_cpuintensive4.json,2025-12-11T07:00:50.651453
swenable_mixed_w12_1.json,2026-01-03T20:19:56.034559
swdisable_cpuintensive6.json,2025-12-11T13:27:41.214408
mlp.json,2025-11-22T10:24:30.993378
mlp.json,2025-11-22T10:06:11.874927
swdisable_cpuintensive_w10_2.json,2025-12-28T07:56:45.172032
SW-disable_cpuintensive3.json,2025-12-10T23:18:53.377110
swenable_cpuintensive_w4_3.json,2025-12-24T07:58:26.703922
swenable_memoryintensive_w14_2.json,2025-12-28T20:01:17.032725
swdisable_cpuintensive_w10_2.json,2025-12-28T07:59:49.854474
swenable_memoryintensive_w4_1.json,2025-12-25T08:28:04.469646
swdisable_memoryintensive_w4_1.json,2025-12-25T08:16:54.471869
dvfs_log_cpuintensive2.json,2025-08-05T20:24:41.964454
mlp.json,2025-11-22T10:23:40.253122
mlp.json,2025-11-22T09:39:38.108236
mlpenable_mixed2.json,2026-02-17T00:18:10.957036
swdisable_cpuintensive6.json,2025-12-11T13:25:13.705969
swenable_memoryintensive_w12_2.json,2025-12-28T14:33:33.837238
swenable_mixed_w12_2.json,2026-01-03T19:14:57.341194
swdisable_mixed_w10_1.json,2026-01-03T18:38:00.867363
swdisable_mixed_w4_1.json,2026-01-03T08:02:59.703837
mlpenable_mixed2.json,2026-02-17T00:17:43.161711
swenable_cpuintensive_w14_2.json,2025-12-28T19:51:44.200331
mlpdisable_mixed1.json,2026-02-16T23:35:42.779542
swenable_cpuintensive_w10_3.json,2025-12-28T07:10:41.497650
swenable_cpuintensive_w6_2.json,2025-12-26T07:48:56.498502
swdisable_cpuintensive_4_3.json,2025-12-24T08:03:26.430184
mlp.json,2025-11-22T09:43:53.055945
swdisable_mixed_w12_1.json,2026-01-03T20:10:16.993583
baseline_log_memoryintensive2.json,2025-08-05T19:23:35.789845
SWenable_cpuintensive4.json,2025-12-11T07:02:36.696931
swdisable_cpuintensive_w12_2.json,2025-12-28T14:41:52.905960
swenable_mixed_w6_2.json,2026-01-06T21:30:02.155072
swdisable_mixed_w6_2.json,2026-01-03T08:41:50.069365
swdisable_mixed_w8_2.json,2026-01-03T10:09:21.483076
swdisable_cpuintensive6.json,2025-12-11T13:24:02.654874
swenable_memoryintensive_w12_1.json,2025-12-28T13:34:06.187030
swenable_cpuintensive_w14_3.json,2025-12-28T15:39:03.854931
swdisable_memoryintensive_w6_1.json,2025-12-26T07:18:05.949664
swdisable_mixed_w12_1.json,2026-01-03T20:12:53.108314
SWenable_cpuintensive.json,2025-11-25T02:56:55.804840
swdisable_mixed_w4_1.json,2026-01-03T08:03:29.033867
swdisable_memoryintensive_w4_2.json,2025-12-25T08:52:17.837316
swdisable_cpuintensive6.json,2025-12-11T13:23:15.923489
dvfs_log_cpuintensive3.json,2025-08-08T08:21:17.234364
swenable_cpuintensive_w6_1.json,2025-12-26T06:59:01.109870
swenable_mixed_w6_2.json,2026-01-06T21:28:13.826321
swenable_memoryintensive_w6_2.json,2025-12-26T07:59:26.548179
swdisable_cpuintensive_w6_1.json,2025-12-26T07:05:22.402543
swdisable_mixed_w6_2.json,2026-01-03T08:39:14.443547
dvfs_log_memoryintensive3.json,2025-08-08T08:51:40.514913
swenable_cpuintensive_w10_1.json,2025-12-28T08:41:04.822301
dvfs_log_cpuintensive2.json,2025-08-05T20:23:24.766532
dvfs_log_memoryintensive3.json,2025-08-08T08:51:43.902016
swdisable_cpuintensive_w12_2.json,2025-12-28T14:37:32.504410
swenable_memoryintensive_w14_3.json,2025-12-28T15:48:24.645626
baseline_log_memoryintensive3.json,2025-08-08T08:43:27.154694
swdisable_memoryintensive_w6_1.json,2025-12-26T07:18:40.583109
mlpdisable_mixed2.json,2026-02-16T23:59:51.452343
swenable_cpuintensive5.json,2025-12-11T11:38:36.502938
SWdisable_memoryintensive2.json,2025-11-25T07:51:40.421865
swdisable_memoryintensive_w12_1.json,2025-12-28T13:19:36.833341
baseline_log_memoryintensive2.json,2025-08-05T19:26:50.176168
swenable_cpuintensive_w14_1.json,2025-12-28T20:59:59.004404
swenable_mixed_w10_2.json,2026-01-03T19:04:02.422039
mlpdisable_mixed1.json,2026-02-16T23:35:08.944609
swenable_memoryintensive6.json,2025-12-11T15:30:55.441495
swdisable_memoryintensive_w12_1.json,2025-12-28T13:16:35.175044
swenable_cpuintensive_w12_1.json,2025-12-28T13:24:00.424338
dvfs_log_cpuintensive3.json,2025-08-08T08:17:40.875324
swenable_memoryintensive_w12_3.json,2025-12-28T15:21:35.842229
swenable_cpuintensive_w12_1.json,2025-12-28T13:25:51.350683
dvfs_log_cpuintensive3.json,2025-08-08T08:18:51.925509
baseline_log_cpuintensive3.json,2025-08-08T08:24:40.068206
dvfs_log_memoryintensive.json,2025-08-05T16:51:39.899709
mlp.json,2025-11-22T10:14:06.653678
mlpdisable_memoryintensive3.json,2026-02-16T23:50:16.711393
dvfs_log_memoryintensive2.json,2025-08-05T19:37:03.636989
dvfs_log_memoryintensive2.json,2025-08-05T19:36:28.021158
swenable_cpuintensive_w4_2.json,2025-12-24T07:22:12.854135
swdisable_cpuintensive6.json,2025-12-11T13:27:26.469680
swenable_mixed_w8_2.json,2026-01-03T10:44:18.162084
mlpdisable_mixed1.json,2026-02-16T23:36:30.458858
swdisable_cpuintensive_w14_2.json,2025-12-28T19:38:24.716349
swdisable_cpuintensive_w6_2.json,2025-12-26T08:09:14.026525
dvfs_log_memoryintensive3.json,2025-08-08T08:50:25.033163
swdisable_memoryintensive_w12_2.json,2025-12-28T14:46:17.398250
SWdisable_memoryintensive2.json,2025-11-25T07:55:00.667911
mlp.json,2025-11-22T10:23:21.683395
swdisable_mixed_w4_1.json,2026-01-03T08:07:02.489475
swdisable_memoryintensive_w6_1.json,2025-12-26T07:18:10.796683
swdisable_cpuintensive_w10_2.json,2025-12-28T08:00:33.917480
swdisable_memoryintensive_w4_2.json,2025-12-25T08:49:33.368000
swenable_mixed_w4_1.json,2026-01-03T07:56:30.636952
swenable_mixed_w14_1.json,2026-01-03T20:40:02.848994
swenable_memoryintensive_w10_1.json,2025-12-28T08:49:44.364625
swdisable_mixed_w6_1.json,2026-01-03T09:35:36.659984
baseline_log_memoryintensive3.json,2025-08-08T08:41:49.463237
swenable_cpuintensive_w14_2.json,2025-12-28T19:55:01.592711
baseline_log_memoryintensive.json,2025-08-05T17:14:17.250914
baseline_log_cpuintensive.json,2025-07-31T22:58:25.967078
mlp.json,2025-11-22T10:07:49.283745
swdisable_mixed_w14_2.json,2026-01-03T20:55:56.233114
swdisable_memoryintensive_w4_2.json,2025-12-25T08:53:21.451881
swenable_cpuintensive7.json,2025-12-11T17:41:27.609743
swdisable_memoryintensive_w10_1.json,2025-12-28T09:05:35.905799
mlpdisable_cpuintensive.json,2025-11-22T15:29:25.571526
swenable_memoryintensive5.json,2025-12-11T12:52:17.537000
swdisable_mixed_w4_2.json,2026-01-03T08:21:03.781739
dvfs_log_cpuIntensive.json,2025-07-31T23:56:46.717446
swdisable_memoryintensive5.json,2025-12-11T12:45:52.078843
swdisable_cpuintensive_w4_1.json,2025-12-24T07:05:46.828629
mlpenable_memoryintensive.json,2025-11-22T23:37:26.435729
swenable_cpuintensive_w10_2.json,2025-12-28T08:23:54.487609
mlpenable_memoryintensive3.json,2026-02-17T00:09:38.052407
swenable_mixed_w12_1.json,2026-01-03T20:19:04.928720
swdisable_memoryintensive_w12_2.json,2025-12-28T14:46:22.421639
SWdisable_cpuintensive7.json,2025-12-11T17:34:35.842571
swenable_cpuintensive_w10_2.json,2025-12-28T08:21:59.363377
swdisable_cpuintensive5.json,2025-12-11T11:47:50.000017
swdisable_cpuintensive_w10_3.json,2025-12-28T07:34:50.582614
swdisable_memoryintensive_w10_1.json,2025-12-28T09:05:01.906811
swdisable_cpuintensive5.json,2025-12-11T11:48:08.991108
swenable_cpuintensive5.json,2025-12-11T11:40:35.648529
swenable_memoryintensive_w10_2.json,2025-12-28T08:27:25.239436
swdisable_memoryintensive_w10_2.json,2025-12-28T08:04:11.696830
dvfs_log_memoryintensive2.json,2025-08-05T19:33:23.889589
SWdisable_memoryintensive3.json,2025-12-11T06:04:05.021249
swenable_mixed_w4_1.json,2026-01-03T07:55:02.313152
mlpenable_cpuintensive3.json,2026-02-17T00:04:16.075722
mlp.json,2025-11-22T10:14:20.613276
swenable_mixed_w6_1.json,2026-01-03T09:22:46.699546
mlp.json,2025-11-22T09:39:47.244432
baseline_log_cpuintensive2.json,2025-08-05T20:14:06.150072
mlp.json,2025-11-22T09:37:00.908046
SWenable_memoryintensive.json,2025-11-25T02:29:29.711290
swdisable_memoryintensive_w4_2.json,2025-12-25T08:49:19.264757
swdisable_cpuintensive_w4_1.json,2025-12-24T07:05:31.858350
swenable_memoryintensive_w14_2.json,2025-12-28T19:57:22.658635
mlp.json,2025-11-22T10:10:41.623869
swenable_cpuintensive6.json,2025-12-11T15:06:57.548226
swenable_mixed_w12_1.json,2026-01-03T20:16:55.742360
swenable_mixed_w8_1.json,2026-01-06T21:14:42.686450
SWenable_memoryintensive2.json,2025-11-25T08:04:37.060234
mlp.json,2025-11-22T09:56:15.156640
SWenable_memoryintensive.json,2025-11-25T02:29:24.606280
swenable_memoryintensive_w10_1.json,2025-12-28T08:46:22.089470
mlpenable_cpuintensive2.json,2026-02-16T22:54:53.864292
mlp.json,2025-11-22T09:48:48.771749
swenable_memoryintensive_w4_2.json,2025-12-25T08:42:22.069658
mlpdisable_memoryintensive3.json,2026-02-16T23:49:57.689727
swenable_memoryintensive_w10_2.json,2025-12-28T08:29:37.684698
swenable_cpuintensive_w12_3.json,2025-12-28T15:12:36.483720
baseline_log_cpuintensive3.json,2025-08-08T08:28:27.491578
swdisable_memoryintensive_w10_3.json,2025-12-28T07:41:43.629546
swenable_memoryintensive6.json,2025-12-11T15:33:49.112155
swdisable_memoryintensive_w12_1.json,2025-12-28T13:20:26.332903
swdisable_cpuintensive_w14_2.json,2025-12-28T19:40:32.852976
swdisable_memoryintensive6.json,2025-12-11T15:42:52.583574
swdisable_cpuintensive_w10_2.json,2025-12-28T07:58:22.392451
swenable_memoryintensive7.json,2025-12-11T20:49:27.007374
swenable_cpuintensive_w6_3.json,2025-12-26T08:56:57.368175
swenable_memoryintensive_w6_3.json,2025-12-26T09:06:48.834603
swdisable_memoryintensive_w4_2.json,2025-12-25T08:50:49.136684
baseline_log_cpuintensive3.json,2025-08-08T08:26:26.060354
swdisable_mixed_w6_1.json,2026-01-03T09:38:12.026774
swenable_mixed_w4_1.json,2026-01-03T07:54:48.019770
swdisable_memoryintensive_w12_1.json,2025-12-28T13:16:06.749592
SW-disable_cpuintensive3.json,2025-12-10T23:20:31.223534
swenable_cpuintensive_w6_2.json,2025-12-26T07:46:29.111011
swenable_cpuintensive_w6_3.json,2025-12-26T08:58:45.350519
SWdisable_cpuintensive.json,2025-11-25T02:53:24.759482
swenable_cpuintensive_w4_1.json,2025-12-24T06:56:16.621730
dvfs_log_cpuIntensive.json,2025-07-31T23:54:24.950854
dvfs_log_cpuIntensive.json,2025-07-31T23:54:31.694296
swenable_mixed_w6_2.json,2026-01-06T21:28:31.704252
swenable_mixed_w10_1.json,2026-01-03T18:24:16.205076
swdisable_mixed_w12_2.json,2026-01-03T19:23:52.528457
swdisable_memoryintensive_w6_3.json,2025-12-26T08:47:24.555600
swenable_cpuintensive_w10_1.json,2025-12-28T08:39:35.060386
swdisable_cpuintensive6.json,2025-12-11T13:24:35.242200
swenable_mixed_w6_1.json,2026-01-03T09:24:02.749869
swenable_cpuintensive_w10_3.json,2025-12-28T07:10:26.195631
mlpdisable_cpuintensive.json,2025-11-22T15:27:12.518872
SWdisable_memoryintensive3.json,2025-12-11T06:01:20.112922
swenable_cpuintensive_w14_2.json,2025-12-28T19:52:43.664863
swdisable_cpuintensive6.json,2025-12-11T13:26:12.646593
dvfs_log_cpuIntensive.json,2025-07-31T23:54:28.331737
mlp.json,2025-11-22T10:22:44.725711
swenable_memoryintensive_w4_2.json,2025-12-25T08:38:40.235731
swenable_memoryintensive_w10_2.json,2025-12-28T08:28:20.935144
swdisable_memoryintensive_w4_3.json,2025-12-25T09:03:28.128325
swenable_memoryintensive_w12_2.json,2025-12-28T14:30:47.197413
swdisable_cpuintensive_w6_2.json,2025-12-26T08:07:51.121524
SWenable_memoryintensive4.json,2025-12-11T08:57:50.405882
baseline_log_cpuintensive3.json,2025-08-08T08:26:59.748174
mlpdisable_cpuintensive3.json,2026-02-16T23:42:03.427167
mlp.json,2025-11-22T09:48:53.463846
swdisable_memoryintensive_w6_1.json,2025-12-26T07:19:10.018676
swenable_cpuintensive_w4_2.json,2025-12-24T07:22:17.597639
mlenable_memoryintensive2.json,2026-02-16T23:10:24.354378
swenable_memoryintensive8.json,2025-12-11T21:43:40.561214
baseline_log_memoryintensive3.json,2025-08-08T08:40:35.656469
swdisable_cpuintensive_w4_1.json,2025-12-24T07:07:18.735726
swdisable_cpuintensive_w12_2.json,2025-12-28T14:41:08.986909
mlp.json,2025-11-22T09:55:05.013829
swdisable_memoryintensive_w12_1.json,2025-12-28T13:19:41.861443
swdisable_memoryintensive_w4_3.json,2025-12-25T09:00:16.571481
SWdisable_memoryintensive2.json,2025-11-25T07:51:49.878101
swdisable_memoryintensive_w12_2.json,2025-12-28T14:48:09.613690
swenable_cpuintensive_w12_3.json,2025-12-28T15:10:45.111323
swenable_memoryintensive_w6_3.json,2025-12-26T09:05:20.864006
dvfs_log_memoryintensive3.json,2025-08-08T08:51:12.824404
swdisable_memoryintensive_w14_2.json,2025-12-28T19:45:44.494978
dvfs_log_memoryintensive2.json,2025-08-05T19:37:00.427015
swenable_memoryintensive_w4_3.json,2025-12-25T09:08:24.046568
swenable_memoryintensive8.json,2025-12-11T21:43:10.052569
SWdisable_cpuintensive4.json,2025-12-11T07:10:03.117452
swdisable_mixed_w12_1.json,2026-01-03T20:13:57.290509
mlpenable_mixed1.json,2026-02-16T23:13:42.457997
mlpenable_cpuintensive2.json,2026-02-16T22:55:48.855119
swdisable_mixed_w4_2.json,2026-01-03T08:23:45.529955
baseline_log_memoryintensive2.json,2025-08-05T19:22:30.991872
swdisable_mixed_w8_2.json,2026-01-03T10:09:16.547755
SWdisable_memoryintensive3.json,2025-12-11T05:59:29.662689
swdisable_memoryintensive_w10_2.json,2025-12-28T08:05:13.466622
swdisable_memoryintensive6.json,2025-12-11T15:39:00.424757
mlpenable_cpuintensive.json,2025-11-22T15:07:14.053770
mlpenable_memoryintensive3.json,2026-02-17T00:09:33.384221
mlpdisable_memoryintensive3.json,2026-02-16T23:50:35.845991
swenable_memoryintensive8.json,2025-12-11T21:42:27.158633
swenable_mixed_w4_2.json,2026-01-03T08:29:54.588275
swenable_cpuintensive_w10_2.json,2025-12-28T08:25:18.337621
SWdisable_cpuintensive7.json,2025-12-11T17:36:21.677264
swdisable_mixed_w14_2.json,2026-01-03T20:57:14.799812
SWdisable_cpuintensive4.json,2025-12-11T07:11:06.265730
mlp.json,2025-11-22T09:40:38.264195
swdisable_cpuintensive_w6_2.json,2025-12-26T08:09:08.926722
dvfs_log_cpuintensive3.json,2025-08-08T08:18:35.430130
swdisable_cpuintensive_w12_2.json,2025-12-28T14:39:26.407869
swdisable_mixed_w10_1.json,2026-01-03T18:41:59.325184
swenable_memoryintensive6.json,2025-12-11T15:31:39.467535
dvfs_log_cpuIntensive.json,2025-07-31T23:53:35.083618
SW-disable_cpuintensive3.json,2025-12-10T23:18:14.049209
mlpenable_cpuintensive.json,2025-11-22T15:09:19.420191
baseline_log_cpuintensive.json,2025-07-31T23:01:55.005574
swdisable_cpuintensive_w6_1.json,2025-12-26T07:07:06.194970
mlp.json,2025-11-22T10:16:08.239119
swenable_cpuintensive6.json,2025-12-11T15:07:53.027103
mlpenable_cpuintensive2.json,2026-02-16T22:53:38.793682
mlpenable_memoryintensive.json,2025-11-22T23:40:13.428597
swenable_memoryintensive_w6_2.json,2025-12-26T07:55:45.619618
mlpdisable_cpuintensive.json,2025-11-22T15:28:11.379925
mlp.json,2025-11-22T09:46:29.388212
swenable_cpuintensive_w6_1.json,2025-12-26T06:58:38.000975
mlpdisable_mixed1.json,2026-02-16T23:36:16.065779
swdisable_cpuintensive_w12_1.json,2025-12-28T13:09:33.519244
baseline_log_memoryintensive.json,2025-08-05T17:10:35.276442
SWenable_cpuintensive.json,2025-11-25T02:58:48.423777
swdisable_mixed_w6_2.json,2026-01-03T08:40:37.172560
mlpenable_mixed2.json,2026-02-17T00:17:15.406079
baseline_log_cpuintensive3.json,2025-08-08T08:26:22.790905
dvfs_log_memoryintensive2.json,2025-08-05T19:36:08.587572
SWdisable_cpuintensive8.json,2025-12-11T21:10:04.467539
swdisable_mixed_w10_2.json,2026-01-03T18:46:48.187147
swdisable_mixed_w14_2.json,2026-01-03T20:58:43.087772
mlpdisable_cpuintensive3.json,2026-02-16T23:42:12.966296
mlpenable_memoryintensive3.json,2026-02-17T00:12:00.876770
swenable_cpuintensive_w4_1.json,2025-12-24T06:55:37.921949
swdisable_cpuintensive_w6_3.json,2025-12-26T08:39:15.036423
swenable_mixed_w4_1.json,2026-01-03T07:59:11.365278
swdisable_cpuintensive_w10_3.json,2025-12-28T07:34:45.726534
swenable_mixed_w4_2.json,2026-01-03T08:33:47.384340
baseline_log_cpuintensive2.json,2025-08-05T20:15:46.274324
mlp.json,2025-11-22T10:21:45.017177
swenable_cpuintensive_w14_2.json,2025-12-28T19:55:07.010706
swenable_cpuintensive_w12_2.json,2025-12-28T14:24:15.746545
SWenable_memoryintensive3.json,2025-12-11T06:11:06.159203
swenable_cpuintensive7.json,2025-12-11T17:43:08.199712
mlp.json,2025-11-22T10:00:19.310991
swenable_memoryintensive_w12_2.json,2025-12-28T14:33:28.893028
swdisable_memoryintensive6.json,2025-12-11T15:42:04.237965
swdisable_cpuintensive_4_3.json,2025-12-24T08:05:56.629924
swdisable_mixed_w14_1.json,2026-01-03T20:47:38.107534
mlp.json,2025-11-22T09:52:08.577074
SW-enable_cpuintensive3.json,2025-12-10T23:10:24.864318
swenable_cpuintensive_w6_2.json,2025-12-26T07:45:07.059427
swenable_mixed_w8_2.json,2026-01-03T10:42:56.647036
mlpdisable_memoryintensive2.json,2026-02-16T23:30:49.253147
swdisable_cpuintensive_w12_2.json,2025-12-28T14:41:13.743049
swdisable_mixed_w10_1.json,2026-01-03T18:40:21.839386
swenable_memoryintensive7.json,2025-12-11T20:47:25.684720
mlpdisable_cpuintensive.json,2025-11-22T15:26:32.023619
swdisable_cpuintensive5.json,2025-12-11T11:49:56.089972
swdisable_mixed_w12_2.json,2026-01-03T19:21:04.078937
swenable_memoryintensive_w4_3.json,2025-12-25T09:10:55.767223
swdisable_cpuintensive_w6_1.json,2025-12-26T07:09:09.058477
swenable_memoryintensive_w4_1.json,2025-12-25T08:25:39.060104
swdisable_cpuintensive5.json,2025-12-11T11:48:18.556024
swdisable_memoryintensive_w6_2.json,2025-12-26T08:19:29.132030
mlpenable_memoryintensive.json,2025-11-22T23:38:26.607850
swdisable_cpuintensive5.json,2025-12-11T11:50:10.812483
swenable_memoryintensive_w12_2.json,2025-12-28T14:30:30.445309
swenable_memoryintensive_w10_3.json,2025-12-28T07:28:57.934651
swdisable_cpuintensive_w6_3.json,2025-12-26T08:41:50.097406
dvfs_log_memoryintensive2.json,2025-08-05T19:33:17.127513
swenable_memoryintensive8.json,2025-12-11T21:40:50.502611
swenable_cpuintensive_w14_3.json,2025-12-28T15:40:04.577290
swdisable_memoryintensive_w14_1.json,2025-12-28T21:20:13.369604
mlpenable_cpuintensive3.json,2026-02-17T00:03:56.752442
dvfs_log_cpuIntensive.json,2025-07-31T23:55:41.975738
swdisable_mixed_w8_2.json,2026-01-03T10:08:42.514388
swdisable_mixed_w14_2.json,2026-01-03T20:57:04.854667
swdisable_cpuintensive_w6_1.json,2025-12-26T07:07:20.611134
swdisable_memoryintensive_w10_1.json,2025-12-28T09:01:36.994930
swenable_memoryintensive_w14_1.json,2025-12-28T21:08:29.186466
swdisable_cpuintensive_w6_2.json,2025-12-26T08:10:37.017139
mlp.json,2025-11-22T09:37:28.058283
swenable_cpuintensive_w12_3.json,2025-12-28T15:10:06.937939
swdisable_memoryintensive_w6_1.json,2025-12-26T07:15:40.727479
swdisable_memoryintensive_w10_3.json,2025-12-28T07:43:53.468003
SWdisable_memoryintensive7.json,2025-12-11T20:57:18.223950
swenable_cpuintensive_w12_3.json,2025-12-28T15:14:43.328943
swdisable_memoryintensive_w12_1.json,2025-12-28T13:15:57.229597
baseline_log_cpuintensive3.json,2025-08-08T08:25:16.489370
swdisable_mixed_w14_2.json,2026-01-03T20:55:12.832368
swdisable_mixed_w6_2.json,2026-01-03T08:38:59.631761
baseline_log_memoryintensive3.json,2025-08-08T08:41:19.143845
swdisable_cpuintensive5.json,2025-12-11T11:50:30.282308
mlpenable_mixed2.json,2026-02-17T00:15:42.157996
swenable_cpuintensive_w12_2.json,2025-12-28T14:24:29.836498
mlpdisable_mixed1.json,2026-02-16T23:34:26.118212
mlpenable_memoryintensive3.json,2026-02-17T00:11:27.156882
swenable_cpuintensive_w4_2.json,2025-12-24T07:21:23.632143
swenable_cpuintensive_w6_2.json,2025-12-26T07:46:33.844718
SWdisable_cpuintensive8.json,2025-12-11T21:09:16.934378
baseline_log_cpuintensive2.json,2025-08-05T20:15:56.018098
mlpdisable_memoryintensive3.json,2026-02-16T23:49:33.165737
swenable_memoryintensive5.json,2025-12-11T12:52:02.115098
mlpenable_mixed2.json,2026-02-17T00:15:32.873186
dvfs_log_memoryintensive.json,2025-08-05T16:53:24.735341
swdisable_mixed_w6_2.json,2026-01-03T08:38:49.476840
mlp.json,2025-11-22T10:13:29.253622
SWdisable_memoryintensive8.json,2025-12-11T21:53:08.844722
swenable_memoryintensive5.json,2025-12-11T12:49:23.720171
swenable_cpuintensive_w6_3.json,2025-12-26T08:58:02.676125
SWenable_memoryintensive4.json,2025-12-11T09:00:07.003090
swenable_cpuintensive_w4_3.json,2025-12-24T07:56:12.045263
mlpdisable_cpuintensive.json,2025-11-22T15:27:39.813008
swenable_memoryintensive_w6_2.json,2025-12-26T07:57:24.608796
swdisable_mixed_w10_1.json,2026-01-03T18:37:51.052473
baseline_log_cpuintensive3.json,2025-08-08T08:26:56.394564
mlenable_memoryintensive2.json,2026-02-16T23:09:50.328758
swenable_cpuintensive_w12_1.json,2025-12-28T13:26:42.009492
swenable_mixed_w4_1.json,2026-01-03T07:58:55.875397
swdisable_memoryintensive_w10_3.json,2025-12-28T07:42:07.279945
mlp.json,2025-11-22T09:36:51.970028
baseline_log_cpuintensive2.json,2025-08-05T20:15:36.650280
swdisable_memoryintensive_w10_1.json,2025-12-28T09:05:16.627518
baseline_log_memoryintensive.json,2025-08-05T17:10:15.937630
dvfs_log_cpuIntensive.json,2025-07-31T23:56:40.136855
swenable_cpuintensive_w10_3.json,2025-12-28T07:15:16.176537
baseline_log_memoryintensive3.json,2025-08-08T08:41:59.544387
swenable_mixed_w6_1.json,2026-01-03T09:23:39.395693
SWdisable_memoryintensive2.json,2025-11-25T07:51:54.663344
SWdisable_cpuintensive.json,2025-11-25T02:51:42.737816
SWdisable_cpuintensive8.json,2025-12-11T21:11:56.846476
baseline_log_memoryintensive3.json,2025-08-08T08:43:54.403450
swdisable_memoryintensive_w10_3.json,2025-12-28T07:42:45.236339
SWdisable_memoryintensive2.json,2025-11-25T07:53:51.393621
swenable_cpuintensive_w4_3.json,2025-12-24T07:59:40.198730
swdisable_mixed_w14_1.json,2026-01-03T20:46:59.280666
swdisable_memoryintensive5.json,2025-12-11T12:43:20.052692
mlpdisable_memoryintensive3.json,2026-02-16T23:50:59.964970
swenable_memoryintensive8.json,2025-12-11T21:40:31.962327
swdisable_mixed_w4_1.json,2026-01-03T08:06:28.486345
swdisable_memoryintensive_w4_3.json,2025-12-25T09:02:23.885187
SWenable_memoryintensive3.json,2025-12-11T06:11:27.143876
swenable_cpuintensive_w4_3.json,2025-12-24T07:57:27.479987
swdisable_memoryintensive_w14_3.json,2025-12-28T16:06:50.382684
swenable_mixed_w10_1.json,2026-01-03T18:19:30.324761
swenable_memoryintensive_w6_3.json,2025-12-26T09:04:30.183183
mlp.json,2025-11-22T10:18:12.923340
dvfs_log_memoryintensive2.json,2025-08-05T19:32:31.915049
swdisable_mixed_w8_1.json,2026-01-03T11:07:02.600706
mlpdisable_mixed1.json,2026-02-16T23:36:25.651193
mlpdisable_memoryintensive3.json,2026-02-16T23:47:46.025929
swdisable_cpuintensive_w12_1.json,2025-12-28T13:10:26.623504
swenable_memoryintensive_w14_3.json,2025-12-28T15:50:01.584416
swdisable_cpuintensive5.json,2025-12-11T11:48:43.035554
swenable_mixed_w12_2.json,2026-01-03T19:12:39.931415
swdisable_mixed_w14_1.json,2026-01-03T20:49:34.570111
swenable_memoryintensive_w4_1.json,2025-12-25T08:24:33.725425
swdisable_cpuintensive_w12_1.json,2025-12-28T13:09:42.912009
swdisable_cpuintensive_w12_1.json,2025-12-28T13:11:11.111728
SWenable_cpuintensive8.json,2025-12-11T21:31:08.808014
mlp.json,2025-11-22T09:54:37.070760
SWenable_cpuintensive8.json,2025-12-11T21:30:07.572458
swenable_mixed_w10_1.json,2026-01-03T18:22:13.955347
mlpdisable_memoryintensive3.json,2026-02-16T23:49:13.204556
SWdisable_cpuintensive.json,2025-11-25T02:50:29.111761
swdisable_mixed_w12_2.json,2026-01-03T19:24:27.463647
mlp.json,2025-11-22T09:35:48.505298
swenable_memoryintensive7.json,2025-12-11T20:50:05.228621
swenable_memoryintensive6.json,2025-12-11T15:32:43.623994
swenable_mixed_w10_1.json,2026-01-03T18:21:36.600441
swdisable_cpuintensive_w14_1.json,2025-12-28T21:11:32.805820
SWenable_memoryintensive3.json,2025-12-11T06:08:15.251327
mlp.json,2025-11-22T09:46:20.219033
swenable_mixed_w4_1.json,2026-01-03T07:55:46.782059
mlpenable_memoryintensive3.json,2026-02-17T00:11:46.426499
baseline_log_cpuintensive3.json,2025-08-08T08:28:03.812100
swdisable_cpuintensive_w14_3.json,2025-12-28T15:55:41.969304
baseline_log_cpuintensive2.json,2025-08-05T20:17:59.001177
swdisable_cpuintensive_w6_1.json,2025-12-26T07:05:17.457598
mlpenable_mixed1.json,2026-02-16T23:13:18.700669
SWdisable_memoryintensive3.json,2025-12-11T06:01:49.211569
mlpenable_cpuintensive2.json,2026-02-16T22:54:58.439003
baseline_log_memoryintensive2.json,2025-08-05T19:23:29.042800
baseline_log_memoryintensive2.json,2025-08-05T19:26:36.939129
swenable_cpuintensive5.json,2025-12-11T11:38:16.352763
swdisable_memoryintensive_w6_1.json,2025-12-26T07:19:15.053065
baseline_log_cpuintensive.json,2025-07-31T23:00:05.512028
swenable_mixed_w12_1.json,2026-01-03T20:20:16.472551
mlpdisable_mixed2.json,2026-02-16T23:55:59.773341
baseline_log_memoryintensive2.json,2025-08-05T19:26:56.595612
mlpenable_mixed1.json,2026-02-16T23:17:15.193720
mlpenable_mixed2.json,2026-02-17T00:17:47.770831
SWenable_memoryintensive3.json,2025-12-11T06:09:56.044709
swenable_memoryintensive_w10_1.json,2025-12-28T08:46:42.552675
swenable_memoryintensive5.json,2025-12-11T12:49:38.469804
dvfs_log_cpuintensive3.json,2025-08-08T08:22:04.838968
mlpdisable_cpuintensive2.json,2026-02-16T23:24:48.855861
swenable_cpuintensive_w14_1.json,2025-12-28T20:59:54.220068
swdisable_cpuintensive_w12_2.json,2025-12-28T14:38:12.254600
mlpenable_memoryintensive.json,2025-11-22T23:39:12.795979
swdisable_memoryintensive_w4_2.json,2025-12-25T08:51:28.475390
swenable_memoryintensive_w4_1.json,2025-12-25T08:27:14.292537
swdisable_mixed_w6_2.json,2026-01-03T08:39:38.497638
swenable_memoryintensive7.json,2025-12-11T20:50:51.440486
dvfs_log_memoryintensive2.json,2025-08-05T19:36:47.313512
swenable_mixed_w8_1.json,2026-01-06T21:12:48.586665
swenable_cpuintensive_w4_1.json,2025-12-24T06:58:22.443806
swdisable_mixed_w6_1.json,2026-01-03T09:37:57.109945
mlpdisable_mixed1.json,2026-02-16T23:35:04.173143
mlp.json,2025-11-22T10:09:17.653730
mlpdisable_mixed2.json,2026-02-16T23:55:07.524112
swdisable_memoryintensive6.json,2025-12-11T15:41:30.307146
swenable_memoryintensive_w4_3.json,2025-12-25T09:10:35.301167
swenable_cpuintensive_w14_1.json,2025-12-28T21:02:19.425527
SW-disable_cpuintensive3.json,2025-12-10T23:16:46.280652
mlpdisable_cpuintensive3.json,2026-02-16T23:44:22.107930
mlpenable_cpuintensive.json,2025-11-22T15:09:10.043485
swdisable_cpuintensive_w6_3.json,2025-12-26T08:38:55.437115
dvfs_log_memoryintensive2.json,2025-08-05T19:33:07.411206
swdisable_mixed_w8_2.json,2026-01-03T10:07:58.664738
swdisable_memoryintensive_w14_3.json,2025-12-28T16:06:55.347763
dvfs_log_cpuIntensive.json,2025-07-31T23:57:06.765453
baseline_log_cpuintensive2.json,2025-08-05T20:15:59.313882
dvfs_log_memoryintensive3.json,2025-08-08T08:48:19.873656
swenable_mixed_w4_2.json,2026-01-03T08:31:08.743597
dvfs_log_memoryintensive3.json,2025-08-08T08:49:57.985995
mlpdisable_memoryintensive2.json,2026-02-16T23:32:02.430424
swdisable_memoryintensive_w12_1.json,2025-12-28T13:17:38.026336
swenable_cpuintensive_w10_2.json,2025-12-28T08:22:19.717277
swenable_mixed_w6_1.json,2026-01-03T09:24:19.368607
mlp.json,2025-11-22T09:41:10.944144
baseline_log_memoryintensive3.json,2025-08-08T08:39:18.492318
swenable_mixed_w8_2.json,2026-01-03T10:40:08.206808
dvfs_log_memoryintensive.json,2025-08-05T16:52:17.120182
mlpenable_cpuintensive2.json,2026-02-16T22:56:32.576607
swenable_cpuintensive6.json,2025-12-11T15:08:55.259428
swenable_cpuintensive_w10_1.json,2025-12-28T08:39:49.348270
mlpenable_mixed1.json,2026-02-16T23:17:44.094436
dvfs_log_memoryintensive3.json,2025-08-08T08:47:12.738058
swdisable_cpuintensive_w10_1.json,2025-12-28T08:56:51.955973
swenable_memoryintensive_w14_2.json,2025-12-28T20:01:11.985693
swenable_memoryintensive_w10_2.json,2025-12-28T08:29:42.442898
mlpenable_cpuintensive3.json,2026-02-17T00:04:54.808988
mlp.json,2025-11-22T10:13:20.123557
swdisable_mixed_w12_2.json,2026-01-03T19:20:54.334297
baseline_log_cpuintensive2.json,2025-08-05T20:15:23.671833
swdisable_memoryintensive_w4_1.json,2025-12-25T08:18:19.000631
swdisable_mixed_w6_2.json,2026-01-03T08:42:14.621425
dvfs_log_cpuintensive3.json,2025-08-08T08:21:30.952380
swenable_mixed_w6_2.json,2026-01-06T21:30:31.270956
swdisable_mixed_w8_2.json,2026-01-03T10:10:29.245215
swdisable_cpuintensive_w12_3.json,2025-12-28T15:00:43.191569
swenable_mixed_w14_2.json,2026-01-03T21:02:38.349141
swdisable_cpuintensive_w10_3.json,2025-12-28T07:36:57.685740
swdisable_cpuintensive_w6_1.json,2025-12-26T07:06:41.215194
baseline_log_cpuintensive3.json,2025-08-08T08:26:53.027258
swdisable_memoryintensive_w14_3.json,2025-12-28T16:04:56.739952
swenable_mixed_w6_2.json,2026-01-06T21:28:00.817929
dvfs_log_memoryintensive.json,2025-08-05T16:50:25.714284
mlp.json,2025-11-22T09:44:16.098442
swenable_cpuintensive_w4_1.json,2025-12-24T06:56:49.723923
swenable_mixed_w10_1.json,2026-01-03T18:23:40.775891
swdisable_cpuintensive_w10_3.json,2025-12-28T07:32:50.508973
swdisable_mixed_w14_2.json,2026-01-03T20:57:24.919527
swdisable_memoryintensive_w12_2.json,2025-12-28T14:44:44.475206
mlpenable_cpuintensive2.json,2026-02-16T22:55:25.844680
swenable_memoryintensive_w6_3.json,2025-12-26T09:07:52.549501
SWdisable_memoryintensive2.json,2025-11-25T07:54:11.064788
swenable_memoryintensive_w10_1.json,2025-12-28T08:49:23.258012
dvfs_log_cpuIntensive.json,2025-07-31T23:56:43.427530
mlpenable_memoryintensive3.json,2026-02-17T00:07:55.923722
swdisable_mixed_w8_1.json,2026-01-03T11:06:18.690647
mlp.json,2025-11-22T10:17:40.703602
swdisable_mixed_w4_2.json,2026-01-03T08:22:17.506198
swenable_memoryintensive5.json,2025-12-11T12:53:08.041589
swenable_mixed_w10_1.json,2026-01-03T18:23:45.400761
swdisable_memoryintensive_w4_3.json,2025-12-25T09:01:15.045424
mlpdisable_memoryintensive3.json,2026-02-16T23:51:43.589537
swenable_mixed_w8_2.json,2026-01-03T10:42:13.852595
swdisable_cpuintensive_w12_3.json,2025-12-28T14:59:39.006307
SWenable_memoryintensive3.json,2025-12-11T06:08:10.157819
swdisable_memoryintensive_w14_2.json,2025-12-28T19:43:23.795594
swenable_mixed_w14_2.json,2026-01-03T21:01:25.348177
dvfs_log_memoryintensive.json,2025-08-05T16:50:59.657189
dvfs_log_memoryintensive.json,2025-08-05T16:49:38.300450
mlp.json,2025-11-22T10:00:51.493991
SWdisable_cpuintensive4.json,2025-12-11T07:11:11.019640
swenable_cpuintensive_w12_1.json,2025-12-28T13:25:36.263735
swenable_cpuintensive_w10_1.json,2025-12-28T08:42:21.237458
swdisable_memoryintensive_w10_2.json,2025-12-28T08:06:35.663487
swdisable_mixed_w10_1.json,2026-01-03T18:38:34.639183
swdisable_cpuintensive_w10_1.json,2025-12-28T08:55:43.469080
mlp.json,2025-11-22T10:16:45.553645
mlpenable_cpuintensive2.json,2026-02-16T22:57:37.928834
SWdisable_memoryintensive.json,2025-11-25T02:24:44.327971
swenable_cpuintensive_w6_2.json,2025-12-26T07:48:49.751357
swenable_memoryintensive_w4_1.json,2025-12-25T08:29:04.622202
swenable_mixed_w14_1.json,2026-01-03T20:40:13.386129
swdisable_mixed_w4_2.json,2026-01-03T08:22:42.157012
mlp.json,2025-11-22T09:57:56.514595
dvfs_log_cpuintensive3.json,2025-08-08T08:18:58.779026
swenable_cpuintensive6.json,2025-12-11T15:09:09.767970
swenable_cpuintensive_w12_2.json,2025-12-28T14:26:38.601922
mlp.json,2025-11-22T10:15:30.848225
swenable_memoryintensive_w6_1.json,2025-12-26T07:35:19.222943
SWenable_memoryintensive4.json,2025-12-11T08:59:17.697656
swdisable_mixed_w14_2.json,2026-01-03T20:55:22.613016
swenable_mixed_w8_2.json,2026-01-03T10:41:21.039128
swenable_cpuintensive_w12_3.json,2025-12-28T15:13:04.558729
swenable_memoryintensive_w10_1.json,2025-12-28T08:49:39.188638
swenable_mixed_w14_2.json,2026-01-03T21:03:45.806155
swenable_memoryintensive_w14_1.json,2025-12-28T21:06:12.517151
swenable_memoryintensive_w14_1.json,2025-12-28T21:04:49.768835
swenable_memoryintensive_w6_3.json,2025-12-26T09:07:46.972618
swenable_memoryintensive_w12_1.json,2025-12-28T13:35:39.174415
swdisable_memoryintensive_w14_3.json,2025-12-28T16:03:46.189627
SWdisable_cpuintensive4.json,2025-12-11T07:08:55.090478
swenable_cpuintensive_w4_1.json,2025-12-24T06:59:02.856922
swdisable_cpuintensive_w4_2.json,2025-12-24T07:17:10.743309
mlpdisable_mixed2.json,2026-02-16T23:59:41.964164
swenable_cpuintensive_w12_1.json,2025-12-28T13:23:06.609415
mlpenable_cpuintensive.json,2025-11-22T15:10:01.570337
swdisable_mixed_w12_1.json,2026-01-03T20:14:07.137435
mlpdisable_mixed2.json,2026-02-16T23:58:52.622738
swdisable_mixed_w6_1.json,2026-01-03T09:39:39.497521
swenable_cpuintensive_w10_1.json,2025-12-28T08:42:03.803972
swenable_memoryintensive_w14_2.json,2025-12-28T19:59:40.680125
swenable_cpuintensive_w14_2.json,2025-12-28T19:52:09.160910
swdisable_cpuintensive_w6_1.json,2025-12-26T07:07:30.353781
mlpenable_cpuintensive2.json,2026-02-16T22:54:01.769751
SW-disable_cpuintensive3.json,2025-12-10T23:17:45.572715
mlpenable_mixed1.json,2026-02-16T23:16:36.214251
swenable_memoryintensive_w12_2.json,2025-12-28T14:32:25.196802
swdisable_cpuintensive_w10_3.json,2025-12-28T07:33:04.909424
mlpenable_memoryintensive3.json,2026-02-17T00:11:17.088728
swenable_memoryintensive_w4_1.json,2025-12-25T08:26:38.749625
mlp.json,2025-11-22T09:35:57.585896
baseline_log_memoryintensive.json,2025-08-05T17:13:06.420597
swdisable_memoryintensive_w10_1.json,2025-12-28T09:05:06.678885
swdisable_mixed_w8_1.json,2026-01-03T11:04:56.928583
swdisable_memoryintensive_w6_3.json,2025-12-26T08:48:07.679476
swenable_mixed_w12_2.json,2026-01-03T19:14:41.010448
swdisable_memoryintensive_w4_3.json,2025-12-25T09:02:09.259081
mlpdisable_memoryintensive2.json,2026-02-16T23:30:15.227275
SWdisable_cpuintensive4.json,2025-12-11T07:09:38.769172
mlpenable_memoryintensive3.json,2026-02-17T00:12:24.152391
swenable_memoryintensive_w14_3.json,2025-12-28T15:47:27.613557
dvfs_log_cpuintensive3.json,2025-08-08T08:21:07.064692
swenable_cpuintensive_w6_2.json,2025-12-26T07:44:47.681067
swenable_memoryintensive_w14_2.json,2025-12-28T19:57:27.476852
swdisable_memoryintensive6.json,2025-12-11T15:40:12.948430
swdisable_memoryintensive_w4_3.json,2025-12-25T09:01:59.483005
swenable_mixed_w10_1.json,2026-01-03T18:23:21.295299
dvfs_log_cpuintensive3.json,2025-08-08T08:20:26.628752
mlp.json,2025-11-22T09:55:37.901574
swdisable_memoryintensive_w14_3.json,2025-12-28T16:05:27.958709
swenable_mixed_w6_2.json,2026-01-06T21:28:19.554288
swdisable_mixed_w8_2.json,2026-01-03T10:12:16.553612
dvfs_log_memoryintensive2.json,2025-08-05T19:34:28.493310
swenable_cpuintensive_w6_1.json,2025-12-26T06:59:40.143608
swenable_cpuintensive_w14_2.json,2025-12-28T19:50:45.300531
swenable_memoryintensive_w4_2.json,2025-12-25T08:40:05.053758
swenable_cpuintensive5.json,2025-12-11T11:39:47.747106
swdisable_memoryintensive_w10_1.json,2025-12-28T09:03:52.698898
swenable_mixed_w4_2.json,2026-01-03T08:33:57.598339
swdisable_cpuintensive_w6_1.json,2025-12-26T07:05:07.520359
baseline_log_cpuintensive2.json,2025-08-05T20:16:57.590691
baseline_log_cpuintensive3.json,2025-08-08T08:25:36.452131
swdisable_mixed_w6_2.json,2026-01-03T08:40:51.557940
baseline_log_memoryintensive.json,2025-08-05T17:11:26.773606
swenable_mixed_w4_1.json,2026-01-03T07:54:43.097240
swenable_cpuintensive6.json,2025-12-11T15:07:43.489393
swdisable_cpuintensive_w6_3.json,2025-12-26T08:40:41.360486
swdisable_memoryintensive_w6_2.json,2025-12-26T08:19:19.568397
swenable_cpuintensive_w6_3.json,2025-12-26T08:59:38.120227
swenable_mixed_w10_1.json,2026-01-03T18:20:32.534118
baseline_log_memoryintensive2.json,2025-08-05T19:26:30.517643
swdisable_memoryintensive_w14_2.json,2025-12-28T19:45:49.319170
swenable_mixed_w6_1.json,2026-01-03T09:20:10.859534
swenable_memoryintensive5.json,2025-12-11T12:51:51.878667
swdisable_memoryintensive_w10_1.json,2025-12-28T09:01:51.388989
mlp.json,2025-11-22T10:24:17.043026
dvfs_log_cpuIntensive.json,2025-07-31T23:57:37.117120
mlenable_memoryintensive2.json,2026-02-16T23:08:57.949590
swdisable_cpuintensive_w4_1.json,2025-12-24T07:06:35.186468
swdisable_cpuintensive_w14_3.json,2025-12-28T15:55:36.802735
swenable_memoryintensive_w4_1.json,2025-12-25T08:28:19.163926
swdisable_memoryintensive_w4_2.json,2025-12-25T08:50:30.096604
swdisable_cpuintensive_w14_1.json,2025-12-28T21:14:36.526181
SWenable_cpuintensive4.json,2025-12-11T07:01:43.136216
swdisable_cpuintensive_w14_1.json,2025-12-28T21:12:52.692738
swenable_cpuintensive_w10_2.json,2025-12-28T08:21:24.827277
dvfs_log_memoryintensive2.json,2025-08-05T19:32:44.756540
swdisable_cpuintensive5.json,2025-12-11T11:47:35.788165
mlpenable_mixed2.json,2026-02-17T00:16:01.121405
mlp.json,2025-11-22T09:42:38.854124
swenable_memoryintensive5.json,2025-12-11T12:54:08.786366
baseline_log_cpuintensive2.json,2025-08-05T20:14:19.164417
swenable_memoryintensive_w4_2.json,2025-12-25T08:42:16.484870
swdisable_memoryintensive_w14_3.json,2025-12-28T16:05:17.577143
mlpdisable_cpuintensive3.json,2026-02-16T23:45:50.768340
mlp.json,2025-11-22T09:52:54.643771
baseline_log_cpuintensive2.json,2025-08-05T20:18:21.598493
dvfs_log_memoryintensive2.json,2025-08-05T19:36:34.441463
SWdisable_cpuintensive4.json,2025-12-11T07:10:32.264140
swdisable_memoryintensive_w4_2.json,2025-12-25T08:52:32.578886
mlpdisable_cpuintensive2.json,2026-02-16T23:22:40.059381
SWdisable_memoryintensive7.json,2025-12-11T20:59:00.414360
swdisable_memoryintensive_w4_1.json,2025-12-25T08:15:40.824692
SWenable_cpuintensive8.json,2025-12-11T21:28:58.506186
mlp.json,2025-11-22T09:52:59.234120
baseline_log_memoryintensive3.json,2025-08-08T08:39:31.751932
dvfs_log_memoryintensive.json,2025-08-05T16:49:51.863139
swenable_memoryintensive_w6_1.json,2025-12-26T07:31:57.808423
swdisable_cpuintensive_w12_3.json,2025-12-28T14:57:09.330804
mlpenable_mixed2.json,2026-02-17T00:16:19.963443
swdisable_cpuintensive_w4_2.json,2025-12-24T07:15:58.502202
swenable_cpuintensive_w14_1.json,2025-12-28T20:59:38.955315
swenable_cpuintensive_w10_3.json,2025-12-28T07:12:32.546430
swenable_cpuintensive_w14_1.json,2025-12-28T21:01:59.546290
swdisable_memoryintensive6.json,2025-12-11T15:40:27.469549
dvfs_log_memoryintensive3.json,2025-08-08T08:50:08.062472
swdisable_cpuintensive_w6_2.json,2025-12-26T08:10:02.633767
dvfs_log_memoryintensive.json,2025-08-05T16:52:40.957559
swenable_memoryintensive_w10_1.json,2025-12-28T08:50:20.209848
mlpenable_mixed1.json,2026-02-16T23:14:01.719879
mlp.json,2025-11-22T09:51:45.195416
baseline_log_memoryintensive2.json,2025-08-05T19:26:04.446862
SWdisable_memoryintensive.json,2025-11-25T02:25:37.421142
swdisable_memoryintensive_w10_3.json,2025-12-28T07:45:01.641029
mlpdisable_memoryintensive2.json,2026-02-16T23:32:12.138991
mlp.json,2025-11-22T10:03:10.659082
SWenable_cpuintensive4.json,2025-12-11T07:01:31.951354
swdisable_cpuintensive_w4_1.json,2025-12-24T07:09:56.753604
SWenable_memoryintensive4.json,2025-12-11T08:58:05.429383
swenable_cpuintensive_w6_3.json,2025-12-26T08:57:52.991614
swdisable_memoryintensive_w14_3.json,2025-12-28T16:02:13.971146
swenable_memoryintensive_w4_3.json,2025-12-25T09:06:31.998721
mlpenable_cpuintensive3.json,2026-02-17T00:06:12.037647
swenable_cpuintensive_w12_2.json,2025-12-28T14:25:54.739338
swenable_mixed_w6_1.json,2026-01-03T09:21:43.485154
swdisable_cpuintensive_4_3.json,2025-12-24T08:06:21.361326
baseline_log_memoryintensive.json,2025-08-05T17:10:03.080270
swenable_mixed_w6_1.json,2026-01-03T09:19:45.253317
baseline_log_memoryintensive.json,2025-08-05T17:12:40.763059
SWenable_cpuintensive.json,2025-11-25T02:55:42.345741
swdisable_mixed_w10_1.json,2026-01-03T18:38:20.432878
baseline_log_memoryintensive3.json,2025-08-08T08:40:18.901656
swenable_cpuintensive_w14_3.json,2025-12-28T15:39:50.481176
swenable_cpuintensive_w6_1.json,2025-12-26T06:58:54.549741
swenable_memoryintensive_w10_1.json,2025-12-28T08:46:37.418401
swdisable_memoryintensive_w12_1.json,2025-12-28T13:17:08.577957
mlp.json,2025-11-22T09:46:48.134343
swenable_mixed_w14_2.json,2026-01-03T21:03:25.849315
swenable_mixed_w14_2.json,2026-01-03T21:00:36.582141
baseline_log_cpuintensive.json,2025-07-31T23:01:45.295220
mlp.json,2025-11-22T10:02:56.573679
swenable_memoryintensive_w10_2.json,2025-12-28T08:32:01.293942
swdisable_memoryintensive_w14_1.json,2025-12-28T21:23:23.446693
mlpdisable_memoryintensive3.json,2026-02-16T23:52:26.807192
swdisable_memoryintensive_w6_2.json,2025-12-26T08:14:41.877372
swenable_cpuintensive_w14_3.json,2025-12-28T15:43:22.150439
swdisable_memoryintensive_w6_1.json,2025-12-26T07:17:01.718309
swenable_memoryintensive5.json,2025-12-11T12:50:03.608928
swenable_cpuintensive_w4_1.json,2025-12-24T06:56:45.086382
SW-enable_cpuintensive3.json,2025-12-10T23:06:10.921859
swenable_memoryintensive_w6_2.json,2025-12-26T07:57:34.003123
SW-disable_cpuintensive3.json,2025-12-10T23:19:32.416316
mlp.json,2025-11-22T09:43:15.985900
swenable_cpuintensive_w6_3.json,2025-12-26T08:58:39.597649
swdisable_mixed_w6_2.json,2026-01-03T08:41:06.375466
swenable_memoryintensive_w14_2.json,2025-12-28T20:01:52.267027
swdisable_memoryintensive6.json,2025-12-11T15:40:32.373575
swdisable_memoryintensive_w12_3.json,2025-12-28T15:08:11.968035
swenable_cpuintensive_w6_1.json,2025-12-26T07:01:15.533763
swdisable_mixed_w14_2.json,2026-01-03T20:57:49.254646
mlpenable_cpuintensive2.json,2026-02-16T22:57:28.691310
mlp.json,2025-11-22T09:50:49.443740
swenable_memoryintensive_w6_3.json,2025-12-26T09:06:18.288040
swenable_cpuintensive_w14_2.json,2025-12-28T19:52:38.214905
mlp.json,2025-11-22T10:02:00.963812
mlp.json,2025-11-22T10:18:22.113350
swdisable_mixed_w10_2.json,2026-01-03T18:45:30.611447
swenable_memoryintensive_w6_2.json,2025-12-26T07:57:57.901952
swenable_memoryintensive_w10_2.json,2025-12-28T08:30:27.672618
baseline_log_cpuintensive2.json,2025-08-05T20:16:06.011562
swenable_mixed_w4_2.json,2026-01-03T08:32:11.205277
swenable_memoryintensive8.json,2025-12-11T21:43:28.461060
swenable_memoryintensive_w12_3.json,2025-12-28T15:19:41.707048
swenable_mixed_w12_1.json,2026-01-03T20:21:21.777853
swdisable_cpuintensive_w6_2.json,2025-12-26T08:07:55.864114
swdisable_memoryintensive_w14_3.json,2025-12-28T16:06:31.084255
swdisable_memoryintensive_w6_2.json,2025-12-26T08:15:01.097881
swenable_cpuintensive_w12_2.json,2025-12-28T14:25:42.827812
swdisable_cpuintensive5.json,2025-12-11T11:47:16.706022
mlp.json,2025-11-22T09:39:28.668316
swdisable_memoryintensive_w10_3.json,2025-12-28T07:40:51.324023
mlp.json,2025-11-22T09:48:02.426082
swdisable_memoryintensive_w14_2.json,2025-12-28T19:44:31.142118
swenable_mixed_w14_1.json,2026-01-03T20:39:43.586858
swenable_cpuintensive_w14_1.json,2025-12-28T20:58:10.854320
swenable_mixed_w10_2.json,2026-01-03T18:59:53.347653
swdisable_cpuintensive_w10_3.json,2025-12-28T07:32:26.867649
dvfs_log_memoryintensive2.json,2025-08-05T19:34:25.283408
swenable_memoryintensive_w4_2.json,2025-12-25T08:39:19.691754
swenable_memoryintensive_w14_2.json,2025-12-28T19:58:51.335616
swenable_mixed_w14_2.json,2026-01-03T21:01:16.127418
swdisable_cpuintensive_w14_1.json,2025-12-28T21:13:31.630224
SWdisable_memoryintensive3.json,2025-12-11T06:00:17.532669
SWdisable_cpuintensive8.json,2025-12-11T21:10:24.195820
dvfs_log_memoryintensive.json,2025-08-05T16:53:07.869204
SWdisable_memoryintensive7.json,2025-12-11T21:00:23.428019
swenable_memoryintensive_w10_2.json,2025-12-28T08:30:50.412538
swdisable_cpuintensive_4_3.json,2025-12-24T08:04:28.428994
swdisable_mixed_w14_1.json,2026-01-03T20:48:16.757708
swdisable_memoryintensive_w4_3.json,2025-12-25T09:01:25.045394
swdisable_memoryintensive_w6_2.json,2025-12-26T08:16:52.371232
mlpenable_memoryintensive3.json,2026-02-17T00:10:28.992678
SWenable_memoryintensive2.json,2025-11-25T08:00:29.139192
swdisable_cpuintensive_w4_2.json,2025-12-24T07:15:39.621516
swenable_mixed_w10_1.json,2026-01-03T18:19:35.323421
SWdisable_cpuintensive.json,2025-11-25T02:51:57.477894
mlp.json,2025-11-22T10:08:35.714692
baseline_log_memoryintensive.json,2025-08-05T17:14:14.044482
mlpenable_mixed1.json,2026-02-16T23:15:14.852555
swenable_memoryintensive_w14_1.json,2025-12-28T21:09:06.043888
swenable_mixed_w8_1.json,2026-01-06T21:13:02.935988
swdisable_cpuintensive_w6_2.json,2025-12-26T08:08:59.077472
swdisable_cpuintensive5.json,2025-12-11T11:48:47.872032
baseline_log_cpuintensive2.json,2025-08-05T20:15:49.482497
mlp.json,2025-11-22T09:42:20.266353
swenable_cpuintensive_w4_3.json,2025-12-24T07:56:06.642057
dvfs_log_cpuintensive3.json,2025-08-08T08:19:42.512696
swdisable_cpuintensive_4_3.json,2025-12-24T08:06:11.821799
swenable_cpuintensive_w14_2.json,2025-12-28T19:52:13.860625
swdisable_cpuintensive_w6_1.json,2025-12-26T07:04:47.578205
SWdisable_memoryintensive3.json,2025-12-11T06:03:11.735043
swdisable_mixed_w12_2.json,2026-01-03T19:24:17.536529
swenable_mixed_w14_1.json,2026-01-03T20:40:18.518351
SWenable_memoryintensive3.json,2025-12-11T06:11:38.002797
mlpenable_mixed1.json,2026-02-16T23:17:20.170198
baseline_log_memoryintensive.json,2025-08-05T17:12:02.187928
swdisable_cpuintensive_w4_2.json,2025-12-24T07:18:14.424649
swdisable_mixed_w4_1.json,2026-01-03T08:06:13.961891
swdisable_mixed_w10_1.json,2026-01-03T18:41:30.006887
swdisable_mixed_w10_1.json,2026-01-03T18:42:13.919206
swdisable_mixed_w12_1.json,2026-01-03T20:13:27.774316
SWdisable_memoryintensive3.json,2025-12-11T06:01:44.489168
dvfs_log_cpuIntensive.json,2025-07-31T23:55:15.411328
mlp.json,2025-11-22T09:40:52.544218
SWdisable_memoryintensive8.json,2025-12-11T21:51:45.806978
swenable_mixed_w6_2.json,2026-01-06T21:26:41.335457
swdisable_cpuintensive5.json,2025-12-11T11:50:35.123897
swenable_mixed_w12_1.json,2026-01-03T20:17:10.178604
swdisable_mixed_w14_1.json,2026-01-03T20:48:26.428088
swenable_cpuintensive_w12_2.json,2025-12-28T14:26:32.612209
swenable_memoryintensive_w4_3.json,2025-12-25T09:07:49.431133
swenable_cpuintensive_w4_3.json,2025-12-24T07:58:55.391354
dvfs_log_memoryintensive2.json,2025-08-05T19:33:56.203348
baseline_log_cpuintensive.json,2025-07-31T23:00:56.967128
SWdisable_cpuintensive.json,2025-11-25T02:53:05.468553
mlp.json,2025-11-22T09:45:15.674252
swenable_cpuintensive_w10_2.json,2025-12-28T08:23:33.162054
swdisable_cpuintensive_w4_2.json,2025-12-24T07:14:15.776868
baseline_log_cpuintensive.json,2025-07-31T23:01:58.210891
swdisable_mixed_w12_1.json,2026-01-03T20:14:11.982595
mlpdisable_cpuintensive2.json,2026-02-16T23:25:46.611718
SWenable_cpuintensive4.json,2025-12-11T07:01:10.907891
swdisable_cpuintensive_w14_1.json,2025-12-28T21:15:07.294772
SWenable_memoryintensive3.json,2025-12-11T06:10:01.487076
mlpdisable_cpuintensive2.json,2026-02-16T23:23:17.827824
swenable_cpuintensive_w10_3.json,2025-12-28T07:14:06.873583
SWenable_memoryintensive3.json,2025-12-11T06:06:58.564092
mlpdisable_mixed1.json,2026-02-16T23:37:18.829223
mlp.json,2025-11-22T09:47:39.186101
swenable_memoryintensive_w10_3.json,2025-12-28T07:25:53.798396
swenable_cpuintensive6.json,2025-12-11T15:07:48.243653
swenable_memoryintensive_w10_1.json,2025-12-28T08:47:46.346610
swdisable_memoryintensive_w10_2.json,2025-12-28T08:05:18.244960
swdisable_cpuintensive_w10_3.json,2025-12-28T07:36:18.224993
swenable_memoryintensive_w6_3.json,2025-12-26T09:06:01.522454
dvfs_log_cpuintensive2.json,2025-08-05T20:25:40.041460
dvfs_log_cpuintensive2.json,2025-08-05T20:24:45.175472
swenable_mixed_w4_1.json,2026-01-03T07:58:34.204531
swenable_mixed_w14_1.json,2026-01-03T20:40:52.800125
swenable_mixed_w8_2.json,2026-01-03T10:42:28.235021
swenable_cpuintensive_w14_3.json,2025-12-28T15:42:34.221300
swdisable_cpuintensive5.json,2025-12-11T11:50:39.887258
swdisable_mixed_w4_1.json,2026-01-03T08:07:16.928206
mlpenable_cpuintensive.json,2025-11-22T15:08:09.693847
swenable_mixed_w14_1.json,2026-01-03T20:38:19.299325
SWenable_memoryintensive4.json,2025-12-11T08:58:55.380471
dvfs_log_cpuintensive3.json,2025-08-08T08:21:37.754627
swdisable_cpuintensive_w4_1.json,2025-12-24T07:09:27.350192
SWdisable_memoryintensive7.json,2025-12-11T20:59:44.550993
swenable_mixed_w4_2.json,2026-01-03T08:34:02.463626
swdisable_memoryintensive_w10_3.json,2025-12-28T07:41:00.991452
swenable_cpuintensive_w10_2.json,2025-12-28T08:23:59.964406
swenable_memoryintensive_w14_3.json,2025-12-28T15:46:14.782362
swenable_mixed_w14_1.json,2026-01-03T20:38:38.877248
swenable_mixed_w8_2.json,2026-01-03T10:42:09.165511
swdisable_memoryintensive_w14_3.json,2025-12-28T16:05:33.324481
swenable_cpuintensive_w10_2.json,2025-12-28T08:21:14.764013
swenable_cpuintensive_w6_1.json,2025-12-26T06:58:18.245415
swdisable_memoryintensive_w4_1.json,2025-12-25T08:14:48.319500
swenable_cpuintensive6.json,2025-12-11T15:08:20.570461
swenable_memoryintensive_w14_3.json,2025-12-28T15:48:36.199213
swdisable_memoryintensive_w4_1.json,2025-12-25T08:17:59.410821
mlpenable_memoryintensive.json,2025-11-22T23:40:04.305623
baseline_log_memoryintensive2.json,2025-08-05T19:23:16.167844
SWdisable_cpuintensive7.json,2025-12-11T17:37:01.279194
mlpenable_memoryintensive.json,2025-11-22T23:39:17.325867
swenable_cpuintensive_w12_1.json,2025-12-28T13:23:22.042181
mlpdisable_memoryintensive.json,2025-11-22T23:13:15.237547
swdisable_memoryintensive_w10_2.json,2025-12-28T08:04:16.432791
swenable_cpuintensive_w6_3.json,2025-12-26T08:58:51.368711
swdisable_cpuintensive6.json,2025-12-11T13:25:04.005291
swenable_memoryintensive_w4_3.json,2025-12-25T09:09:29.870314
mlp.json,2025-11-22T09:53:22.563692
swdisable_mixed_w4_1.json,2026-01-03T08:05:15.576604
swenable_memoryintensive7.json,2025-12-11T20:50:22.113636
mlpenable_mixed2.json,2026-02-17T00:14:04.722603
SWdisable_cpuintensive7.json,2025-12-11T17:35:33.131635
dvfs_log_cpuIntensive.json,2025-07-31T23:54:48.354761
swenable_mixed_w4_1.json,2026-01-03T07:57:52.685681
baseline_log_memoryintensive3.json,2025-08-08T08:42:23.096391
swenable_cpuintensive_w14_3.json,2025-12-28T15:42:28.697064
SWenable_memoryintensive3.json,2025-12-11T06:09:23.608889
swenable_cpuintensive5.json,2025-12-11T11:40:59.333148
swdisable_cpuintensive_w14_1.json,2025-12-28T21:13:26.640302
SWenable_cpuintensive.json,2025-11-25T02:56:29.867612
mlpenable_memoryintensive3.json,2026-02-17T00:09:23.921819
swdisable_memoryintensive_w10_3.json,2025-12-28T07:43:29.115265
dvfs_log_memoryintensive.json,2025-08-05T16:53:28.030227
swenable_cpuintensive_w6_1.json,2025-12-26T07:00:21.219157
swdisable_memoryintensive_w12_2.json,2025-12-28T14:48:39.051380
swdisable_cpuintensive_4_3.json,2025-12-24T08:07:49.280760
swdisable_mixed_w12_1.json,2026-01-03T20:12:18.482562
swdisable_memoryintensive_w4_3.json,2025-12-25T08:59:57.507887
mlp.json,2025-11-22T10:16:17.578002
mlp.json,2025-11-22T10:08:07.903840
swdisable_mixed_w10_1.json,2026-01-03T18:39:57.646550
dvfs_log_cpuintensive3.json,2025-08-08T08:19:22.228335
mlpdisable_memoryintensive.json,2025-11-22T23:08:55.035341
mlp.json,2025-11-22T09:46:10.894167
swdisable_mixed_w6_1.json,2026-01-03T09:38:36.214360
mlpenable_mixed1.json,2026-02-16T23:16:31.306104
SWenable_cpuintensive.json,2025-11-25T02:58:03.719679
swdisable_mixed_w12_1.json,2026-01-03T20:11:05.646138
SWdisable_memoryintensive8.json,2025-12-11T21:49:35.499292
swenable_mixed_w8_1.json,2026-01-06T21:13:51.074658
mlpdisable_mixed1.json,2026-02-16T23:33:32.644418
mlp.json,2025-11-22T09:43:06.724072
swenable_mixed_w6_1.json,2026-01-03T09:21:14.467431
swenable_memoryintensive_w12_3.json,2025-12-28T15:18:57.819447
dvfs_log_memoryintensive.json,2025-08-05T16:52:47.627980
swenable_mixed_w14_1.json,2026-01-03T20:39:18.365771
swenable_cpuintensive_w4_1.json,2025-12-24T06:57:08.949627
SWdisable_cpuintensive7.json,2025-12-11T17:36:31.829249
mlpdisable_cpuintensive2.json,2026-02-16T23:24:30.021758
swdisable_memoryintensive6.json,2025-12-11T15:42:43.021972
mlpdisable_cpuintensive.json,2025-11-22T15:26:45.679843
mlpenable_cpuintensive.json,2025-11-22T15:07:27.580341
mlpenable_memoryintensive.json,2025-11-22T23:37:35.395872
swdisable_cpuintensive_w4_1.json,2025-12-24T07:08:47.811303
swdisable_memoryintensive_w14_1.json,2025-12-28T21:19:44.676825
swdisable_memoryintensive_w12_2.json,2025-12-28T14:46:37.476577
mlp.json,2025-11-22T09:44:29.838338
swdisable_mixed_w12_2.json,2026-01-03T19:19:59.872703
swdisable_cpuintensive_w6_1.json,2025-12-26T07:05:27.298214
swdisable_memoryintensive_w10_1.json,2025-12-28T09:04:57.145342
SWdisable_memoryintensive4.json,2025-12-11T09:06:33.672883
mlp.json,2025-11-22T09:38:46.620851
swdisable_memoryintensive_w14_2.json,2025-12-28T19:46:19.106498
swenable_cpuintensive5.json,2025-12-11T11:41:54.895166
mlp.json,2025-11-22T10:05:20.793894
SW-disable_cpuintensive3.json,2025-12-10T23:16:51.265484
mlpenable_mixed1.json,2026-02-16T23:13:52.318822
swdisable_mixed_w6_1.json,2026-01-03T09:38:16.965874
swenable_memoryintensive_w6_2.json,2025-12-26T07:56:28.596502
swdisable_memoryintensive5.json,2025-12-11T12:44:43.383283
swdisable_cpuintensive_w14_2.json,2025-12-28T19:36:34.634725
swdisable_memoryintensive_w4_1.json,2025-12-25T08:17:24.702274
swdisable_memoryintensive_w12_3.json,2025-12-28T15:06:09.630636
mlp.json,2025-11-22T09:55:23.603858
dvfs_log_cpuintensive3.json,2025-08-08T08:21:13.865716
swenable_mixed_w14_2.json,2026-01-03T21:04:15.291916
mlp.json,2025-11-22T09:43:39.184045
baseline_log_cpuintensive.json,2025-07-31T22:57:47.364714
swenable_cpuintensive_w14_3.json,2025-12-28T15:43:34.910574
baseline_log_cpuintensive.json,2025-07-31T23:00:47.313242
dvfs_log_memoryintensive2.json,2025-08-05T19:35:42.827377
swdisable_cpuintensive_w10_1.json,2025-12-28T08:52:47.936853
swenable_memoryintensive_w4_3.json,2025-12-25T09:09:34.762138
swdisable_mixed_w10_1.json,2026-01-03T18:37:46.232510
swenable_memoryintensive_w4_3.json,2025-12-25T09:10:25.569637
swdisable_cpuintensive_w4_1.json,2025-12-24T07:07:03.908462
swenable_mixed_w10_1.json,2026-01-03T18:24:05.084687
swdisable_cpuintensive6.json,2025-12-11T13:25:18.551134
swenable_mixed_w12_1.json,2026-01-03T20:18:50.165853
mlpdisable_memoryintensive.json,2025-11-22T23:11:36.996445
SWenable_cpuintensive8.json,2025-12-11T21:29:47.771265
mlp.json,2025-11-22T10:14:39.263660
dvfs_log_cpuintensive3.json,2025-08-08T08:17:34.224867
swenable_memoryintensive_w10_3.json,2025-12-28T07:27:35.974171
swenable_cpuintensive_w12_2.json,2025-12-28T14:23:47.751829
mlp.json,2025-11-22T10:23:35.633271
swdisable_memoryintensive_w6_2.json,2025-12-26T08:16:32.913420
swdisable_mixed_w4_2.json,2026-01-03T08:25:03.423385
swdisable_memoryintensive_w10_1.json,2025-12-28T09:03:13.934255
swenable_cpuintensive6.json,2025-12-11T15:08:26.838795
baseline_log_cpuintensive.json,2025-07-31T23:02:04.622543
swenable_cpuintensive_w4_3.json,2025-12-24T07:58:32.461879
swdisable_cpuintensive_w4_2.json,2025-12-24T07:18:09.567574
mlp.json,2025-11-22T09:47:30.040762
swenable_memoryintensive_w4_2.json,2025-12-25T08:38:00.425030
swdisable_memoryintensive_w10_2.json,2025-12-28T08:06:40.759503
mlp.json,2025-11-22T10:09:26.893530
swenable_memoryintensive_w4_2.json,2025-12-25T08:41:36.600068
mlp.json,2025-11-22T09:44:52.724416
dvfs_log_cpuintensive2.json,2025-08-05T20:26:18.693298
SWdisable_memoryintensive8.json,2025-12-11T21:49:25.592505
swdisable_cpuintensive_w6_1.json,2025-12-26T07:06:26.385802
swenable_memoryintensive_w10_1.json,2025-12-28T08:49:12.682759
swenable_memoryintensive_w6_3.json,2025-12-26T09:07:04.069998
SWdisable_memoryintensive.json,2025-11-25T02:25:42.626061
swenable_cpuintensive_w6_2.json,2025-12-26T07:45:16.628597
swenable_memoryintensive_w14_2.json,2025-12-28T19:57:41.807409
mlpenable_mixed2.json,2026-02-17T00:17:06.118955
swenable_memoryintensive6.json,2025-12-11T15:32:15.353261
swenable_mixed_w10_1.json,2026-01-03T18:22:30.029711
swdisable_mixed_w12_1.json,2026-01-03T20:10:07.323941
mlpdisable_mixed1.json,2026-02-16T23:34:44.888802
SW-enable_cpuintensive3.json,2025-12-10T23:08:48.601221
swenable_cpuintensive7.json,2025-12-11T17:43:18.800404
swdisable_memoryintensive_w12_1.json,2025-12-28T13:18:56.931648
swdisable_mixed_w14_1.json,2026-01-03T20:50:08.674569
baseline_log_memoryintensive3.json,2025-08-08T08:42:50.042388
mlpenable_memoryintensive3.json,2026-02-17T00:08:09.802971
swdisable_mixed_w8_1.json,2026-01-03T11:06:42.734775
mlpenable_mixed1.json,2026-02-16T23:13:09.241408
mlp.json,2025-11-22T10:13:15.263353
swenable_cpuintensive_w6_3.json,2025-12-26T08:58:28.353802
baseline_log_memoryintensive3.json,2025-08-08T08:41:42.716935
swdisable_memoryintensive_w10_2.json,2025-12-28T08:07:09.822586
swenable_mixed_w10_2.json,2026-01-03T19:00:57.840984
swdisable_cpuintensive_w4_2.json,2025-12-24T07:17:54.687141
swdisable_cpuintensive_w12_3.json,2025-12-28T14:56:59.508837
mlpenable_mixed1.json,2026-02-16T23:14:50.607658
swdisable_memoryintensive_w6_2.json,2025-12-26T08:18:40.184836
dvfs_log_memoryintensive3.json,2025-08-08T08:51:06.131040
swdisable_mixed_w14_1.json,2026-01-03T20:50:38.008987
SWdisable_memoryintensive7.json,2025-12-11T20:58:31.255391
swenable_mixed_w14_1.json,2026-01-03T20:41:41.812776
swenable_memoryintensive_w12_2.json,2025-12-28T14:34:13.858737
swenable_memoryintensive_w4_3.json,2025-12-25T09:09:39.745242
mlpdisable_memoryintensive.json,2025-11-22T23:12:42.726871
swenable_cpuintensive_w10_1.json,2025-12-28T08:42:51.420599
swdisable_mixed_w6_2.json,2026-01-03T08:41:25.537068
swenable_memoryintensive7.json,2025-12-11T20:51:34.828558
swenable_memoryintensive_w6_1.json,2025-12-26T07:35:31.263604
swdisable_mixed_w4_1.json,2026-01-03T08:07:41.498127
swenable_cpuintensive_w12_1.json,2025-12-28T13:25:10.820572
swenable_cpuintensive_w14_2.json,2025-12-28T19:53:55.007996
swdisable_cpuintensive_w14_3.json,2025-12-28T15:57:23.383525
swdisable_memoryintensive6.json,2025-12-11T15:43:07.637667
swdisable_mixed_w10_2.json,2026-01-03T18:47:46.252641
SWdisable_memoryintensive2.json,2025-11-25T07:52:52.529718
dvfs_log_memoryintensive2.json,2025-08-05T19:32:51.259322
swenable_cpuintensive_w6_3.json,2025-12-26T08:59:59.468746
dvfs_log_cpuintensive3.json,2025-08-08T08:17:48.043062
mlpenable_mixed1.json,2026-02-16T23:14:55.551675
mlpenable_mixed1.json,2026-02-16T23:13:28.164220
swdisable_memoryintensive_w12_2.json,2025-12-28T14:44:49.342221
swenable_cpuintensive_w12_1.json,2025-12-28T13:25:56.331247
mlp.json,2025-11-22T09:50:21.574265
swdisable_cpuintensive_w12_2.json,2025-12-28T14:41:23.501120
swdisable_memoryintensive_w14_2.json,2025-12-28T19:47:37.488825
swdisable_mixed_w4_1.json,2026-01-03T08:06:09.029043
swdisable_memoryintensive_w10_1.json,2025-12-28T09:04:12.809964
swenable_cpuintensive6.json,2025-12-11T15:09:30.986591
swenable_mixed_w12_2.json,2026-01-03T19:11:21.369349
mlpenable_mixed2.json,2026-02-17T00:16:05.853098
swenable_cpuintensive5.json,2025-12-11T11:37:58.033464
swenable_memoryintensive_w10_2.json,2025-12-28T08:28:01.292440
swenable_cpuintensive_w4_3.json,2025-12-24T07:57:32.263335
swenable_cpuintensive_w6_1.json,2025-12-26T06:57:29.301438
swdisable_memoryintensive_w4_2.json,2025-12-25T08:50:54.130293
baseline_log_cpuintensive2.json,2025-08-05T20:17:36.477886
swenable_cpuintensive_w4_1.json,2025-12-24T06:58:17.568210
swenable_cpuintensive_w14_1.json,2025-12-28T20:59:34.182929
baseline_log_memoryintensive2.json,2025-08-05T19:24:43.767901
swenable_mixed_w12_1.json,2026-01-03T20:20:56.572846
swenable_cpuintensive_w14_1.json,2025-12-28T21:03:05.098685
swenable_mixed_w10_2.json,2026-01-03T19:01:02.958511
swenable_cpuintensive_w12_3.json,2025-12-28T15:11:18.098988
swdisable_mixed_w4_2.json,2026-01-03T08:23:35.576400
swenable_memoryintensive_w6_2.json,2025-12-26T07:56:22.319398
SWenable_memoryintensive2.json,2025-11-25T08:03:25.337638
mlp.json,2025-11-22T09:45:24.873109
mlp.json,2025-11-22T10:12:10.403422
swenable_cpuintensive5.json,2025-12-11T11:38:50.799594
dvfs_log_cpuintensive2.json,2025-08-05T20:25:52.885078
swdisable_memoryintensive_w14_1.json,2025-12-28T21:21:10.704197
swdisable_mixed_w10_1.json,2026-01-03T18:42:04.245440
SWenable_memoryintensive2.json,2025-11-25T08:00:34.146059
swenable_mixed_w8_1.json,2026-01-06T21:16:37.564270
SWdisable_memoryintensive7.json,2025-12-11T20:59:15.230526
SWdisable_cpuintensive4.json,2025-12-11T07:11:25.781128
dvfs_log_cpuIntensive.json,2025-07-31T23:57:26.964740
dvfs_log_memoryintensive2.json,2025-08-05T19:36:57.215265
mlpdisable_mixed1.json,2026-02-16T23:37:47.899605
swenable_memoryintensive_w14_1.json,2025-12-28T21:07:48.466197
SWenable_memoryintensive3.json,2025-12-11T06:07:49.818845
SWdisable_memoryintensive8.json,2025-12-11T21:51:07.243670
swenable_memoryintensive5.json,2025-12-11T12:50:57.359999
swenable_cpuintensive_w10_3.json,2025-12-28T07:12:11.797872
dvfs_log_memoryintensive2.json,2025-08-05T19:34:48.051740
SWdisable_cpuintensive4.json,2025-12-11T07:08:02.363102
swdisable_memoryintensive_w10_1.json,2025-12-28T09:04:47.530185
swenable_cpuintensive_w4_1.json,2025-12-24T07:00:24.124045
swenable_mixed_w12_1.json,2026-01-03T20:21:26.704534
swenable_cpuintensive_w10_2.json,2025-12-28T08:22:37.131002
swdisable_cpuintensive_w6_2.json,2025-12-26T08:06:43.643408
SWenable_memoryintensive2.json,2025-11-25T08:03:30.451735
baseline_log_memoryintensive2.json,2025-08-05T19:25:12.773707
swdisable_cpuintensive_w6_1.json,2025-12-26T07:04:32.719468
swdisable_memoryintensive_w10_3.json,2025-12-28T07:41:15.175101
swdisable_memoryintensive_w6_2.json,2025-12-26T08:17:16.536648
swenable_memoryintensive_w6_1.json,2025-12-26T07:34:32.237848
swenable_mixed_w12_1.json,2026-01-03T20:17:25.508888
swenable_cpuintensive_w12_3.json,2025-12-28T15:12:55.254474
swenable_cpuintensive_w10_2.json,2025-12-28T08:22:08.549021
swenable_mixed_w12_1.json,2026-01-03T20:20:26.402930
mlpdisable_cpuintensive.json,2025-11-22T15:29:21.092623
dvfs_log_memoryintensive.json,2025-08-05T16:50:42.525651
mlp.json,2025-11-22T10:13:24.673696
mlpenable_cpuintensive.json,2025-11-22T15:10:57.440156
swenable_mixed_w14_1.json,2026-01-03T20:42:11.933960
swenable_mixed_w6_1.json,2026-01-03T09:20:49.619600
swenable_cpuintensive_w14_1.json,2025-12-28T20:59:43.879771
swenable_memoryintensive_w12_2.json,2025-12-28T14:31:36.374422
swdisable_cpuintensive_w6_2.json,2025-12-26T08:08:20.338133
mlpenable_cpuintensive.json,2025-11-22T15:06:50.930081
swenable_memoryintensive_w4_2.json,2025-12-25T08:40:30.602577
swenable_memoryintensive_w12_1.json,2025-12-28T13:35:18.560363
swdisable_mixed_w6_1.json,2026-01-03T09:37:42.846265
swenable_memoryintensive_w14_1.json,2025-12-28T21:05:13.704708
dvfs_log_memoryintensive3.json,2025-08-08T08:51:26.610610
dvfs_log_memoryintensive2.json,2025-08-05T19:36:21.599605
swenable_cpuintensive_w6_3.json,2025-12-26T09:00:29.052080
swenable_memoryintensive_w14_1.json,2025-12-28T21:07:43.249269
swenable_cpuintensive_w4_1.json,2025-12-24T06:57:47.311657
swdisable_memoryintensive_w10_2.json,2025-12-28T08:03:38.090977
SWdisable_memoryintensive7.json,2025-12-11T20:56:25.278294
baseline_log_memoryintensive2.json,2025-08-05T19:26:10.890750
swenable_cpuintensive_w6_1.json,2025-12-26T06:56:55.254907
mlp.json,2025-11-22T10:09:36.333480
dvfs_log_memoryintensive.json,2025-08-05T16:52:54.259955
swdisable_cpuintensive_4_3.json,2025-12-24T08:04:43.386768
mlp.json,2025-11-22T10:20:58.966805
swdisable_mixed_w14_1.json,2026-01-03T20:46:49.065789
swdisable_mixed_w6_1.json,2026-01-03T09:37:08.616613
dvfs_log_memoryintensive.json,2025-08-05T16:52:03.751511
swenable_mixed_w6_2.json,2026-01-06T21:26:55.963493
swdisable_memoryintensive_w6_1.json,2025-12-26T07:18:45.710142
swenable_memoryintensive_w12_2.json,2025-12-28T14:34:19.261920
swdisable_mixed_w10_1.json,2026-01-03T18:38:39.458953
dvfs_log_memoryintensive3.json,2025-08-08T08:51:30.046261
swenable_mixed_w10_1.json,2026-01-03T18:21:01.435221
swdisable_memoryintensive_w6_1.json,2025-12-26T07:14:55.406252
SWdisable_memoryintensive4.json,2025-12-11T09:07:46.249791
swdisable_memoryintensive_w4_2.json,2025-12-25T08:53:36.210338
SWenable_memoryintensive2.json,2025-11-25T08:00:14.168792
mlpenable_cpuintensive3.json,2026-02-17T00:02:33.927068
swdisable_cpuintensive_w6_1.json,2025-12-26T07:08:59.398519
swdisable_mixed_w4_1.json,2026-01-03T08:05:44.887874
swenable_memoryintensive_w14_3.json,2025-12-28T15:49:40.613081
mlp.json,2025-11-22T09:35:44.036274
swenable_mixed_w6_1.json,2026-01-03T09:20:04.767484
swdisable_memoryintensive_w4_3.json,2025-12-25T09:02:48.728011
swenable_memoryintensive_w6_2.json,2025-12-26T07:57:53.032787
SWdisable_memoryintensive2.json,2025-11-25T07:55:10.866362
dvfs_log_memoryintensive2.json,2025-08-05T19:36:44.073707
swdisable_memoryintensive_w12_1.json,2025-12-28T13:18:07.646828
swdisable_memoryintensive_w6_3.json,2025-12-26T08:52:02.666175
swenable_mixed_w6_1.json,2026-01-03T09:22:05.293055
baseline_log_cpuintensive3.json,2025-08-08T08:29:31.550326
swenable_cpuintensive_w6_3.json,2025-12-26T08:57:48.180816
swenable_memoryintensive_w10_1.json,2025-12-28T08:46:11.825092
swdisable_cpuintensive_w12_2.json,2025-12-28T14:41:04.233145
dvfs_log_memoryintensive.json,2025-08-05T16:49:17.955977
swenable_mixed_w14_2.json,2026-01-03T21:02:02.564006
baseline_log_cpuintensive.json,2025-07-31T22:58:13.147661
swenable_memoryintensive7.json,2025-12-11T20:51:03.578790
baseline_log_memoryintensive.json,2025-08-05T17:11:29.978971
swenable_cpuintensive5.json,2025-12-11T11:42:00.855559
SWdisable_memoryintensive4.json,2025-12-11T09:05:50.232459
mlp.json,2025-11-22T10:25:03.503527
swenable_memoryintensive_w12_1.json,2025-12-28T13:34:16.693070
dvfs_log_cpuIntensive.json,2025-07-31T23:58:00.759082
swenable_mixed_w14_2.json,2026-01-03T21:03:11.472387
baseline_log_cpuintensive2.json,2025-08-05T20:17:29.877917
mlp.json,2025-11-22T10:03:15.254111
baseline_log_cpuintensive3.json,2025-08-08T08:25:13.225634
swdisable_mixed_w4_1.json,2026-01-03T08:03:48.366401
swenable_cpuintensive_w12_1.json,2025-12-28T13:27:17.010834
swdisable_memoryintensive_w14_3.json,2025-12-28T16:04:21.072009
swenable_mixed_w10_2.json,2026-01-03T19:03:51.511253
SWdisable_memoryintensive3.json,2025-12-11T06:00:56.106148
swenable_cpuintensive_w4_2.json,2025-12-24T07:23:27.115525
SWenable_memoryintensive2.json,2025-11-25T08:02:49.861942
mlpdisable_cpuintensive3.json,2026-02-16T23:43:53.474873
swdisable_memoryintensive_w12_2.json,2025-12-28T14:47:40.097520
swdisable_memoryintensive_w10_3.json,2025-12-28T07:42:16.786722
swdisable_memoryintensive_w14_2.json,2025-12-28T19:47:42.238257
SWdisable_memoryintensive7.json,2025-12-11T20:56:00.369909
swdisable_memoryintensive_w12_1.json,2025-12-28T13:20:31.328491
baseline_log_cpuintensive2.json,2025-08-05T20:15:30.192305
swenable_mixed_w6_2.json,2026-01-06T21:28:06.816367
swdisable_cpuintensive_w14_3.json,2025-12-28T15:59:15.942801
swdisable_mixed_w4_2.json,2026-01-03T08:24:48.838474
swenable_mixed_w10_2.json,2026-01-03T18:59:37.615681
mlpenable_cpuintensive.json,2025-11-22T15:11:25.420444
swenable_memoryintensive7.json,2025-12-11T20:47:15.131889
mlpdisable_cpuintensive3.json,2026-02-16T23:42:55.790832
swdisable_cpuintensive_w12_1.json,2025-12-28T13:09:47.687853
mlpdisable_mixed1.json,2026-02-16T23:38:16.799835
swenable_cpuintensive_w4_2.json,2025-12-24T07:22:42.482691
swdisable_mixed_w12_1.json,2026-01-03T20:12:57.938713
swenable_memoryintensive_w14_3.json,2025-12-28T15:49:35.265135
swenable_mixed_w8_1.json,2026-01-06T21:16:32.475271
mlp.json,2025-11-22T10:07:30.857791
mlp.json,2025-11-22T10:25:17.333255
swdisable_cpuintensive_4_3.json,2025-12-24T08:07:54.034415
mlpdisable_cpuintensive3.json,2026-02-16T23:41:43.952715
swenable_cpuintensive5.json,2025-12-11T11:39:59.780486
swdisable_memoryintensive_w12_1.json,2025-12-28T13:18:47.161745
swenable_mixed_w10_2.json,2026-01-03T19:01:54.861040
mlpenable_memoryintensive3.json,2026-02-17T00:08:00.605483
swenable_memoryintensive_w6_3.json,2025-12-26T09:04:19.529564
swenable_cpuintensive_w12_2.json,2025-12-28T14:26:50.676710
mlp.json,2025-11-22T10:05:57.945532
mlp.json,2025-11-22T10:11:09.513784
mlpdisable_memoryintensive3.json,2026-02-16T23:51:48.333294
swenable_cpuintensive_w10_2.json,2025-12-28T08:23:38.017077
swdisable_memoryintensive_w10_2.json,2025-12-28T08:05:08.702036
baseline_log_cpuintensive.json,2025-07-31T23:01:29.219575
swdisable_cpuintensive_w12_3.json,2025-12-28T14:57:52.696872
swenable_cpuintensive_w12_2.json,2025-12-28T14:27:33.030916
dvfs_log_memoryintensive3.json,2025-08-08T08:50:49.107074
swdisable_mixed_w4_2.json,2026-01-03T08:24:04.653146
mlp.json,2025-11-22T09:57:24.224085
swdisable_memoryintensive_w10_1.json,2025-12-28T09:02:10.684316
dvfs_log_memoryintensive3.json,2025-08-08T08:47:19.616055
swenable_cpuintensive_w14_1.json,2025-12-28T20:58:25.732013
swenable_memoryintensive_w6_3.json,2025-12-26T09:07:41.262347
swenable_memoryintensive_w14_1.json,2025-12-28T21:05:08.918000
SWdisable_cpuintensive7.json,2025-12-11T17:33:58.162305
baseline_log_cpuintensive.json,2025-07-31T22:57:53.777402
swenable_cpuintensive6.json,2025-12-11T15:07:38.736386
dvfs_log_memoryintensive2.json,2025-08-05T19:32:22.161610
swenable_cpuintensive_w6_3.json,2025-12-26T08:58:17.461450
swdisable_memoryintensive_w12_2.json,2025-12-28T14:48:53.518335
baseline_log_memoryintensive2.json,2025-08-05T19:23:45.415660
mlp.json,2025-11-22T09:36:19.974159
SWenable_cpuintensive4.json,2025-12-11T06:58:58.366351
baseline_log_cpuintensive2.json,2025-08-05T20:15:04.352370
swdisable_cpuintensive6.json,2025-12-11T13:27:36.357057
swenable_cpuintensive_w14_3.json,2025-12-28T15:41:05.801782
swdisable_memoryintensive_w10_3.json,2025-12-28T07:43:38.666299
dvfs_log_cpuintensive3.json,2025-08-08T08:19:11.982211
swenable_cpuintensive_w10_2.json,2025-12-28T08:24:17.836002
mlp.json,2025-11-22T10:11:28.433565
mlpenable_cpuintensive3.json,2026-02-17T00:04:01.643239
swenable_mixed_w4_2.json,2026-01-03T08:29:39.933389
baseline_log_cpuintensive.json,2025-07-31T22:59:10.839393
swdisable_mixed_w12_2.json,2026-01-03T19:22:27.868802
mlp.json,2025-11-22T09:42:15.687180
swenable_cpuintensive_w14_2.json,2025-12-28T19:54:10.266609
mlp.json,2025-11-22T10:09:50.442793
SWdisable_cpuintensive8.json,2025-12-11T21:13:05.160046
mlp.json,2025-11-22T10:12:38.293399
mlp.json,2025-11-22T09:44:11.564395
swenable_cpuintensive7.json,2025-12-11T17:42:05.454271
swenable_memoryintensive6.json,2025-12-11T15:32:58.987449
mlp.json,2025-11-22T10:04:43.713818
swdisable_memoryintensive_w4_1.json,2025-12-25T08:14:38.716213
swdisable_memoryintensive_w10_3.json,2025-12-28T07:45:27.372852
mlenable_memoryintensive2.json,2026-02-16T23:10:29.217517
mlpdisable_memoryintensive2.json,2026-02-16T23:32:16.837739
swenable_memoryintensive_w4_3.json,2025-12-25T09:10:05.014144
swdisable_memoryintensive_w6_3.json,2025-12-26T08:50:20.066684
swenable_mixed_w6_2.json,2026-01-06T21:30:26.285071
swdisable_mixed_w6_2.json,2026-01-03T08:39:23.905773
swdisable_cpuintensive_w10_1.json,2025-12-28T08:52:33.432482
baseline_log_memoryintensive2.json,2025-08-05T19:25:03.138110
swenable_memoryintensive5.json,2025-12-11T12:51:11.664426
mlp.json,2025-11-22T10:02:38.073866
swenable_cpuintensive_w10_3.json,2025-12-28T07:13:29.355997
swenable_memoryintensive7.json,2025-12-11T20:51:16.133603
swenable_memoryintensive_w10_2.json,2025-12-28T08:30:02.844945
swenable_memoryintensive_w12_1.json,2025-12-28T13:34:37.008211
swdisable_memoryintensive_w4_2.json,2025-12-25T08:51:48.059963
swenable_mixed_w6_2.json,2026-01-06T21:30:41.220415
SWdisable_memoryintensive3.json,2025-12-11T06:02:18.592475
swenable_cpuintensive_w10_1.json,2025-12-28T08:40:18.853240
baseline_log_cpuintensive3.json,2025-08-08T08:29:34.857567
swdisable_mixed_w10_2.json,2026-01-03T18:49:19.364986
swenable_cpuintensive_w12_1.json,2025-12-28T13:25:05.434529
mlpenable_mixed2.json,2026-02-17T00:15:19.075431
SWdisable_memoryintensive2.json,2025-11-25T07:52:09.852575
swdisable_mixed_w4_1.json,2026-01-03T08:05:39.960386
swdisable_memoryintensive_w12_2.json,2025-12-28T14:47:10.871075
swenable_memoryintensive_w4_1.json,2025-12-25T08:27:39.242646
swenable_memoryintensive_w14_3.json,2025-12-28T15:50:20.482063
swdisable_mixed_w4_1.json,2026-01-03T08:03:23.981270
swdisable_mixed_w10_1.json,2026-01-03T18:41:34.878571
swdisable_memoryintensive_w12_1.json,2025-12-28T13:16:44.666390
mlp.json,2025-11-22T09:58:01.162095
SW-disable_cpuintensive3.json,2025-12-10T23:18:04.561422
dvfs_log_memoryintensive3.json,2025-08-08T08:49:44.275134
dvfs_log_cpuintensive2.json,2025-08-05T20:22:20.386148
SWenable_cpuintensive4.json,2025-12-11T06:59:24.801718
swenable_memoryintensive7.json,2025-12-11T20:51:30.211550
mlp.json,2025-11-22T10:19:54.513228
baseline_log_memoryintensive.json,2025-08-05T17:14:10.838097
dvfs_log_cpuintensive2.json,2025-08-05T20:26:09.034471
mlp.json,2025-11-22T09:58:37.864125
mlpenable_mixed2.json,2026-02-17T00:17:24.669016
mlp.json,2025-11-22T09:47:34.614050
SWdisable_memoryintensive3.json,2025-12-11T06:03:16.501338
swdisable_memoryintensive_w12_1.json,2025-12-28T13:17:53.010411
swdisable_cpuintensive_w12_1.json,2025-12-28T13:12:05.130280
swdisable_memoryintensive_w4_1.json,2025-12-25T08:15:45.666703
swdisable_cpuintensive_w10_2.json,2025-12-28T08:01:23.112058
baseline_log_memoryintensive3.json,2025-08-08T08:39:58.551716
mlpenable_mixed1.json,2026-02-16T23:15:34.121674
SWdisable_cpuintensive8.json,2025-12-11T21:10:34.214432
swdisable_mixed_w8_2.json,2026-01-03T10:09:31.119430
swdisable_cpuintensive_w4_1.json,2025-12-24T07:08:22.913175
swdisable_cpuintensive_w12_3.json,2025-12-28T14:59:53.511809
swenable_cpuintensive6.json,2025-12-11T15:08:02.863047
swdisable_memoryintensive5.json,2025-12-11T12:43:59.599148
mlpenable_memoryintensive.json,2025-11-22T23:38:31.105636
swenable_cpuintensive_w6_3.json,2025-12-26T08:56:00.852565
mlp.json,2025-11-22T10:07:21.393352
baseline_log_memoryintensive.json,2025-08-05T17:13:45.038488
swenable_mixed_w12_2.json,2026-01-03T19:11:55.739874
swenable_cpuintensive_w14_2.json,2025-12-28T19:55:37.400611
SWdisable_memoryintensive8.json,2025-12-11T21:48:22.411916
swdisable_cpuintensive_w14_1.json,2025-12-28T21:12:24.456808
swdisable_mixed_w4_2.json,2026-01-03T08:24:09.596789
swenable_memoryintensive_w4_2.json,2025-12-25T08:38:21.025143
swdisable_mixed_w6_1.json,2026-01-03T09:35:41.567246
swdisable_cpuintensive_w6_2.json,2025-12-26T08:10:21.830558
SWdisable_memoryintensive8.json,2025-12-11T21:52:19.597873
swdisable_mixed_w6_1.json,2026-01-03T09:35:51.044170
swenable_mixed_w4_1.json,2026-01-03T07:59:06.161561
swdisable_mixed_w12_1.json,2026-01-03T20:12:03.664255
swenable_memoryintensive8.json,2025-12-11T21:42:15.506277
mlpenable_cpuintensive3.json,2026-02-17T00:02:19.258821
swenable_cpuintensive_w10_3.json,2025-12-28T07:10:20.939013
mlpdisable_cpuintensive3.json,2026-02-16T23:45:11.058866
swenable_mixed_w12_1.json,2026-01-03T20:18:09.923629
swdisable_memoryintensive5.json,2025-12-11T12:44:48.171367
mlp.json,2025-11-22T10:04:29.747567
swenable_mixed_w4_2.json,2026-01-03T08:30:12.383624
swdisable_memoryintensive_w14_1.json,2025-12-28T21:20:42.144074
swenable_memoryintensive_w12_1.json,2025-12-28T13:35:08.731691
swenable_mixed_w8_2.json,2026-01-03T10:44:35.901016
swdisable_cpuintensive_w10_2.json,2025-12-28T08:00:04.566119
swdisable_cpuintensive_w10_1.json,2025-12-28T08:54:15.283550
mlenable_memoryintensive2.json,2026-02-16T23:10:34.067854
SWenable_cpuintensive.json,2025-11-25T02:57:52.957698
swenable_cpuintensive_w10_2.json,2025-12-28T08:24:05.860749
mlpdisable_mixed1.json,2026-02-16T23:36:59.402357
swenable_memoryintensive6.json,2025-12-11T15:35:26.309202
swenable_cpuintensive_w14_2.json,2025-12-28T19:53:04.182243
mlp.json,2025-11-22T09:58:05.764124
swdisable_cpuintensive_w10_2.json,2025-12-28T08:01:28.074348
mlpdisable_cpuintensive.json,2025-11-22T15:27:53.470727
mlpenable_mixed1.json,2026-02-16T23:17:05.504706
swdisable_mixed_w4_1.json,2026-01-03T08:04:41.697584
swdisable_memoryintensive6.json,2025-12-11T15:42:33.373720
swdisable_mixed_w10_2.json,2026-01-03T18:45:20.855768
swdisable_cpuintensive_w4_2.json,2025-12-24T07:14:39.036047
swdisable_memoryintensive_w6_2.json,2025-12-26T08:17:21.304301
swdisable_cpuintensive_w10_2.json,2025-12-28T07:57:57.998560
mlp.json,2025-11-22T09:40:15.084940
swenable_mixed_w6_2.json,2026-01-06T21:31:12.874409
mlp.json,2025-11-22T09:47:11.265658
swdisable_memoryintensive5.json,2025-12-11T12:45:02.788341
SWdisable_memoryintensive4.json,2025-12-11T09:09:33.782408
SWdisable_memoryintensive4.json,2025-12-11T09:09:38.715686
swdisable_memoryintensive_w14_1.json,2025-12-28T21:21:01.217479
mlpenable_cpuintensive.json,2025-11-22T15:09:00.791687
baseline_log_memoryintensive.json,2025-08-05T17:10:41.690248
swdisable_cpuintensive_w10_1.json,2025-12-28T08:53:51.442941
swdisable_mixed_w8_1.json,2026-01-03T11:03:44.705149
swenable_mixed_w14_1.json,2026-01-03T20:41:53.921107
swenable_memoryintensive_w12_2.json,2025-12-28T14:31:31.092331
SWenable_cpuintensive8.json,2025-12-11T21:29:42.455230
swenable_memoryintensive_w14_2.json,2025-12-28T19:58:40.818779
swenable_memoryintensive7.json,2025-12-11T20:51:25.412883
swdisable_memoryintensive_w4_2.json,2025-12-25T08:52:12.829685
swdisable_mixed_w10_2.json,2026-01-03T18:47:56.500153
SWdisable_memoryintensive8.json,2025-12-11T21:52:44.186359
swenable_memoryintensive_w10_3.json,2025-12-28T07:28:39.409567
mlp.json,2025-11-22T09:37:37.024400
swenable_memoryintensive5.json,2025-12-11T12:50:37.990565
SWdisable_memoryintensive2.json,2025-11-25T07:52:47.834555
swenable_memoryintensive7.json,2025-12-11T20:48:47.518038
swdisable_cpuintensive_w12_2.json,2025-12-28T14:37:37.342630
SWdisable_memoryintensive2.json,2025-11-25T07:53:26.686785
swenable_cpuintensive_w6_3.json,2025-12-26T08:56:12.599337
mlp.json,2025-11-22T09:39:10.127579
swenable_memoryintensive_w12_3.json,2025-12-28T15:20:06.726786
dvfs_log_cpuIntensive.json,2025-07-31T23:55:52.255574
dvfs_log_cpuintensive3.json,2025-08-08T08:21:57.890490
mlpenable_memoryintensive3.json,2026-02-17T00:11:36.715219
SWenable_memoryintensive4.json,2025-12-11T08:56:54.573304
mlpdisable_cpuintensive3.json,2026-02-16T23:45:26.021001
swdisable_mixed_w8_2.json,2026-01-03T10:11:42.381363
swenable_mixed_w4_1.json,2026-01-03T07:56:56.176292
swenable_memoryintensive_w12_3.json,2025-12-28T15:20:39.603271
swenable_cpuintensive_w4_1.json,2025-12-24T06:56:07.294379
SWdisable_memoryintensive2.json,2025-11-25T07:51:59.687132
swdisable_cpuintensive6.json,2025-12-11T13:23:06.571220
swenable_mixed_w8_1.json,2026-01-06T21:14:48.705483
baseline_log_cpuintensive3.json,2025-08-08T08:27:26.538691
swenable_cpuintensive_w6_1.json,2025-12-26T07:00:45.319043
swdisable_mixed_w8_1.json,2026-01-03T11:05:06.323439
swdisable_memoryintensive_w10_3.json,2025-12-28T07:41:48.356935
mlpenable_mixed1.json,2026-02-16T23:16:50.987041
dvfs_log_cpuIntensive.json,2025-07-31T23:53:38.435424
swdisable_mixed_w4_1.json,2026-01-03T08:05:49.645062
swenable_mixed_w10_2.json,2026-01-03T19:03:13.978880
mlp.json,2025-11-22T10:06:16.503796
mlpenable_cpuintensive2.json,2026-02-16T22:55:34.990309
dvfs_log_memoryintensive3.json,2025-08-08T08:48:06.642965
swenable_memoryintensive_w6_3.json,2025-12-26T09:05:36.171977
SWenable_cpuintensive8.json,2025-12-11T21:29:03.227545
swdisable_memoryintensive_w14_1.json,2025-12-28T21:23:53.483226
swenable_mixed_w14_1.json,2026-01-03T20:42:23.489518
mlpenable_memoryintensive.json,2025-11-22T23:40:27.599261
SWdisable_memoryintensive7.json,2025-12-11T20:57:42.459795
swenable_cpuintensive6.json,2025-12-11T15:07:57.775864
mlp.json,2025-11-22T10:04:38.874538
swdisable_memoryintensive_w4_1.json,2025-12-25T08:14:29.139099
swdisable_memoryintensive_w14_1.json,2025-12-28T21:19:49.522357
swenable_cpuintensive_w14_1.json,2025-12-28T21:00:08.651963
swdisable_cpuintensive_w4_1.json,2025-12-24T07:06:10.564691
dvfs_log_cpuintensive2.json,2025-08-05T20:23:27.974271
SWdisable_memoryintensive2.json,2025-11-25T07:52:29.007226
swenable_cpuintensive_w12_3.json,2025-12-28T15:11:08.542697
swenable_cpuintensive_w12_1.json,2025-12-28T13:24:34.948071
swdisable_cpuintensive_w12_3.json,2025-12-28T15:01:28.065986
swenable_mixed_w8_2.json,2026-01-03T10:43:38.401018
SWdisable_cpuintensive.json,2025-11-25T02:52:26.575043
dvfs_log_cpuintensive2.json,2025-08-05T20:23:08.628648
mlpdisable_memoryintensive2.json,2026-02-16T23:28:20.077437
swenable_memoryintensive_w14_3.json,2025-12-28T15:46:30.480473
SWdisable_memoryintensive2.json,2025-11-25T07:55:55.187155
swenable_mixed_w14_2.json,2026-01-03T21:01:06.835346
mlpenable_cpuintensive3.json,2026-02-17T00:01:20.164887
swdisable_mixed_w14_2.json,2026-01-03T20:54:05.487098
swdisable_cpuintensive_w12_1.json,2025-12-28T13:12:00.281552
mlpenable_memoryintensive.json,2025-11-22T23:41:32.966038
mlpdisable_mixed2.json,2026-02-16T23:55:40.554868
swdisable_memoryintensive6.json,2025-12-11T15:42:28.281651
baseline_log_cpuintensive.json,2025-07-31T22:58:51.606438
swenable_cpuintensive_w12_2.json,2025-12-28T14:27:13.367194
swdisable_mixed_w14_2.json,2026-01-03T20:57:39.504879
swdisable_mixed_w8_2.json,2026-01-03T10:10:34.196876
swenable_mixed_w6_1.json,2026-01-03T09:23:44.930281
swenable_cpuintensive6.json,2025-12-11T15:11:50.233316
swenable_mixed_w14_2.json,2026-01-03T21:03:50.561758
SWenable_memoryintensive2.json,2025-11-25T08:01:49.172818
swdisable_cpuintensive_4_3.json,2025-12-24T08:05:12.466245
SW-enable_cpuintensive3.json,2025-12-10T23:07:07.829518
mlp.json,2025-11-22T09:41:34.035937
swenable_cpuintensive_w4_1.json,2025-12-24T07:00:29.164247
swenable_memoryintensive_w10_2.json,2025-12-28T08:31:33.326756
swenable_mixed_w8_2.json,2026-01-03T10:40:52.168225
swenable_mixed_w14_1.json,2026-01-03T20:42:41.226007
swenable_mixed_w10_1.json,2026-01-03T18:21:31.955087
swenable_cpuintensive_w4_3.json,2025-12-24T07:55:56.211115
SWenable_cpuintensive8.json,2025-12-11T21:30:23.342803
mlp.json,2025-11-22T09:44:02.226164
swdisable_cpuintensive_w10_3.json,2025-12-28T07:33:00.173753
swdisable_cpuintensive6.json,2025-12-11T13:27:46.038383
swenable_memoryintensive6.json,2025-12-11T15:35:31.614756
swenable_memoryintensive_w4_3.json,2025-12-25T09:09:50.139021
swenable_mixed_w12_1.json,2026-01-03T20:21:37.304089
mlpenable_memoryintensive3.json,2026-02-17T00:11:31.873634
swenable_memoryintensive_w12_1.json,2025-12-28T13:32:27.304656
swdisable_mixed_w4_1.json,2026-01-03T08:05:05.663685
SWdisable_memoryintensive3.json,2025-12-11T06:00:22.658119
SWdisable_memoryintensive2.json,2025-11-25T07:54:40.020333
swenable_memoryintensive_w10_3.json,2025-12-28T07:29:16.687324
SW-disable_cpuintensive3.json,2025-12-10T23:17:35.729708
swenable_memoryintensive_w14_3.json,2025-12-28T15:49:00.509070
swdisable_cpuintensive_w12_1.json,2025-12-28T13:13:29.709133
mlp.json,2025-11-22T10:14:25.233689
mlp.json,2025-11-22T09:56:47.222703
swenable_cpuintensive6.json,2025-12-11T15:09:14.533482
swenable_memoryintensive6.json,2025-12-11T15:31:44.311606
swenable_cpuintensive_w14_3.json,2025-12-28T15:42:22.757580
mlpenable_cpuintensive3.json,2026-02-17T00:04:20.998726
swdisable_mixed_w12_1.json,2026-01-03T20:13:47.329211
baseline_log_memoryintensive2.json,2025-08-05T19:26:43.505469
swenable_memoryintensive7.json,2025-12-11T20:49:31.659747
swenable_memoryintensive8.json,2025-12-11T21:43:16.168934
swenable_mixed_w8_2.json,2026-01-03T10:45:05.729970
swenable_cpuintensive_w14_1.json,2025-12-28T21:01:09.206310
swdisable_cpuintensive5.json,2025-12-11T11:50:59.282026
swenable_mixed_w10_1.json,2026-01-03T18:23:06.610310
swdisable_memoryintensive_w4_3.json,2025-12-25T09:03:13.448844
swenable_memoryintensive_w14_1.json,2025-12-28T21:07:22.853436
swdisable_memoryintensive_w6_3.json,2025-12-26T08:48:27.415688
swenable_mixed_w4_2.json,2026-01-03T08:33:17.552641
swdisable_cpuintensive_w6_2.json,2025-12-26T08:07:36.891632
swenable_memoryintensive_w6_2.json,2025-12-26T07:59:09.737675
swdisable_mixed_w10_1.json,2026-01-03T18:38:25.182107
mlp.json,2025-11-22T09:49:53.643798
swdisable_mixed_w12_1.json,2026-01-03T20:13:07.662123
swdisable_cpuintensive_w6_3.json,2025-12-26T08:40:51.082011
mlp.json,2025-11-22T09:56:38.143858
swenable_cpuintensive_w14_3.json,2025-12-28T15:42:59.005136
swdisable_cpuintensive_w4_2.json,2025-12-24T07:15:21.161447
swenable_memoryintensive_w14_1.json,2025-12-28T21:09:16.033567
SWdisable_memoryintensive3.json,2025-12-11T06:03:35.819025
SWdisable_cpuintensive4.json,2025-12-11T07:08:07.143518
swenable_memoryintensive_w6_3.json,2025-12-26T09:07:13.731353
swenable_mixed_w12_1.json,2026-01-03T20:20:11.269870
swenable_cpuintensive_w6_3.json,2025-12-26T09:00:17.286003
swenable_mixed_w6_1.json,2026-01-03T09:20:54.303250
swenable_cpuintensive5.json,2025-12-11T11:39:17.186710
SWdisable_cpuintensive7.json,2025-12-11T17:35:08.676969
dvfs_log_memoryintensive2.json,2025-08-05T19:36:40.861631
swdisable_mixed_w4_2.json,2026-01-03T08:24:58.621975
mlpdisable_memoryintensive2.json,2026-02-16T23:28:00.848967
swdisable_mixed_w14_2.json,2026-01-03T20:55:51.487311
SWenable_memoryintensive3.json,2025-12-11T06:07:24.399952
swdisable_memoryintensive_w4_1.json,2025-12-25T08:17:04.217333
swdisable_mixed_w12_1.json,2026-01-03T20:10:46.164214
swenable_cpuintensive_w10_1.json,2025-12-28T08:40:35.614654
swenable_memoryintensive_w14_2.json,2025-12-28T19:58:56.297148
swdisable_memoryintensive5.json,2025-12-11T12:41:45.062368
mlp.json,2025-11-22T09:45:06.480651
swdisable_mixed_w8_1.json,2026-01-03T11:08:05.669640
swenable_mixed_w6_2.json,2026-01-06T21:31:24.812404
swdisable_cpuintensive_w14_3.json,2025-12-28T15:57:33.100531
swdisable_memoryintensive_w12_3.json,2025-12-28T15:06:34.093623
swdisable_cpuintensive_w4_2.json,2025-12-24T07:16:22.017098
mlpenable_mixed2.json,2026-02-17T00:14:28.045598
swenable_memoryintensive_w4_3.json,2025-12-25T09:09:24.899478
swdisable_mixed_w14_1.json,2026-01-03T20:48:07.353425
dvfs_log_cpuintensive3.json,2025-08-08T08:18:25.422116
swenable_mixed_w8_1.json,2026-01-06T21:15:41.676735
baseline_log_memoryintensive3.json,2025-08-08T08:43:30.539968
mlpdisable_memoryintensive.json,2025-11-22T23:10:08.440660
swenable_memoryintensive_w12_2.json,2025-12-28T14:32:20.542688
swdisable_mixed_w4_1.json,2026-01-03T08:07:11.998494
swenable_cpuintensive5.json,2025-12-11T11:41:49.278977
swenable_cpuintensive5.json,2025-12-11T11:38:26.605008
dvfs_log_memoryintensive3.json,2025-08-08T08:48:29.974937
SWenable_cpuintensive8.json,2025-12-11T21:28:38.287411
swdisable_memoryintensive_w6_1.json,2025-12-26T07:15:00.164765
baseline_log_memoryintensive3.json,2025-08-08T08:41:12.386184
mlpdisable_mixed2.json,2026-02-16T23:58:09.072929
swdisable_cpuintensive_w4_1.json,2025-12-24T07:05:03.430577
swdisable_cpuintensive_w12_2.json,2025-12-28T14:38:01.707060
swenable_memoryintensive_w4_3.json,2025-12-25T09:10:00.105329
swenable_mixed_w10_1.json,2026-01-03T18:21:06.676320
mlpdisable_mixed2.json,2026-02-16T23:57:21.049795
SWenable_memoryintensive.json,2025-11-25T02:29:35.275114
baseline_log_memoryintensive2.json,2025-08-05T19:23:42.207408
baseline_log_memoryintensive2.json,2025-08-05T19:22:34.202671
mlenable_memoryintensive2.json,2026-02-16T23:09:35.919649
swenable_cpuintensive_w10_3.json,2025-12-28T07:14:58.153361
swdisable_memoryintensive_w4_3.json,2025-12-25T09:02:14.226674
dvfs_log_cpuIntensive.json,2025-07-31T23:57:16.795262
swdisable_mixed_w10_1.json,2026-01-03T18:38:44.409822
SWdisable_memoryintensive8.json,2025-12-11T21:49:16.166574
swenable_cpuintensive_w10_3.json,2025-12-28T07:13:08.207131
SWdisable_memoryintensive2.json,2025-11-25T07:55:15.786463
swdisable_mixed_w6_1.json,2026-01-03T09:37:52.357809
SWenable_memoryintensive2.json,2025-11-25T08:04:06.234150
mlpenable_memoryintensive.json,2025-11-22T23:40:41.505945
swdisable_cpuintensive_w12_3.json,2025-12-28T14:58:02.496743
baseline_log_cpuintensive2.json,2025-08-05T20:18:02.283212
swdisable_memoryintensive_w14_3.json,2025-12-28T16:02:38.162769
swdisable_cpuintensive_w12_2.json,2025-12-28T14:40:05.241034
swdisable_memoryintensive_w12_2.json,2025-12-28T14:46:12.274578
swenable_cpuintensive_w4_1.json,2025-12-24T07:00:18.799093
mlenable_memoryintensive2.json,2026-02-16T23:08:11.121046
swdisable_memoryintensive_w10_3.json,2025-12-28T07:41:05.728056
SWdisable_memoryintensive3.json,2025-12-11T06:02:57.193608
swenable_memoryintensive_w12_3.json,2025-12-28T15:19:03.119317
swdisable_memoryintensive_w12_1.json,2025-12-28T13:18:52.053316
dvfs_log_memoryintensive2.json,2025-08-05T19:33:30.310307
swdisable_memoryintensive_w14_1.json,2025-12-28T21:23:13.459403
SWenable_cpuintensive.json,2025-11-25T02:58:14.449213
swenable_memoryintensive_w14_3.json,2025-12-28T15:47:03.714329
swdisable_mixed_w8_1.json,2026-01-03T11:06:13.744517
swenable_mixed_w6_2.json,2026-01-06T21:26:46.185871
swdisable_mixed_w6_2.json,2026-01-03T08:42:53.386946
swenable_cpuintensive_w10_3.json,2025-12-28T07:14:16.922424
dvfs_log_memoryintensive2.json,2025-08-05T19:33:39.965072
swdisable_memoryintensive_w4_3.json,2025-12-25T08:59:22.830166
swenable_memoryintensive5.json,2025-12-11T12:51:21.267476
swdisable_mixed_w8_2.json,2026-01-03T10:12:01.838158
mlp.json,2025-11-22T10:17:22.426314
swenable_memoryintensive_w10_2.json,2025-12-28T08:29:03.431927
swenable_memoryintensive_w10_3.json,2025-12-28T07:25:37.775001
swdisable_cpuintensive_w14_1.json,2025-12-28T21:12:14.958788
swdisable_cpuintensive_w10_3.json,2025-12-28T07:36:28.213207
dvfs_log_memoryintensive.json,2025-08-05T16:52:00.409570
swenable_memoryintensive_w12_1.json,2025-12-28T13:35:54.495196
swdisable_cpuintensive_w14_3.json,2025-12-28T15:57:53.623937
mlp.json,2025-11-22T10:00:37.673853
swenable_mixed_w4_2.json,2026-01-03T08:30:00.527967
mlpdisable_memoryintensive.json,2025-11-22T23:10:40.641782
swdisable_memoryintensive_w6_2.json,2025-12-26T08:16:47.553830
mlpenable_memoryintensive3.json,2026-02-17T00:09:19.346609
SWenable_memoryintensive2.json,2025-11-25T08:00:58.878641
SWdisable_memoryintensive7.json,2025-12-11T20:56:05.321113
mlpenable_mixed2.json,2026-02-17T00:15:05.148914
swdisable_cpuintensive_w12_1.json,2025-12-28T13:12:24.867322
mlpenable_mixed1.json,2026-02-16T23:15:38.760840
swenable_memoryintensive_w6_1.json,2025-12-26T07:33:32.153511
swdisable_mixed_w12_2.json,2026-01-03T19:20:59.195098
swenable_cpuintensive_w14_3.json,2025-12-28T15:42:40.105247
swenable_memoryintensive_w4_2.json,2025-12-25T08:40:36.011593
swenable_mixed_w6_1.json,2026-01-03T09:23:18.204746
mlpdisable_cpuintensive3.json,2026-02-16T23:43:05.384914
mlp.json,2025-11-22T10:03:19.953708
swdisable_memoryintensive_w6_2.json,2025-12-26T08:16:23.530168
baseline_log_cpuintensive.json,2025-07-31T22:59:46.270203
swenable_cpuintensive_w12_2.json,2025-12-28T14:27:08.450043
dvfs_log_memoryintensive2.json,2025-08-05T19:34:02.632039
mlp.json,2025-11-22T10:03:24.537149
swenable_memoryintensive_w10_2.json,2025-12-28T08:27:13.549909
swdisable_mixed_w8_1.json,2026-01-03T11:06:08.888874
SWdisable_cpuintensive7.json,2025-12-11T17:34:49.876834
swdisable_memoryintensive6.json,2025-12-11T15:40:37.176063
swdisable_mixed_w6_2.json,2026-01-03T08:42:09.674419
baseline_log_cpuintensive2.json,2025-08-05T20:15:33.441874
swenable_cpuintensive_w12_1.json,2025-12-28T13:26:11.807796
swdisable_mixed_w10_1.json,2026-01-03T18:39:33.054273
swenable_memoryintensive_w4_3.json,2025-12-25T09:08:14.230078
swdisable_cpuintensive_w12_2.json,2025-12-28T14:41:18.506004
swenable_mixed_w12_2.json,2026-01-03T19:13:28.525518
swenable_cpuintensive_w12_1.json,2025-12-28T13:25:15.914095
swenable_mixed_w8_2.json,2026-01-03T10:43:14.902737
swenable_memoryintensive_w10_2.json,2025-12-28T08:29:52.983621
swenable_memoryintensive_w12_1.json,2025-12-28T13:34:42.417941
swdisable_memoryintensive_w4_3.json,2025-12-25T09:01:00.286962
swenable_memoryintensive_w14_1.json,2025-12-28T21:06:41.951429
swdisable_mixed_w12_2.json,2026-01-03T19:22:47.818961
swdisable_mixed_w10_1.json,2026-01-03T18:40:02.417485
mlpdisable_cpuintensive3.json,2026-02-16T23:44:12.480482
swenable_memoryintensive_w14_3.json,2025-12-28T15:47:47.143562
swenable_mixed_w10_1.json,2026-01-03T18:21:59.845433
swenable_cpuintensive6.json,2025-12-11T15:11:36.286858
swdisable_memoryintensive_w4_1.json,2025-12-25T08:15:35.990564
swenable_memoryintensive_w14_1.json,2025-12-28T21:05:23.269305
swenable_memoryintensive_w10_3.json,2025-12-28T07:26:32.884003
swenable_memoryintensive_w10_3.json,2025-12-28T07:28:23.204530
swdisable_cpuintensive_4_3.json,2025-12-24T08:04:38.508079
mlpdisable_memoryintensive3.json,2026-02-16T23:47:36.198399
swenable_mixed_w12_1.json,2026-01-03T20:18:55.242867
swdisable_memoryintensive_w6_2.json,2025-12-26T08:17:46.570581
swdisable_cpuintensive_w10_2.json,2025-12-28T08:00:38.924886
mlpdisable_mixed2.json,2026-02-16T23:56:57.197406
mlpdisable_mixed1.json,2026-02-16T23:35:52.025070
dvfs_log_cpuintensive3.json,2025-08-08T08:21:54.527910
swdisable_memoryintensive_w4_1.json,2025-12-25T08:17:34.489237
SWdisable_memoryintensive7.json,2025-12-11T21:00:13.717405
mlp.json,2025-11-22T10:18:31.275311
swdisable_cpuintensive_w10_3.json,2025-12-28T07:36:23.131251
SWdisable_memoryintensive7.json,2025-12-11T20:57:32.943418
swenable_memoryintensive_w14_2.json,2025-12-28T19:59:15.752163
swenable_cpuintensive_w6_3.json,2025-12-26T08:56:52.588222
SWdisable_cpuintensive7.json,2025-12-11T17:35:18.444731
swdisable_memoryintensive_w14_2.json,2025-12-28T19:47:52.343893
swdisable_cpuintensive_w14_2.json,2025-12-28T19:39:31.102631
swenable_cpuintensive_w6_3.json,2025-12-26T08:56:06.996346
SWdisable_memoryintensive2.json,2025-11-25T07:55:45.455336
baseline_log_memoryintensive2.json,2025-08-05T19:25:48.393799
SWdisable_cpuintensive7.json,2025-12-11T17:36:46.487533
swenable_cpuintensive_w14_2.json,2025-12-28T19:54:51.748402
swenable_mixed_w14_1.json,2026-01-03T20:39:33.851579
dvfs_log_cpuintensive2.json,2025-08-05T20:24:16.218070
dvfs_log_cpuintensive2.json,2025-08-05T20:26:12.271050
swenable_memoryintensive_w4_2.json,2025-12-25T08:39:45.160837
swdisable_memoryintensive6.json,2025-12-11T15:41:39.848377
swdisable_mixed_w10_2.json,2026-01-03T18:46:38.363894
mlp.json,2025-11-22T10:00:46.944897
swenable_memoryintensive_w4_2.json,2025-12-25T08:41:06.493654
swenable_cpuintensive_w10_3.json,2025-12-28T07:12:49.484123
swdisable_mixed_w12_2.json,2026-01-03T19:23:32.794056
swenable_cpuintensive_w14_3.json,2025-12-28T15:39:08.461850
SWdisable_memoryintensive.json,2025-11-25T02:25:27.496901
swenable_cpuintensive_w6_1.json,2025-12-26T07:00:56.927868
dvfs_log_cpuIntensive.json,2025-07-31T23:55:12.103418
swenable_mixed_w6_2.json,2026-01-06T21:30:21.141416
swenable_cpuintensive_w6_2.json,2025-12-26T07:45:57.881153
swdisable_memoryintensive_w6_2.json,2025-12-26T08:17:11.573502
swdisable_cpuintensive_w4_1.json,2025-12-24T07:09:51.895860
mlpenable_mixed2.json,2026-02-17T00:15:09.775416
mlp.json,2025-11-22T10:05:25.483524
mlp.json,2025-11-22T10:23:07.798922
baseline_log_memoryintensive3.json,2025-08-08T08:42:02.876271
swenable_memoryintensive_w10_3.json,2025-12-28T07:28:11.069283
mlpdisable_cpuintensive.json,2025-11-22T15:27:26.119730
baseline_log_cpuintensive.json,2025-07-31T22:57:50.572024
swenable_cpuintensive_w6_3.json,2025-12-26T08:57:18.924173
swdisable_memoryintensive6.json,2025-12-11T15:38:50.394940
dvfs_log_cpuintensive3.json,2025-08-08T08:18:32.074238
swdisable_cpuintensive_w4_1.json,2025-12-24T07:07:48.713023
swenable_memoryintensive_w4_3.json,2025-12-25T09:07:15.022465
swdisable_mixed_w8_1.json,2026-01-03T11:08:10.403052
swdisable_cpuintensive_w10_2.json,2025-12-28T07:57:43.570062
swenable_cpuintensive_w4_2.json,2025-12-24T07:22:02.888519
SWdisable_cpuintensive.json,2025-11-25T02:52:31.493918
SWdisable_cpuintensive8.json,2025-12-11T21:10:48.738270
swenable_mixed_w4_1.json,2026-01-03T07:55:07.078111
SWdisable_memoryintensive2.json,2025-11-25T07:52:19.520275
swdisable_memoryintensive_w14_1.json,2025-12-28T21:22:48.919585
swenable_mixed_w8_2.json,2026-01-03T10:40:32.189763
swenable_memoryintensive5.json,2025-12-11T12:49:28.465757
swenable_mixed_w12_1.json,2026-01-03T20:21:42.409300
swdisable_cpuintensive_w6_2.json,2025-12-26T08:07:41.626251
swenable_cpuintensive_w10_1.json,2025-12-28T08:38:35.394412
swdisable_cpuintensive_w14_2.json,2025-12-28T19:40:02.547695
SWdisable_cpuintensive7.json,2025-12-11T17:34:45.148459
swenable_mixed_w14_2.json,2026-01-03T21:01:11.536788
mlp.json,2025-11-22T10:05:53.393796
swenable_cpuintensive_w14_1.json,2025-12-28T20:59:14.992992
swenable_cpuintensive_w6_2.json,2025-12-26T07:45:39.554612
swenable_mixed_w14_2.json,2026-01-03T21:02:27.085212
swdisable_memoryintensive_w4_1.json,2025-12-25T08:15:12.213235
swenable_mixed_w14_2.json,2026-01-03T21:03:21.021965
mlpdisable_memoryintensive2.json,2026-02-16T23:27:56.062612
mlpdisable_cpuintensive3.json,2026-02-16T23:42:41.752647
dvfs_log_memoryintensive3.json,2025-08-08T08:51:47.347036
SWdisable_memoryintensive8.json,2025-12-11T21:51:12.054890
swenable_cpuintensive_w4_2.json,2025-12-24T07:23:52.470962
mlp.json,2025-11-22T10:00:33.113773
mlp.json,2025-11-22T10:13:52.557666
swenable_memoryintensive7.json,2025-12-11T20:52:07.291548
swdisable_cpuintensive_w14_2.json,2025-12-28T19:36:53.819889
swenable_memoryintensive_w10_1.json,2025-12-28T08:49:17.973436
swenable_memoryintensive_w10_3.json,2025-12-28T07:26:23.438121
mlp.json,2025-11-22T09:48:16.157448
swenable_memoryintensive_w14_1.json,2025-12-28T21:04:44.968864
swdisable_mixed_w8_2.json,2026-01-03T10:10:53.708639
mlpenable_memoryintensive3.json,2026-02-17T00:10:33.546205
swdisable_memoryintensive_w4_1.json,2025-12-25T08:18:39.331819
swdisable_cpuintensive6.json,2025-12-11T13:26:37.176333
swenable_cpuintensive_w4_1.json,2025-12-24T06:57:03.906636
swdisable_cpuintensive_w12_2.json,2025-12-28T14:37:22.631766
swenable_mixed_w12_2.json,2026-01-03T19:15:02.646211
baseline_log_memoryintensive3.json,2025-08-08T08:40:25.654807
mlp.json,2025-11-22T09:53:27.183864
swdisable_cpuintensive6.json,2025-12-11T13:25:53.134694
baseline_log_cpuintensive3.json,2025-08-08T08:26:39.515500
mlp.json,2025-11-22T10:13:34.063403
mlp.json,2025-11-22T10:25:35.805106
swenable_cpuintensive_w4_2.json,2025-12-24T07:21:33.493626
mlp.json,2025-11-22T10:22:17.205546
swenable_mixed_w6_1.json,2026-01-03T09:24:08.865781
swenable_memoryintensive_w14_3.json,2025-12-28T15:48:55.496769
swdisable_cpuintensive_w12_1.json,2025-12-28T13:09:38.223606
swenable_memoryintensive_w10_3.json,2025-12-28T07:28:17.537872
mlpdisable_memoryintensive.json,2025-11-22T23:12:37.768310
SW-enable_cpuintensive3.json,2025-12-10T23:06:06.109087
swenable_mixed_w8_2.json,2026-01-03T10:40:36.918665
dvfs_log_cpuintensive2.json,2025-08-05T20:26:44.487083
mlpdisable_cpuintensive.json,2025-11-22T15:26:50.161371
swdisable_mixed_w4_1.json,2026-01-03T08:06:43.106469
swdisable_cpuintensive_w12_2.json,2025-12-28T14:40:59.461170
swenable_cpuintensive_w4_2.json,2025-12-24T07:24:39.223131
mlp.json,2025-11-22T09:59:10.063840
mlp.json,2025-11-22T10:06:02.543960
swenable_mixed_w8_2.json,2026-01-03T10:43:44.242753
mlpenable_mixed2.json,2026-02-17T00:14:14.103004
swenable_mixed_w4_1.json,2026-01-03T07:55:34.729955
swenable_memoryintensive_w4_2.json,2025-12-25T08:38:30.638071
dvfs_log_cpuintensive3.json,2025-08-08T08:20:40.058690
SWenable_cpuintensive4.json,2025-12-11T06:59:49.957677
mlpdisable_memoryintensive.json,2025-11-22T23:11:27.592078
swenable_memoryintensive_w6_2.json,2025-12-26T07:58:32.220138
swdisable_memoryintensive_w12_1.json,2025-12-28T13:20:01.608227
dvfs_log_memoryintensive.json,2025-08-05T16:53:41.485782
swdisable_memoryintensive_w14_3.json,2025-12-28T16:04:36.187881
swenable_cpuintensive_w10_1.json,2025-12-28T08:40:24.144871
SW-enable_cpuintensive3.json,2025-12-10T23:06:37.361512
swdisable_mixed_w12_1.json,2026-01-03T20:11:39.491137
swdisable_cpuintensive_w14_2.json,2025-12-28T19:40:28.026892
swdisable_memoryintensive_w6_3.json,2025-12-26T08:51:08.507370
swdisable_memoryintensive5.json,2025-12-11T12:41:54.728896
swdisable_cpuintensive_w10_3.json,2025-12-28T07:35:54.095222
swdisable_memoryintensive_w10_3.json,2025-12-28T07:42:54.988069
swenable_cpuintensive7.json,2025-12-11T17:44:06.442901
baseline_log_cpuintensive2.json,2025-08-05T20:18:37.978655
swdisable_mixed_w6_2.json,2026-01-03T08:38:16.125837
mlp.json,2025-11-22T10:08:54.408636
baseline_log_cpuintensive2.json,2025-08-05T20:15:07.560147
baseline_log_cpuintensive3.json,2025-08-08T08:27:09.731218
swenable_cpuintensive_w4_1.json,2025-12-24T06:58:53.027937
mlpenable_memoryintensive3.json,2026-02-17T00:09:14.742581
mlp.json,2025-11-22T09:49:25.904680
swenable_memoryintensive_w4_2.json,2025-12-25T08:40:20.634258
mlpenable_cpuintensive.json,2025-11-22T15:08:23.330408
swdisable_memoryintensive_w10_3.json,2025-12-28T07:42:21.506367
swdisable_mixed_w8_2.json,2026-01-03T10:11:23.103583
swdisable_cpuintensive_w10_1.json,2025-12-28T08:55:52.969440
swenable_cpuintensive_w10_1.json,2025-12-28T08:39:30.171601
dvfs_log_cpuIntensive.json,2025-07-31T23:53:51.824617
swdisable_cpuintensive_4_3.json,2025-12-24T08:03:35.976160
mlpenable_mixed2.json,2026-02-17T00:15:28.271152
swdisable_cpuintensive_w14_1.json,2025-12-28T21:12:57.423466
swdisable_mixed_w10_1.json,2026-01-03T18:41:14.920771
baseline_log_memoryintensive.json,2025-08-05T17:12:24.638075
swenable_mixed_w8_2.json,2026-01-03T10:44:03.667342
swenable_mixed_w10_2.json,2026-01-03T19:00:33.024930
SWdisable_memoryintensive3.json,2025-12-11T06:01:39.747548
swenable_cpuintensive5.json,2025-12-11T11:40:53.186191
baseline_log_cpuintensive.json,2025-07-31T23:02:33.663830
mlp.json,2025-11-22T10:11:42.433538
swenable_cpuintensive_w6_3.json,2025-12-26T08:58:34.042434
SWdisable_memoryintensive8.json,2025-12-11T21:52:34.612171
baseline_log_memoryintensive3.json,2025-08-08T08:43:20.487550
swenable_memoryintensive_w12_3.json,2025-12-28T15:19:46.451890
swenable_memoryintensive_w12_3.json,2025-12-28T15:21:30.209696
mlpdisable_cpuintensive.json,2025-11-22T15:29:02.142588
mlpenable_cpuintensive3.json,2026-02-17T00:05:09.155996
swenable_memoryintensive7.json,2025-12-11T20:48:42.910943
swenable_cpuintensive_w10_1.json,2025-12-28T08:41:39.635853
SWdisable_memoryintensive8.json,2025-12-11T21:51:02.506178
swdisable_cpuintensive_w6_3.json,2025-12-26T08:38:26.309443
baseline_log_cpuintensive3.json,2025-08-08T08:27:36.690527
swenable_cpuintensive_w4_2.json,2025-12-24T07:22:56.706214
SWdisable_memoryintensive4.json,2025-12-11T09:06:24.148274
dvfs_log_cpuIntensive.json,2025-07-31T23:54:15.037785
swenable_cpuintensive_w10_2.json,2025-12-28T08:21:20.120721
swdisable_cpuintensive_w6_1.json,2025-12-26T07:07:15.815027
swdisable_mixed_w6_1.json,2026-01-03T09:36:10.273016
baseline_log_memoryintensive2.json,2025-08-05T19:26:53.385513
mlpdisable_memoryintensive.json,2025-11-22T23:10:59.769162
swdisable_memoryintensive_w10_1.json,2025-12-28T09:05:45.686237
swenable_memoryintensive_w14_1.json,2025-12-28T21:07:58.426332
swenable_cpuintensive_w12_2.json,2025-12-28T14:23:14.917194
mlpdisable_mixed2.json,2026-02-16T23:55:49.954672
swenable_cpuintensive_w14_2.json,2025-12-28T19:55:26.980800
mlpenable_mixed1.json,2026-02-16T23:15:57.764096
swenable_cpuintensive6.json,2025-12-11T15:07:15.372532
swenable_cpuintensive_w10_1.json,2025-12-28T08:41:57.662286
swdisable_cpuintensive_w10_3.json,2025-12-28T07:37:02.632878
swenable_mixed_w4_2.json,2026-01-03T08:32:22.964463
swenable_cpuintensive_w6_3.json,2025-12-26T08:58:22.774817
swdisable_memoryintensive_w10_1.json,2025-12-28T09:01:12.329641
mlpdisable_mixed1.json,2026-02-16T23:35:33.170125
baseline_log_cpuintensive.json,2025-07-31T23:01:03.473737
swdisable_cpuintensive_w6_3.json,2025-12-26T08:42:15.402289
swenable_memoryintensive6.json,2025-12-11T15:34:19.728333
mlp.json,2025-11-22T10:11:14.408132
swenable_cpuintensive_w10_2.json,2025-12-28T08:20:55.004743
dvfs_log_cpuintensive2.json,2025-08-05T20:22:42.964644
swdisable_memoryintensive_w6_2.json,2025-12-26T08:14:46.655822
mlp.json,2025-11-22T09:55:19.014032
swdisable_memoryintensive_w10_3.json,2025-12-28T07:41:10.449931
swenable_memoryintensive_w6_1.json,2025-12-26T07:35:13.245559
swdisable_mixed_w10_1.json,2026-01-03T18:39:38.052466
swenable_memoryintensive_w12_3.json,2025-12-28T15:19:08.294031
mlpdisable_memoryintensive2.json,2026-02-16T23:29:03.225707
swdisable_cpuintensive_w10_1.json,2025-12-28T08:53:17.220552
baseline_log_cpuintensive3.json,2025-08-08T08:27:16.466795
swenable_memoryintensive_w6_2.json,2025-12-26T07:56:45.302420
baseline_log_memoryintensive.json,2025-08-05T17:10:06.285877
swenable_cpuintensive_w14_3.json,2025-12-28T15:43:16.325817
swenable_cpuintensive_w12_2.json,2025-12-28T14:25:37.022753
swdisable_mixed_w4_1.json,2026-01-03T08:06:04.059897
swenable_memoryintensive5.json,2025-12-11T12:52:42.607613
swenable_cpuintensive6.json,2025-12-11T15:09:42.788841
swdisable_memoryintensive_w14_3.json,2025-12-28T16:05:22.767214
dvfs_log_cpuintensive2.json,2025-08-05T20:25:17.401749
swdisable_memoryintensive_w14_3.json,2025-12-28T16:06:35.934341
swdisable_memoryintensive_w12_3.json,2025-12-28T15:05:40.367989
baseline_log_memoryintensive2.json,2025-08-05T19:23:58.347019
dvfs_log_memoryintensive.json,2025-08-05T16:49:48.405160
dvfs_log_cpuintensive3.json,2025-08-08T08:20:19.966506
swdisable_cpuintensive_4_3.json,2025-12-24T08:07:44.510800
baseline_log_memoryintensive3.json,2025-08-08T08:39:21.774831
swenable_memoryintensive_w6_1.json,2025-12-26T07:31:31.777624
SW-disable_cpuintensive3.json,2025-12-10T23:19:08.153017
swenable_memoryintensive_w12_3.json,2025-12-28T15:20:01.073216
swdisable_mixed_w6_2.json,2026-01-03T08:39:04.683860
SWdisable_memoryintensive3.json,2025-12-11T06:01:59.395878
mlp.json,2025-11-22T09:50:12.219174
swenable_mixed_w10_2.json,2026-01-03T19:03:37.686189
mlpenable_mixed1.json,2026-02-16T23:13:37.741376
swdisable_mixed_w4_1.json,2026-01-03T08:07:31.871650
swenable_cpuintensive_w12_3.json,2025-12-28T15:09:51.122167
swdisable_memoryintensive_w12_1.json,2025-12-28T13:17:28.088887
mlpdisable_memoryintensive3.json,2026-02-16T23:50:55.196799
baseline_log_memoryintensive.json,2025-08-05T17:09:21.254423
swenable_memoryintensive_w10_3.json,2025-12-28T07:25:08.696350
swdisable_cpuintensive_w14_2.json,2025-12-28T19:40:12.853176
mlpenable_cpuintensive2.json,2026-02-16T22:55:03.024341
mlenable_memoryintensive2.json,2026-02-16T23:08:43.938986
swenable_cpuintensive_w10_1.json,2025-12-28T08:40:03.822321
mlp.json,2025-11-22T10:11:37.635822
swdisable_cpuintensive_w10_1.json,2025-12-28T08:56:32.116044
swdisable_cpuintensive_w10_3.json,2025-12-28T07:33:09.648392
dvfs_log_cpuintensive2.json,2025-08-05T20:23:50.427425
swenable_cpuintensive_w10_1.json,2025-12-28T08:42:33.058943
swenable_mixed_w4_2.json,2026-01-03T08:33:34.838813
swenable_memoryintensive8.json,2025-12-11T21:41:43.949091
swenable_memoryintensive_w4_2.json,2025-12-25T08:37:45.227154
swdisable_memoryintensive_w6_2.json,2025-12-26T08:15:59.107299
swenable_cpuintensive_w4_3.json,2025-12-24T08:00:43.516469
swdisable_memoryintensive_w12_3.json,2025-12-28T15:04:21.229317
swenable_cpuintensive_w10_3.json,2025-12-28T07:11:57.609369
dvfs_log_cpuintensive2.json,2025-08-05T20:24:25.908966
swenable_memoryintensive_w10_2.json,2025-12-28T08:29:15.321486
swenable_memoryintensive_w14_3.json,2025-12-28T15:49:55.843398
mlpenable_memoryintensive3.json,2026-02-17T00:11:51.357131
SWdisable_memoryintensive2.json,2025-11-25T07:53:02.068800
swenable_cpuintensive_w14_1.json,2025-12-28T21:01:34.467023
SWenable_memoryintensive4.json,2025-12-11T08:56:59.779633
swdisable_mixed_w12_1.json,2026-01-03T20:11:10.504162
swdisable_memoryintensive_w14_3.json,2025-12-28T16:03:02.546571
swdisable_mixed_w10_1.json,2026-01-03T18:41:10.179219
swdisable_memoryintensive5.json,2025-12-11T12:45:22.413516
swdisable_cpuintensive_w4_1.json,2025-12-24T07:08:57.516887
SWdisable_cpuintensive.json,2025-11-25T02:51:52.570369
swdisable_memoryintensive5.json,2025-12-11T12:45:32.243157
swdisable_cpuintensive_w14_2.json,2025-12-28T19:37:59.574020
swenable_mixed_w14_2.json,2026-01-03T21:05:01.486811
swenable_memoryintensive_w4_3.json,2025-12-25T09:06:22.426940
SWenable_cpuintensive4.json,2025-12-11T07:00:25.527576
swdisable_mixed_w10_1.json,2026-01-03T18:41:19.827240
swenable_cpuintensive_w12_1.json,2025-12-28T13:22:52.387620
swdisable_mixed_w8_1.json,2026-01-03T11:07:36.468947
swdisable_memoryintensive_w12_2.json,2025-12-28T14:48:14.376128
mlpdisable_memoryintensive3.json,2026-02-16T23:51:38.756356
swenable_mixed_w10_2.json,2026-01-03T19:02:15.252364
swdisable_cpuintensive_w14_2.json,2025-12-28T19:39:00.108445
swenable_mixed_w8_2.json,2026-01-03T10:40:27.397819
swenable_cpuintensive7.json,2025-12-11T17:43:54.636597
SWdisable_memoryintensive2.json,2025-11-25T07:55:50.248831
SW-disable_cpuintensive3.json,2025-12-10T23:17:55.127330
SWenable_memoryintensive4.json,2025-12-11T09:00:38.001701
swenable_cpuintensive_w6_2.json,2025-12-26T07:49:21.265457
swdisable_memoryintensive_w10_1.json,2025-12-28T09:03:47.964157
mlp.json,2025-11-22T09:54:13.696634
mlp.json,2025-11-22T10:04:34.273591
swenable_memoryintensive_w12_1.json,2025-12-28T13:33:15.409195
mlp.json,2025-11-22T09:52:36.543908
swenable_mixed_w10_2.json,2026-01-03T19:01:36.396834
SW-disable_cpuintensive3.json,2025-12-10T23:19:42.437319
mlpdisable_cpuintensive.json,2025-11-22T15:27:21.677888
swdisable_memoryintensive_w6_3.json,2025-12-26T08:51:03.738437
mlpenable_cpuintensive.json,2025-11-22T15:09:56.995078
mlpdisable_memoryintensive.json,2025-11-22T23:09:36.151242
mlpenable_cpuintensive.json,2025-11-22T15:09:24.053902
swdisable_cpuintensive_w14_2.json,2025-12-28T19:36:20.062292
swdisable_memoryintensive_w12_2.json,2025-12-28T14:48:58.353120
SW-disable_cpuintensive3.json,2025-12-10T23:17:11.159271
swdisable_cpuintensive_w6_2.json,2025-12-26T08:10:31.982858
baseline_log_cpuintensive2.json,2025-08-05T20:17:55.739560
swenable_cpuintensive_w4_2.json,2025-12-24T07:24:02.974434
swenable_cpuintensive_w10_1.json,2025-12-28T08:38:47.335353
dvfs_log_memoryintensive2.json,2025-08-05T19:33:20.608055
mlp.json,2025-11-22T10:01:10.003831
swenable_mixed_w10_1.json,2026-01-03T18:20:17.263908
mlpdisable_cpuintensive.json,2025-11-22T15:29:53.041616
swenable_memoryintensive_w12_3.json,2025-12-28T15:18:05.937844
swdisable_cpuintensive6.json,2025-12-11T13:25:08.864372
swdisable_mixed_w14_2.json,2026-01-03T20:57:29.872357
baseline_log_cpuintensive.json,2025-07-31T22:58:35.581891
swdisable_cpuintensive6.json,2025-12-11T13:23:48.643658
mlpdisable_cpuintensive3.json,2026-02-16T23:45:06.068794
SWenable_memoryintensive4.json,2025-12-11T08:56:49.327111
mlpdisable_cpuintensive2.json,2026-02-16T23:21:43.434792
swenable_cpuintensive_w14_1.json,2025-12-28T20:58:44.990573
mlpdisable_memoryintensive.json,2025-11-22T23:09:03.946867
swenable_cpuintensive_w12_2.json,2025-12-28T14:24:01.636170
mlpenable_cpuintensive.json,2025-11-22T15:07:23.064440
swdisable_mixed_w12_2.json,2026-01-03T19:23:27.836882
swdisable_mixed_w4_1.json,2026-01-03T08:02:54.694491
swenable_memoryintensive_w10_2.json,2025-12-28T08:27:40.902058
swdisable_mixed_w6_2.json,2026-01-03T08:38:30.514862
swenable_cpuintensive_w6_3.json,2025-12-26T08:59:53.719042
SWenable_cpuintensive4.json,2025-12-11T07:02:14.678469
swdisable_cpuintensive_w14_2.json,2025-12-28T19:36:24.951301
baseline_log_memoryintensive2.json,2025-08-05T19:25:41.888983
swenable_mixed_w4_2.json,2026-01-03T08:33:11.966950
swenable_mixed_w14_1.json,2026-01-03T20:39:58.009971
mlpdisable_cpuintensive.json,2025-11-22T15:30:49.443896
swdisable_cpuintensive_w10_1.json,2025-12-28T08:54:05.729991
SWenable_memoryintensive3.json,2025-12-11T06:08:46.933248
swenable_memoryintensive_w6_1.json,2025-12-26T07:31:05.426297
swenable_memoryintensive_w14_2.json,2025-12-28T19:57:57.211855
swdisable_cpuintensive_w10_3.json,2025-12-28T07:32:31.570253
swenable_mixed_w14_2.json,2026-01-03T21:01:20.731114
swenable_cpuintensive_w14_3.json,2025-12-28T15:38:44.995562
mlpenable_mixed2.json,2026-02-17T00:15:14.386899
mlp.json,2025-11-22T10:22:07.984449
dvfs_log_cpuIntensive.json,2025-07-31T23:56:30.098379
SWdisable_memoryintensive3.json,2025-12-11T06:02:47.638852
SWenable_memoryintensive.json,2025-11-25T02:29:45.986029
baseline_log_memoryintensive.json,2025-08-05T17:13:41.832469
mlpenable_mixed2.json,2026-02-17T00:14:09.502074
swenable_mixed_w6_2.json,2026-01-06T21:29:19.953571
baseline_log_memoryintensive2.json,2025-08-05T19:22:53.580119
SWenable_memoryintensive2.json,2025-11-25T08:01:24.459541
swenable_cpuintensive_w4_3.json,2025-12-24T07:59:00.556990
SWenable_memoryintensive4.json,2025-12-11T09:00:17.229588
swenable_memoryintensive_w10_3.json,2025-12-28T07:26:28.159470
swenable_memoryintensive_w10_3.json,2025-12-28T07:27:02.229049
swdisable_cpuintensive_w10_3.json,2025-12-28T07:34:30.787297
dvfs_log_cpuIntensive.json,2025-07-31T23:57:13.500763
dvfs_log_cpuintensive2.json,2025-08-05T20:23:05.420404
swdisable_cpuintensive_w4_2.json,2025-12-24T07:15:07.048037
mlpdisable_memoryintensive3.json,2026-02-16T23:50:26.182988
swenable_memoryintensive_w12_3.json,2025-12-28T15:20:17.789049
baseline_log_memoryintensive.json,2025-08-05T17:12:37.529562
swenable_mixed_w12_1.json,2026-01-03T20:17:20.542111
SWdisable_memoryintensive4.json,2025-12-11T09:06:53.029030
mlpdisable_mixed1.json,2026-02-16T23:35:56.763106
swenable_memoryintensive8.json,2025-12-11T21:42:57.861315
swenable_cpuintensive_w6_3.json,2025-12-26T08:57:37.777859
swenable_mixed_w8_2.json,2026-01-03T10:40:47.096561
swenable_memoryintensive_w12_2.json,2025-12-28T14:31:51.756877
swdisable_cpuintensive_w6_3.json,2025-12-26T08:39:38.901510
swdisable_memoryintensive_w12_2.json,2025-12-28T14:45:23.748869
mlpdisable_mixed1.json,2026-02-16T23:36:06.546238
swdisable_memoryintensive_w6_1.json,2025-12-26T07:15:56.025356
swenable_mixed_w4_1.json,2026-01-03T07:54:17.377660
SWenable_cpuintensive4.json,2025-12-11T06:59:29.920910
swdisable_memoryintensive_w10_3.json,2025-12-28T07:43:14.357023
swenable_memoryintensive_w14_3.json,2025-12-28T15:50:26.342281
mlpdisable_mixed2.json,2026-02-16T23:57:16.277347
mlpenable_mixed1.json,2026-02-16T23:15:10.096682
mlp.json,2025-11-22T09:53:59.644143
swenable_mixed_w14_2.json,2026-01-03T21:00:52.789582
baseline_log_memoryintensive.json,2025-08-05T17:11:33.185608
swenable_mixed_w14_2.json,2026-01-03T21:04:49.721167
swdisable_memoryintensive_w6_2.json,2025-12-26T08:16:28.219167
swdisable_mixed_w12_2.json,2026-01-03T19:22:37.802077
swdisable_memoryintensive_w14_2.json,2025-12-28T19:45:30.122805
swenable_memoryintensive7.json,2025-12-11T20:49:59.661119
swenable_memoryintensive_w4_2.json,2025-12-25T08:41:41.528379
swenable_memoryintensive_w10_1.json,2025-12-28T08:47:03.435495
swdisable_mixed_w12_2.json,2026-01-03T19:21:38.504751
swdisable_memoryintensive6.json,2025-12-11T15:39:58.397253
swdisable_cpuintensive_w14_2.json,2025-12-28T19:39:46.870678
dvfs_log_memoryintensive.json,2025-08-05T16:50:49.475236
SWenable_memoryintensive4.json,2025-12-11T08:59:00.884118
swdisable_cpuintensive_w6_1.json,2025-12-26T07:07:50.580423
swdisable_cpuintensive_4_3.json,2025-12-24T08:07:20.240857
swenable_cpuintensive_w10_3.json,2025-12-28T07:11:24.413878
swenable_memoryintensive_w6_3.json,2025-12-26T09:05:00.722855
swenable_memoryintensive_w4_3.json,2025-12-25T09:08:39.325069
swenable_memoryintensive_w12_3.json,2025-12-28T15:21:24.643336
swdisable_cpuintensive_w10_2.json,2025-12-28T07:58:41.399457
swdisable_mixed_w4_1.json,2026-01-03T08:03:53.116708
mlpenable_cpuintensive3.json,2026-02-17T00:03:42.318765
swdisable_mixed_w12_2.json,2026-01-03T19:22:08.175168
mlp.json,2025-11-22T09:59:05.443884
swenable_mixed_w8_1.json,2026-01-06T21:12:23.646017
swdisable_memoryintensive_w12_2.json,2025-12-28T14:47:49.779553
swdisable_mixed_w6_2.json,2026-01-03T08:40:07.910077
swenable_cpuintensive_w4_2.json,2025-12-24T07:21:43.302592
swdisable_cpuintensive6.json,2025-12-11T13:25:48.142574
